"lga_id","num_existing_schools","num_existing_classrooms","total_teachers","primary_js","improved_functional_water_numerator","improved_functional_water_denominator","improved_functional_water_percent","improved_sanitation_numerator","improved_sanitation_denominator","improved_sanitation_percent","phcn_electricity_numerator","phcn_electricity_denominator","phcn_electricity_percent","num_classrm_w_chalkboard_numerator","num_classrm_w_chalkboard_denominator","num_classrm_w_chalkboard_percent","num_tchrs_with_nce_numerator","num_tchrs_with_nce_denominator","num_tchrs_with_nce_percent","lga","state","zone","unique_lga","pop_2006"
1,NA,NA,NA,NA,NA,NA,NA,NA,NA,NA,NA,NA,NA,NA,NA,NA,NA,NA,NA,"Abadam","Borno","Northeast","borno_abadam",100180
2,87,890,1209,82,33,85,39,47,85,55,12,85,14,13,890,1,842,1209,70,"Abaji","FCT","North-Central","fct_abaji",58444
3,46,602,1057,41,15,46,33,28,46,61,10,46,22,182,602,30,763,1057,72,"Abak","Akwa Ibom","South-South","akwa_ibom_abak",139090
4,51,676,1026,49,20,50,40,28,51,55,14,51,27,1378,676,204,645,1026,63,"Abakaliki","Ebonyi","Southeast","ebonyi_abakaliki",151723
5,75,3019,2001,70,52,74,70,58,75,77,34,75,45,481,3019,16,952,2001,48,"Aba North","Abia","Southeast","abia_aba_north",107488
6,53,882,1006,52,15,52,29,21,53,40,29,53,55,212,882,24,447,1006,44,"Aba South","Abia","Southeast","abia_aba_south",423852
7,147,1639,3012,126,25,92,27,109,147,74,86,147,59,1408,1639,86,2008,3012,67,"Abeokuta North","Ogun","Southwest","ogun_abeokuta_north",201329
8,111,1491,2663,82,22,85,26,77,111,69,73,111,66,1008,1491,68,1636,2663,61,"Abeokuta South","Ogun","Southwest","ogun_abeokuta_south",250278
9,76,2688,1210,72,28,68,41,31,76,41,31,76,41,418,2688,16,666,1210,55,"Abi","Cross River","South-South","cross_river_abi",144802
10,97,1041,1137,86,29,95,31,71,97,73,40,97,41,320,1041,31,553,1137,49,"Aboh Mbaise","Imo","Southeast","imo_aboh_mbaise",195652
11,68,499,627,50,9,67,13,13,68,19,15,68,22,292,499,59,276,627,44,"Abua Odual","Rivers","South-South","rivers_abua_odual",282988
12,112,1821,1467,94,25,112,22,63,112,56,53,112,47,2557,1821,140,894,1467,61,"Adavi","Kogi","North-Central","kogi_adavi",202194
13,96,1027,2032,90,11,85,13,36,96,38,22,96,23,740,1027,72,1117,2032,55,"Ado-Ekiti","Ekiti","Southwest","ekiti_ado_ekiti",308621
14,140,2108,1915,113,27,140,19,45,140,32,28,140,20,546,2108,26,1158,1915,60,"Ado-Odo/Ota","Ogun","Southwest","ogun_ado_odo_ota",526565
15,112,1084,1333,95,18,111,16,53,112,47,31,112,28,853,1084,79,718,1333,54,"Afijio","Oyo","Southwest","oyo_afijio",134173
16,43,1425,535,30,15,41,37,17,42,40,17,42,40,192,1425,13,297,535,56,"Afikpo North","Ebonyi","Southeast","ebonyi_afikpo_north",156611
17,65,724,610,62,4,65,6,24,65,37,4,65,6,0,724,0,319,610,52,"Afikpo South","Ebonyi","Southeast","ebonyi_afikpo_south",157072
18,167,807,1763,158,25,164,15,22,167,13,26,167,16,551,807,68,704,1763,40,"Agaie","Niger","North-Central","niger_agaie",132907
19,102,777,943,81,3,102,3,21,102,21,2,102,2,307,777,40,772,943,82,"Agatu","Benue","North-Central","benue_agatu",115523
20,66,3325,342,60,17,64,27,11,65,17,0,65,0,3184,3325,96,160,342,47,"Agwara","Niger","North-Central","niger_agwara",57413
21,88,5270,2121,77,70,80,88,78,88,89,62,88,70,930,5270,18,1032,2121,49,"Agege","Lagos","Southwest","lagos_agege",459939
22,159,2398,1898,147,17,156,11,103,159,65,80,159,50,940,2398,39,962,1898,51,"Aguata","Anambra","Southeast","anambra_aguata",370172
23,95,940,1170,84,18,90,20,61,95,64,49,95,52,357,940,38,560,1170,48,"Ahiazu-Mbaise","Imo","Southeast","imo_ahiazu_mbaise",170902
24,68,1477,706,51,28,65,43,35,68,51,28,68,41,3270,1477,221,395,706,56,"Ahoada East","Rivers","South-South","rivers_ahoada_east",166747
25,97,1606,637,74,25,89,28,20,97,21,16,97,16,1426,1606,89,327,637,51,"Ahoada West","Rivers","South-South","rivers_ahoada_west",249425
26,65,597,633,65,9,65,14,38,65,58,8,65,12,0,597,0,364,633,58,"Ajaokuta","Kogi","North-Central","kogi_ajaokuta",122321
27,154,1493,1938,112,77,147,52,104,154,68,136,154,88,1431,1493,96,660,1938,34,"Ajeromi-Ifelodun","Lagos","Southwest","lagos_ajeromi_ifelodun",684105
28,101,1435,592,95,25,92,27,44,101,44,26,101,26,238,1435,17,211,592,36,"Ajingi","Kano","Northwest","kano_ajingi",174137
29,59,584,910,54,6,54,11,27,59,46,9,59,15,327,584,56,548,910,60,"Akamkpa","Cross River","South-South","cross_river_akamkpa",151125
30,118,2709,1075,109,25,116,22,30,118,25,19,118,16,566,2709,21,701,1075,65,"Akinyele","Oyo","Southwest","oyo_akinyele",211359
31,251,1453,2418,251,47,232,20,135,251,54,35,251,14,2,1453,0,977,2418,40,"Akko","Gombe","Northeast","gombe_akko",337853
32,66,1630,763,60,7,63,11,13,66,20,31,66,47,1331,1630,82,579,763,76,"Akoko-Edo","Edo","South-South","edo_akoko_edo",262110
33,114,1410,1575,112,27,111,24,78,107,73,47,113,42,0,1410,0,960,1575,61,"Akoko North East","Ondo","Southwest","ondo_akoko_north_east",175409
34,96,1059,1470,83,0,70,0,48,96,50,53,96,55,0,1059,0,0,1470,0,"Akoko North West","Ondo","Southwest","ondo_akoko_north_west",213792
35,88,1014,1495,84,17,87,20,45,88,51,33,88,38,666,1014,66,873,1495,58,"Akoko South West","Ondo","Southwest","ondo_akoko_south_west",229486
36,40,504,509,39,8,39,21,23,40,58,14,40,35,400,504,79,309,509,61,"Akoko South East","Ondo","Southwest","ondo_akoko_south_east",82426
37,30,1295,506,29,12,27,44,20,30,67,7,30,23,127,1295,10,226,506,45,"Akpabuyo","Cross River","South-South","cross_river_akpabuyo",271395
38,30,260,267,30,7,27,26,9,30,30,8,30,27,0,260,0,120,267,45,"Akuku Toru","Rivers","South-South","rivers_akuku_toru",156006
39,68,757,1120,61,12,67,18,30,68,44,16,68,24,642,757,85,566,1120,51,"Akure North","Ondo","Southwest","ondo_akure_north",131587
40,133,4947,3384,124,36,130,28,68,133,51,61,133,46,3752,4947,76,1774,3384,52,"Akure South","Ondo","Southwest","ondo_akure_south",353211
41,102,764,1368,102,13,99,13,22,102,22,1,102,1,5,764,1,930,1368,68,"Akwanga","Nasarawa","North-Central","nasarawa_akwanga",113430
42,121,2601,970,116,48,121,40,47,121,39,13,121,11,1427,2601,55,290,970,30,"Albasu","Kano","Northwest","kano_albasu",190153
43,37,391,294,31,12,33,36,25,37,68,10,37,27,216,391,55,170,294,58,"Aliero","Kebbi","Northwest","kebbi_aliero",65972
44,159,3842,4037,116,105,157,67,132,159,83,98,159,62,2449,3842,64,1285,4037,32,"Alimosho","Lagos","Southwest","lagos_alimosho",1277714
45,115,455,620,86,24,112,21,38,113,34,2,113,2,239,455,53,375,620,60,"Alkaleri","Bauchi","Northeast","bauchi_alkaleri",329424
46,103,1142,1276,73,64,98,65,84,103,82,53,103,51,967,1142,85,365,1276,29,"Amuwo-Odofin","Lagos","Southwest","lagos_amuwo_odofin",318166
47,28,267,281,27,9,28,32,19,28,68,2,28,7,57,267,21,146,281,52,"Anambra East","Anambra","Southeast","anambra_anambra_east",153331
48,77,639,417,76,18,77,23,21,77,27,0,77,0,0,639,0,233,417,56,"Anambra West","Anambra","Southeast","anambra_anambra_west",167416
49,77,1920,1012,73,24,76,32,51,77,66,41,77,53,433,1920,23,441,1012,44,"Anaocha","Anambra","Southeast","anambra_anaocha",285002
50,90,2514,516,69,1,90,1,8,90,9,1,90,1,3164,2514,126,302,516,59,"Andoni","Rivers","South-South","rivers_andoni",211009
51,56,1518,575,56,8,56,14,18,56,32,4,56,7,0,1518,0,450,575,78,"Aninri","Enugu","Southeast","enugu_aninri",133723
52,80,897,1445,74,4,76,5,48,80,60,37,80,46,626,897,70,835,1445,58,"Aniocha North","Delta","South-South","delta_aniocha_north",104711
53,113,3121,1509,109,13,112,12,60,113,53,11,113,10,800,3121,26,901,1509,60,"Aniocha South","Delta","South-South","delta_aniocha_south",140604
54,67,3287,378,64,15,64,23,22,64,34,3,64,5,240,3287,7,133,378,35,"Anka","Zamfara","Northwest","zamfara_anka",142280
55,126,751,1176,101,6,126,5,28,126,22,6,126,5,384,751,51,892,1176,76,"Ankpa","Kogi","North-Central","kogi_ankpa",267353
56,153,3079,1261,124,1,153,1,29,153,19,13,153,8,348,3079,11,952,1261,75,"Apa","Benue","North-Central","benue_apa",96765
57,105,1094,1400,85,43,74,58,79,105,75,76,105,72,960,1094,88,563,1400,40,"Apapa","Lagos","Southwest","lagos_apapa",217362
58,109,891,744,109,24,109,22,22,109,20,6,109,6,0,891,0,507,744,68,"Ado","Benue","North-Central","benue_ado",178882
59,42,191,385,35,18,42,43,15,42,36,0,42,0,153,191,80,239,385,62,"Ardo-Kola","Taraba","Northeast","taraba_ardo_kola",86921
60,104,2605,1082,100,47,102,46,53,104,51,5,104,5,496,2605,19,526,1082,49,"Arewa-Dandi","Kebbi","Northwest","kebbi_arewa_dandi",184030
61,77,659,1337,71,43,76,57,46,77,60,15,77,19,563,659,85,876,1337,66,"Argungu","Kebbi","Northwest","kebbi_argungu",195484
62,45,444,553,42,7,44,16,20,45,44,20,45,44,177,444,40,328,553,59,"Arochukwu","Abia","Southeast","abia_arochukwu",170206
63,190,867,2244,186,92,185,50,62,188,33,24,188,13,0,867,0,1303,2244,58,"Asa","Kwara","North-Central","kwara_asa",126435
64,52,3336,351,32,13,41,32,12,52,23,19,52,37,3205,3336,96,189,351,54,"Asari Toru","Rivers","South-South","rivers_asari_toru",220100
65,83,599,1333,67,1,83,1,16,83,19,2,83,2,358,599,60,1029,1333,77,"Askira/Uba","Borno","Northeast","borno_askira_uba",138091
66,72,680,448,72,10,72,14,23,72,32,3,72,4,0,680,0,252,448,56,"Atakunmosa East","Osun","Southwest","osun_atakunmosa_east",76197
67,79,2661,511,69,9,79,11,28,79,35,21,79,27,334,2661,13,308,511,60,"Atakunmosa West","Osun","Southwest","osun_atakunmosa_west",68643
68,123,1067,1798,97,18,115,16,48,123,39,41,123,33,821,1067,77,984,1798,55,"Atiba","Oyo","Southwest","oyo_atiba",169702
69,82,712,880,75,5,80,6,24,82,29,13,82,16,550,712,77,590,880,67,"Atisbo","Oyo","Southwest","oyo_atisbo",110792
70,62,422,539,59,12,62,19,16,62,26,10,62,16,0,422,0,242,539,45,"Augie","Kebbi","Northwest","kebbi_augie",117287
71,58,305,543,53,18,47,38,31,58,53,7,58,12,288,305,94,267,543,49,"Auyo","Jigawa","Northwest","jigawa_auyo",132001
72,104,671,997,95,17,103,17,18,104,17,1,104,1,502,671,75,469,997,47,"Awe","Nasarawa","North-Central","nasarawa_awe",112574
73,91,3633,895,82,7,82,9,28,84,33,26,84,31,1240,3633,34,457,895,51,"Awgu","Enugu","Southeast","enugu_awgu",198134
74,58,555,556,57,20,58,34,29,58,50,8,58,14,0,555,0,229,556,41,"Awka North","Anambra","Southeast","anambra_awka_north",112608
75,76,3836,1131,74,48,74,65,59,76,78,38,76,50,1528,3836,40,504,1131,45,"Awka South","Anambra","Southeast","anambra_awka_south",189049
76,77,2591,513,63,3,70,4,31,72,43,0,72,0,207,2591,8,260,513,51,"Ayamelum","Anambra","Southeast","anambra_ayamelum",158410
77,103,927,1024,94,23,91,25,41,103,40,30,103,29,792,927,85,688,1024,67,"Ayedaade","Osun","Southwest","osun_ayedaade",150392
78,63,626,576,54,10,62,16,29,63,46,15,63,24,480,626,77,378,576,66,"Ayedire","Osun","Southwest","osun_ayedire",75846
79,78,2406,430,67,40,76,53,28,78,36,5,78,6,2290,2406,95,209,430,49,"Babura","Jigawa","Northwest","jigawa_babura",208101
80,118,1476,1844,88,70,114,61,81,118,69,56,118,47,997,1476,68,697,1844,38,"Badagry","Lagos","Southwest","lagos_badagry",241093
81,46,11255,413,44,5,43,12,15,44,34,6,44,14,214,11255,2,153,413,37,"Bagudo","Kebbi","Northwest","kebbi_bagudo",237817
82,57,354,695,49,15,47,32,26,57,46,9,57,16,280,354,79,245,695,35,"Bagwai","Kano","Northwest","kano_bagwai",162847
83,3,28,38,3,3,3,100,3,3,100,3,3,100,20,28,71,4,38,11,"Bakassi","Cross River","South-South","cross_river_bakassi",32385
84,152,1213,1239,127,14,151,9,25,152,16,3,152,2,1733,1213,143,931,1239,75,"Bokkos","Plateau","North-Central","plateau_bokkos",178454
85,105,3539,754,77,37,87,43,52,89,58,22,89,25,2483,3539,70,380,754,50,"Bakori","Katsina","Northwest","katsina_bakori",149371
86,65,297,337,49,9,54,17,35,54,65,11,54,20,237,297,80,175,337,52,"Bakura","Zamfara","Northwest","zamfara_bakura",186905
87,163,1128,1773,162,27,156,17,43,163,26,1,163,1,0,1128,0,760,1773,43,"Balanga","Gombe","Northeast","gombe_balanga",212549
88,110,609,955,109,27,106,25,33,109,30,0,109,0,0,609,0,590,955,62,"Bali","Taraba","Northeast","taraba_bali",208935
89,57,429,848,47,26,52,50,33,57,58,5,57,9,350,429,82,539,848,64,"Bama","Borno","Northeast","borno_bama",269986
90,57,391,1132,45,31,53,58,29,57,51,10,57,18,356,391,91,714,1132,63,"Barde","Yobe","Northeast","yobe_barde",139782
91,173,5094,1342,162,26,170,15,32,173,18,28,173,16,1574,5094,31,864,1342,64,"Barkin-Ladi","Plateau","North-Central","plateau_barkin_ladi",175267
92,162,946,1129,150,39,162,24,70,162,43,2,162,1,337,946,36,780,1129,69,"Baruten","Kwara","North-Central","kwara_baruten",209459
93,37,200,178,35,2,37,5,6,37,16,0,37,0,157,200,78,165,178,93,"Bassa","Kogi","North-Central","kogi_bassa",139993
94,132,5898,1158,124,15,131,11,26,132,20,28,132,21,2522,5898,43,728,1158,63,"Bassa","Plateau","North-Central","plateau_bassa",186859
95,69,561,620,68,3,60,5,50,69,72,10,69,14,515,561,92,351,620,57,"Batagarawa","Katsina","Northwest","katsina_batagarawa",184575
96,124,666,691,104,9,123,7,63,124,51,5,124,4,428,666,64,258,691,37,"Batsari","Katsina","Northwest","katsina_batsari",208978
97,92,1127,2592,64,26,87,30,64,92,70,42,92,46,1841,1127,163,1589,2592,61,"Bauchi","Bauchi","Northeast","bauchi_bauchi",493810
98,76,448,569,70,15,66,23,34,76,45,11,76,14,1316,448,294,173,569,30,"Baure","Katsina","Northwest","katsina_baure",197425
99,47,201,358,39,9,47,19,24,47,51,3,47,6,147,201,73,219,358,61,"Bayo","Borno","Northeast","borno_bayo",78978
100,119,1633,855,103,10,114,9,37,119,31,29,119,24,385,1633,24,380,855,44,"Bebeji","Kano","Northwest","kano_bebeji",188859
101,94,840,1037,91,17,93,18,42,94,45,13,94,14,432,840,51,610,1037,59,"Bekwara","Cross River","South-South","cross_river_bekwara",105822
102,116,1004,1165,108,13,114,11,59,116,51,34,116,29,417,1004,42,723,1165,62,"Bende","Abia","Southeast","abia_bende",192111
103,83,688,1179,74,7,79,9,26,83,31,11,83,13,225,688,33,670,1179,57,"Biase","Cross River","South-South","cross_river_biase",169183
104,167,2041,1320,144,34,130,26,85,167,51,52,167,31,1751,2041,86,682,1320,52,"Bichi","Kano","Northwest","kano_bichi",277099
105,78,771,1969,67,42,77,55,50,78,64,47,78,60,556,771,72,1066,1969,54,"Bida","Niger","North-Central","niger_bida",188181
106,69,401,728,63,12,69,17,21,69,30,3,69,4,250,401,62,392,728,54,"Billiri","Gombe","Northeast","gombe_billiri",202144
107,54,1336,276,49,18,54,33,41,54,76,2,54,4,212,1336,16,109,276,39,"Bindawa","Katsina","Northwest","katsina_bindawa",152356
108,56,345,238,56,8,56,14,5,56,9,1,56,2,0,345,0,38,238,16,"Binji","Sokoto","Northwest","sokoto_binji",105027
109,70,398,400,61,44,68,65,44,70,63,4,70,6,363,398,91,195,400,49,"Biriniwa","Jigawa","Northwest","jigawa_biriniwa",142329
110,169,1063,1123,166,31,159,19,75,168,45,18,168,11,0,1063,0,644,1123,57,"Birnin Gwari","Kaduna","Northwest","kaduna_birnin_gwari",252363
111,98,1892,1613,89,33,86,38,58,98,59,48,98,49,757,1892,40,709,1613,44,"Birnin-Kebbi","Kebbi","Northwest","kebbi_birnin_kebbi",268420
112,24,176,173,18,8,20,40,19,24,79,2,24,8,156,176,89,62,173,36,"Birnin-Kudu","Jigawa","Northwest","jigawa_birnin_kudu",313373
113,78,378,565,73,12,78,15,22,78,28,1,78,1,203,378,54,202,565,36,"Birnin-Magaji","Zamfara","Northwest","zamfara_birnin_magaji",178619
114,43,275,979,29,12,42,29,19,43,44,15,43,35,232,275,84,620,979,63,"Biu","Borno","Northeast","borno_biu",176072
115,72,517,828,70,16,68,24,24,72,33,19,72,26,359,517,69,315,828,38,"Bodinga","Sokoto","Northwest","sokoto_bodinga",175406
116,102,519,686,82,41,101,41,15,101,15,2,101,2,295,519,57,567,686,83,"Bogoro","Bauchi","Northeast","bauchi_bogoro",84215
117,125,1315,1199,124,29,125,23,34,125,27,1,125,1,0,1315,0,849,1199,71,"Boki","Cross River","South-South","cross_river_boki",186141
118,47,2426,247,46,13,47,28,33,47,70,17,47,36,386,2426,16,140,247,57,"Boluwaduro","Osun","Southwest","osun_boluwaduro",70775
119,41,440,525,33,10,37,27,17,41,41,19,41,46,223,440,51,214,525,41,"Bomadi","Delta","South-South","delta_bomadi",86644
120,30,215,254,23,1,27,4,6,30,20,13,30,43,130,215,60,125,254,49,"Bonny","Rivers","South-South","rivers_bonny",215358
121,137,3993,1627,122,29,127,23,30,136,22,35,136,26,729,3993,18,825,1627,51,"Borgu","Niger","North-Central","niger_borgu",171965
122,90,3784,833,76,9,90,10,55,90,61,18,90,20,3395,3784,90,516,833,62,"Boripe","Osun","Southwest","osun_boripe",139358
123,57,309,362,53,15,54,28,22,57,39,1,57,2,220,309,71,167,362,46,"Bosari","Yobe","Northeast","yobe_bosari",109124
124,79,606,1701,71,17,72,24,26,79,33,19,79,24,396,606,65,1010,1701,59,"Bosso","Niger","North-Central","niger_bosso",147359
125,57,459,626,56,4,42,10,15,57,26,1,57,2,4,459,1,272,626,43,"Brass","Bayelsa","South-South","bayelsa_brass",185049
126,NA,NA,NA,NA,NA,NA,NA,NA,NA,NA,NA,NA,NA,NA,NA,NA,NA,NA,NA,"Buji","Jigawa","Northwest","jigawa_buji",97371
127,81,433,505,80,16,81,20,21,81,26,1,81,1,2,433,0,256,505,51,"Bukkuyum","Zamfara","Northwest","zamfara_bukkuyum",211633
128,225,1558,1779,180,25,222,11,70,225,31,10,225,4,661,1558,42,1249,1779,70,"Buruku","Benue","North-Central","benue_buruku",203721
129,101,608,1369,89,20,100,20,39,101,39,13,101,13,457,608,75,671,1369,49,"Bungudu","Zamfara","Northwest","zamfara_bungudu",257917
130,136,652,872,127,34,135,25,61,136,45,25,136,18,432,652,66,386,872,44,"Bunkure","Kano","Northwest","kano_bunkure",170891
131,82,545,564,74,22,82,27,29,82,35,14,82,17,0,545,0,284,564,50,"Bunza","Kebbi","Northwest","kebbi_bunza",121461
132,79,762,814,77,6,76,8,14,79,18,17,79,22,413,762,54,408,814,50,"Burutu","Delta","South-South","delta_burutu",209666
133,96,1107,1980,94,26,82,32,78,96,81,43,96,45,0,1107,0,1312,1980,66,"Bwari","FCT","North-Central","fct_bwari",227216
134,99,2537,2994,94,38,55,69,83,99,84,73,99,74,1202,2537,47,1002,2994,33,"Calabar-Municipal","Cross River","South-South","cross_river_calabar_municipal",179392
135,49,724,1341,47,32,36,89,41,49,84,40,49,82,507,724,70,431,1341,32,"Calabar South","Cross River","South-South","cross_river_calabar_south",191630
136,129,1671,4128,114,41,83,49,100,129,78,99,129,77,1297,1671,78,2553,4128,62,"Chanchaga","Niger","North-Central","niger_chanchaga",201429
137,64,421,472,60,9,59,15,43,64,67,8,64,12,352,421,84,191,472,40,"Charanchi","Katsina","Northwest","katsina_charanchi",137613
138,55,17233,767,53,0,55,0,4,55,7,1,55,2,6128,17233,36,391,767,51,"Chibok","Borno","Northeast","borno_chibok",66105
139,250,1575,2517,218,46,225,20,74,232,32,30,232,13,1080,1575,69,1487,2517,59,"Chikun","Kaduna","Northwest","kaduna_chikun",368250
140,74,1676,989,61,46,67,69,59,69,86,20,69,29,494,1676,29,352,989,36,"Dala","Kano","Northwest","kano_dala",418777
141,20,87,129,20,3,20,15,3,20,15,7,20,35,87,87,100,62,129,48,"Damaturu","Yobe","Northeast","yobe_damaturu",88014
142,111,1468,644,94,19,107,18,59,111,53,34,111,31,406,1468,28,370,644,57,"Damban","Bauchi","Northeast","bauchi_damban",150922
143,137,4721,1379,118,33,131,25,57,137,42,12,137,9,1554,4721,33,460,1379,33,"Dambatta","Kano","Northwest","kano_dambatta",207968
144,114,367,667,110,1,113,1,14,114,12,9,114,8,2296,367,626,335,667,50,"Damboa","Borno","Northeast","borno_damboa",231573
145,46,269,368,45,11,46,24,13,46,28,5,46,11,215,269,80,174,368,47,"Dandi","Kebbi","Northwest","kebbi_dandi",144273
146,119,6715,835,98,11,117,9,43,119,36,30,119,25,1411,6715,21,261,835,31,"Dandume","Katsina","Northwest","katsina_dandume",145739
147,33,230,447,21,10,24,42,8,26,31,10,26,38,160,230,70,161,447,36,"Dange/shuni","Sokoto","Northwest","sokoto_dange_shuni",194546
148,89,477,460,82,13,85,15,58,89,65,11,89,12,378,477,79,236,460,51,"Danja","Katsina","Northwest","katsina_danja",125703
149,108,2576,635,98,26,108,24,53,108,49,14,108,13,5461,2576,212,292,635,46,"Dan-Musa","Katsina","Northwest","katsina_dan_musa",113691
150,59,1334,382,49,8,59,14,17,59,29,6,59,10,1257,1334,94,187,382,49,"Darazo","Bauchi","Northeast","bauchi_darazo",251597
151,26,131,146,15,11,25,44,15,26,58,2,26,8,1091,131,833,104,146,71,"Dass","Bauchi","Northeast","bauchi_dass",89943
152,71,596,1081,65,10,70,14,64,71,90,24,71,34,532,596,89,566,1081,52,"Daura","Katsina","Northwest","katsina_daura",219721
153,183,974,1690,169,39,149,26,64,183,35,50,183,27,571,974,59,648,1690,38,"Dawakin-Kudu","Kano","Northwest","kano_dawakin_kudu",225389
154,112,816,1203,98,32,108,30,78,112,70,14,112,12,549,816,67,614,1203,51,"Dawakin-Tofa","Kano","Northwest","kano_dawakin_tofa",247875
155,53,1347,485,32,9,41,22,12,53,23,12,53,23,195,1347,14,227,485,47,"Degema","Rivers","South-South","rivers_degema",249773
156,157,3953,1566,138,4,149,3,47,157,30,13,157,8,455,3953,12,1202,1566,77,"Dekina","Kogi","North-Central","kogi_dekina",260312
157,88,474,1060,73,13,82,16,17,88,19,7,88,8,270,474,57,600,1060,57,"Demsa","Adamawa","Northeast","adamawa_demsa",180251
158,31,172,354,30,8,31,26,6,31,19,0,31,0,125,172,73,191,354,54,"Dikwa","Borno","Northeast","borno_dikwa",105909
159,127,455,720,117,5,119,4,25,127,20,21,127,17,186,455,41,243,720,34,"Doguwa","Kano","Northwest","kano_doguwa",151181
160,82,1975,1369,62,18,80,22,30,82,37,6,82,7,445,1975,23,829,1369,61,"Doma","Nasarawa","North-Central","nasarawa_doma",139607
161,19,157,225,16,1,18,6,7,19,37,1,19,5,78,157,50,127,225,56,"Donga","Taraba","Northeast","taraba_donga",134111
162,150,698,1067,149,16,147,11,54,150,36,23,150,15,0,698,0,482,1067,45,"Dukku","Gombe","Northeast","gombe_dukku",207190
163,51,780,899,50,17,51,33,38,51,75,25,51,49,165,780,21,374,899,42,"Dunukofia","Anambra","Southeast","anambra_dunukofia",96382
164,45,176,202,43,13,44,30,14,45,31,4,45,9,162,176,92,81,202,40,"Dutse","Jigawa","Northwest","jigawa_dutse",246143
165,32,180,245,31,7,32,22,25,32,78,2,32,6,151,180,84,101,245,41,"Dutsi","Katsina","Northwest","katsina_dutsi",120023
166,63,1476,688,59,10,54,19,52,63,83,9,63,14,384,1476,26,473,688,69,"Dutsin-Ma","Katsina","Northwest","katsina_dutsin_ma",169671
167,20,3157,143,18,1,20,5,5,20,25,3,20,15,58,3157,2,77,143,54,"Eastern-Obolo","Akwa Ibom","South-South","akwa_ibom_eastern_obolo",60543
168,142,2329,1947,107,50,133,38,29,142,20,28,142,20,575,2329,25,1062,1947,55,"Ebonyi","Ebonyi","Southeast","ebonyi_ebonyi",126837
169,98,1377,695,94,11,97,11,23,98,23,1,98,1,319,1377,23,370,695,53,"Edati","Niger","North-Central","niger_edati",160321
170,57,581,796,42,16,40,40,30,57,53,20,57,35,518,581,89,462,796,58,"Ede North","Osun","Southwest","osun_ede_north",83831
171,96,901,920,96,33,71,46,47,96,49,21,96,22,0,901,0,487,920,53,"Ede South","Osun","Southwest","osun_ede_south",76035
172,191,2012,1440,178,13,186,7,22,190,12,42,190,22,751,2012,37,890,1440,62,"Edu","Kwara","North-Central","kwara_edu",201469
173,90,2892,1449,58,26,86,30,50,90,56,47,90,52,525,2892,18,745,1449,51,"Ife-Central","Osun","Southwest","osun_ife_central",167254
174,98,792,1127,77,10,95,11,29,98,30,17,98,17,2622,792,331,776,1127,69,"Ife-East","Osun","Southwest","osun_ife_east",188087
175,88,739,553,79,7,83,8,29,88,33,16,88,18,573,739,78,411,553,74,"Ife-North","Osun","Southwest","osun_ife_north",153694
176,144,7931,896,122,3,143,2,31,144,22,31,144,22,2705,7931,34,462,896,52,"Ife-South","Osun","Southwest","osun_ife_south",135338
177,40,426,642,36,2,39,5,24,40,60,13,40,32,342,426,80,423,642,66,"Efon","Ekiti","Southwest","ekiti_efon",86941
178,95,932,1102,95,5,93,5,40,95,42,14,95,15,0,932,0,965,1102,88,"Egbado North","Ogun","Southwest","ogun_egbado_north",181826
179,79,766,1268,70,18,79,23,41,79,52,27,79,34,313,766,41,846,1268,67,"Egbado South","Ogun","Southwest","ogun_egbado_south",168850
180,97,765,1505,73,14,95,15,46,97,47,35,97,36,603,765,79,733,1505,49,"Egbeda","Oyo","Southwest","oyo_egbeda",281573
181,97,3281,939,82,20,68,29,60,97,62,32,97,33,2708,3281,83,527,939,56,"Egbedore","Osun","Southwest","osun_egbedore",74435
182,61,612,1280,49,37,58,64,49,59,83,35,59,59,515,612,84,680,1280,53,"Egor","Edo","South-South","edo_egor",339899
183,94,805,964,88,22,93,24,56,93,60,19,93,20,336,805,42,485,964,50,"Ehime-Mbano","Imo","Southeast","imo_ehime_mbano",130931
184,133,1190,1198,101,27,129,21,69,133,52,57,133,43,953,1190,80,722,1198,60,"Ejigbo","Osun","Southwest","osun_ejigbo",132641
185,65,405,631,56,4,65,6,5,65,8,5,65,8,198,405,49,317,631,50,"Ekeremor","Bayelsa","South-South","bayelsa_ekeremor",270257
186,52,909,1154,49,25,50,50,45,52,87,24,52,46,638,909,70,567,1154,49,"Eket","Akwa Ibom","South-South","akwa_ibom_eket",172557
187,58,454,548,40,22,58,38,17,58,29,11,58,19,414,454,91,322,548,59,"Ekiti","Kwara","North-Central","kwara_ekiti",54850
188,90,1090,1161,86,10,89,11,44,90,49,14,90,16,0,1090,0,809,1161,70,"Ekiti East","Ekiti","Southwest","ekiti_ekiti_east",137955
189,87,815,1200,77,11,85,13,35,87,40,19,87,22,393,815,48,817,1200,68,"Ekiti South-West","Ekiti","Southwest","ekiti_ekiti_south_west",165277
190,102,1061,1489,83,17,99,17,50,102,49,36,102,35,749,1061,71,1023,1489,69,"Ekiti West","Ekiti","Southwest","ekiti_ekiti_west",179892
191,87,1046,1116,81,33,79,42,72,87,83,54,87,62,332,1046,32,504,1116,45,"Ekwusigo","Anambra","Southeast","anambra_ekwusigo",158231
192,42,406,660,32,24,40,60,24,42,57,23,42,55,319,406,79,232,660,35,"Eleme","Rivers","South-South","rivers_eleme",190884
193,48,366,623,28,19,45,42,20,46,43,16,46,35,236,366,64,181,623,29,"Emuoha","Rivers","South-South","rivers_emuoha",201901
194,59,577,799,57,6,58,10,18,59,31,15,59,25,376,577,65,466,799,58,"Emure","Ekiti","Southwest","ekiti_emure",93884
195,81,4813,1396,79,8,78,10,25,81,31,33,81,41,293,4813,6,804,1396,58,"Enugu East","Enugu","Southeast","enugu_enugu_east",279089
196,110,19156,1980,98,27,79,34,72,110,65,81,110,74,7691,19156,40,801,1980,40,"Enugu North","Enugu","Southeast","enugu_enugu_north",244852
197,76,984,1816,71,6,72,8,46,76,61,44,76,58,404,984,41,841,1816,46,"Enugu South","Enugu","Southeast","enugu_enugu_south",198723
198,106,960,1201,63,72,106,68,55,106,52,46,106,43,832,960,87,455,1201,38,"Epe","Lagos","Southwest","lagos_epe",181409
199,76,2781,859,61,11,75,15,45,76,59,20,76,26,2380,2781,86,572,859,67,"Esan Central","Edo","South-South","edo_esan_central",105310
200,68,735,932,55,12,66,18,41,68,60,29,68,43,384,735,52,576,932,62,"Esan North-East","Edo","South-South","edo_esan_north_east",119346
201,92,1074,947,92,3,90,3,38,91,42,9,91,10,0,1074,0,637,947,67,"Esan South-East","Edo","South-South","edo_esan_south_east",167721
202,51,497,620,48,4,48,8,19,51,37,14,51,27,264,497,53,479,620,77,"Esan West","Edo","South-South","edo_esan_west",125842
203,91,1739,579,83,6,91,7,21,91,23,9,91,10,370,1739,21,390,579,67,"Ese-Odo","Ondo","Southwest","ondo_ese_odo",154978
204,24,339,332,21,6,22,27,17,24,71,11,24,46,182,339,54,227,332,68,"Esit-Eket","Akwa Ibom","South-South","akwa_ibom_esit_eket",63701
205,66,1087,1078,65,12,65,18,51,66,77,14,66,21,562,1087,52,649,1078,60,"Essien Udim","Akwa Ibom","South-South","akwa_ibom_essien_udim",192668
206,92,655,675,88,13,82,16,39,92,42,12,92,13,224,655,34,378,675,56,"Etche","Rivers","South-South","rivers_etche",249454
207,158,1628,2563,154,59,154,38,87,158,55,63,158,40,993,1628,61,1106,2563,43,"Ethiope East","Delta","South-South","delta_ethiope_east",200792
208,109,996,1411,100,21,104,20,52,109,48,22,109,20,13,996,1,826,1411,59,"Ethiope West","Delta","South-South","delta_ethiope_west",203592
209,56,582,746,54,14,56,25,34,56,61,14,56,25,174,582,30,498,746,67,"Etim-Eko","Akwa Ibom","South-South","akwa_ibom_etim_eko",105418
210,35,425,427,31,12,35,34,22,35,63,10,35,29,289,425,68,265,427,62,"Etinan","Akwa Ibom","South-South","akwa_ibom_etinan",169284
211,43,548,703,40,20,37,54,40,43,93,34,43,79,0,548,0,292,703,42,"Eti-osa","Lagos","Southwest","lagos_eti_osa",287785
212,42,295,394,38,4,41,10,15,42,36,18,42,43,176,295,60,273,394,69,"Etsako-Central","Edo","South-South","edo_etsako_central",94575
213,76,710,836,52,10,75,13,25,76,33,21,76,28,297,710,42,555,836,66,"Etsako East","Edo","South-South","edo_etsako_east",145996
214,81,986,1241,80,13,81,16,33,81,41,22,81,27,0,986,0,716,1241,58,"Etsako West","Edo","South-South","edo_etsako_west",197609
215,39,441,645,36,13,37,35,14,39,36,6,39,15,252,441,57,379,645,59,"Etung","Cross River","South-South","cross_river_etung",80196
216,97,689,1031,87,26,86,30,52,97,54,54,97,56,318,689,46,684,1031,66,"Ewekoro","Ogun","Southwest","ogun_ewekoro",55156
217,54,2395,275,54,2,44,5,12,54,22,19,54,35,45,2395,2,210,275,76,"Ezeagu","Enugu","Southeast","enugu_ezeagu",169718
218,92,2929,1084,84,28,89,31,60,92,65,13,92,14,1314,2929,45,519,1084,48,"Ezinihitte","Imo","Southeast","imo_ezinihitte",165593
219,89,5790,1253,81,42,88,48,21,89,24,15,89,17,269,5790,5,692,1253,55,"Ezza North","Ebonyi","Southeast","ebonyi_ezza_north",145619
220,122,1132,1380,101,69,121,57,45,122,37,22,122,18,362,1132,32,976,1380,71,"Ezza South","Ebonyi","Southeast","ebonyi_ezza_south",133205
221,14,228,310,11,10,13,77,10,14,71,7,14,50,116,228,51,175,310,56,"Fagge","Kano","Northwest","kano_fagge",198828
222,49,282,350,46,14,48,29,15,49,31,6,49,12,132,282,47,181,350,52,"Fakai","Kebbi","Northwest","kebbi_fakai",121212
223,101,1715,832,87,20,100,20,51,101,50,7,101,7,464,1715,27,428,832,51,"Faskari","Katsina","Northwest","katsina_faskari",196035
224,113,563,700,103,8,113,7,31,113,27,10,113,9,380,563,67,407,700,58,"Fika","Yobe","Northeast","yobe_fika",136895
225,149,755,994,125,34,148,23,37,149,25,20,149,13,431,755,57,543,994,55,"Fufore","Adamawa","Northeast","adamawa_fufore",207287
226,21,145,376,19,8,19,42,13,21,62,8,21,38,128,145,88,118,376,31,"Funakaye","Gombe","Northeast","gombe_funakaye",236087
227,112,457,668,108,17,110,15,37,112,33,7,112,6,0,457,0,279,668,42,"Fune","Yobe","Northeast","yobe_fune",300760
228,91,1017,1164,81,15,90,17,52,91,57,21,91,23,852,1017,84,614,1164,53,"Funtua","Katsina","Northwest","katsina_funtua",225571
229,89,672,931,89,12,87,14,22,89,25,19,89,21,0,672,0,287,931,31,"Gabasawa","Kano","Northwest","kano_gabasawa",211055
230,99,350,319,84,3,99,3,8,99,8,3,99,3,236,350,67,134,319,42,"Gada","Sokoto","Northwest","sokoto_gada",248267
231,64,284,321,55,27,59,46,20,64,31,6,64,9,234,284,82,192,321,60,"Gagarawa","Jigawa","Northwest","jigawa_gagarawa",80394
232,19,119,139,14,2,13,15,11,19,58,6,19,32,66,119,55,72,139,52,"Gamawa","Bauchi","Northeast","bauchi_gamawa",286388
233,138,667,975,136,43,137,31,38,138,28,5,138,4,0,667,0,447,975,46,"Ganjuwa","Bauchi","Northeast","bauchi_ganjuwa",280468
234,131,846,1314,113,10,129,8,43,131,33,11,131,8,426,846,50,659,1314,50,"Ganaye","Adamawa","Northeast","adamawa_ganaye",164087
235,107,446,633,92,34,98,35,25,107,23,8,107,7,395,446,89,313,633,49,"Garki","Jigawa","Northwest","jigawa_garki",152233
236,119,534,823,112,15,101,15,41,119,34,18,119,15,366,534,69,309,823,38,"Garko","Kano","Northwest","kano_garko",162500
237,56,329,414,55,20,56,36,27,56,48,2,56,4,0,329,0,172,414,42,"Garun Mallam","Kano","Northwest","kano_garun_mallam",116494
238,17,71,69,17,7,15,47,3,17,18,0,17,0,39,71,55,44,69,64,"Gashaka","Taraba","Northeast","taraba_gashaka",87781
239,20,113,210,15,2,20,10,6,20,30,0,20,0,97,113,86,99,210,47,"Gassol","Taraba","Northeast","taraba_gassol",244749
240,139,816,1035,126,40,125,32,45,139,32,22,139,16,389,816,48,310,1035,30,"Gaya","Kano","Northwest","kano_gaya",201016
241,120,784,1273,91,19,118,16,24,120,20,10,120,8,367,784,47,825,1273,65,"Gayuk","Adamawa","Northeast","adamawa_gayuk",177785
242,176,1986,1543,162,36,165,22,71,176,40,50,176,28,664,1986,33,656,1543,43,"Gazewa","Kano","Northwest","kano_gazewa",282069
243,213,738,920,204,44,209,21,37,213,17,22,213,10,558,738,76,482,920,52,"Gbako","Niger","North-Central","niger_gbako",127446
244,167,1544,1834,166,26,166,16,54,167,32,46,167,28,1048,1544,68,1137,1834,62,"Gboko","Benue","North-Central","benue_gboko",358936
245,103,1110,1209,102,22,93,24,53,103,51,13,103,13,639,1110,58,763,1209,63,"Gbonyin","Ekiti","Southwest","ekiti_gbonyin",148193
246,22,180,134,18,3,19,16,5,22,23,2,22,9,102,180,57,73,134,54,"Geidam","Yobe","Northeast","yobe_geidam",157295
247,92,422,548,75,32,91,35,55,92,60,4,92,4,168,422,40,319,548,58,"Giade","Bauchi","Northeast","bauchi_giade",156969
248,28,92,137,27,8,28,29,6,28,21,1,28,4,52,92,57,80,137,58,"Giwa","Kaduna","Northwest","kaduna_giwa",286427
249,69,456,717,42,15,68,22,21,69,30,21,69,30,231,456,51,336,717,47,"Gokana","Rivers","South-South","rivers_gokana",228828
250,112,1347,3108,74,20,63,32,95,111,86,54,111,49,1053,1347,78,1620,3108,52,"Gombe","Gombe","Northeast","gombe_gombe",268000
251,NA,NA,NA,NA,NA,NA,NA,NA,NA,NA,NA,NA,NA,NA,NA,NA,NA,NA,NA,"Gombi","Adamawa","Northeast","adamawa_gombi",146429
252,105,1425,452,95,35,104,34,15,105,14,8,105,8,283,1425,20,148,452,33,"Goronyo","Sokoto","Northwest","sokoto_goronyo",182296
253,NA,NA,NA,NA,NA,NA,NA,NA,NA,NA,NA,NA,NA,NA,NA,NA,NA,NA,NA,"Grie","Adamawa","Northeast","adamawa_grie",129995
254,21,100,155,19,1,21,5,11,21,52,0,21,0,69,100,69,109,155,70,"Gubio","Borno","Northeast","borno_gubio",152778
255,26,133,118,24,5,25,20,13,26,50,1,26,4,93,133,70,30,118,25,"Gudu","Sokoto","Northwest","sokoto_gudu",95544
256,61,379,639,53,8,58,14,20,61,33,9,61,15,313,379,83,225,639,35,"Gujba","Yobe","Northeast","yobe_gujba",130088
257,57,1231,391,50,6,56,11,17,57,30,1,57,2,191,1231,16,189,391,48,"Gulani","Yobe","Northeast","yobe_gulani",103510
258,145,3828,838,121,21,145,14,26,145,18,21,145,14,2507,3828,65,628,838,75,"Guma","Benue","North-Central","benue_guma",191599
259,44,302,501,39,32,42,76,26,44,59,9,44,20,265,302,88,362,501,72,"Gumel","Jigawa","Northwest","jigawa_gumel",107161
260,10,43,84,9,1,10,10,4,10,40,1,10,10,37,43,86,20,84,24,"Gummi","Zamfara","Northwest","zamfara_gummi",204539
261,98,555,954,86,20,93,22,25,98,26,18,98,18,408,555,74,501,954,53,"Gurara","Niger","North-Central","niger_gurara",90974
262,74,381,373,66,52,73,71,37,74,50,4,74,5,0,381,0,154,373,41,"Guri","Jigawa","Northwest","jigawa_guri",115018
263,160,921,1771,143,23,147,16,65,160,41,20,160,12,772,921,84,1277,1771,72,"Gusau","Zamfara","Northwest","zamfara_gusau",383162
264,16,107,134,16,1,16,6,5,16,31,0,16,0,0,107,0,87,134,65,"Guzamala","Borno","Northeast","borno_guzamala",95648
265,88,1467,397,84,8,78,10,21,88,24,23,88,26,284,1467,19,164,397,41,"Gwadabawa","Sokoto","Northwest","sokoto_gwadabawa",231358
266,82,1057,1996,69,35,72,49,46,82,56,28,82,34,835,1057,79,1256,1996,63,"Gwagwalada","FCT","North-Central","fct_gwagwalada",157770
267,86,987,1816,80,46,76,61,67,85,79,44,85,52,772,987,78,628,1816,35,"Gwale","Kano","Northwest","kano_gwale",362059
268,83,688,686,78,12,82,15,23,83,28,22,83,27,443,688,64,299,686,44,"Gwandu","Kebbi","Northwest","kebbi_gwandu",151019
269,83,510,702,62,45,79,57,35,80,44,20,80,25,335,510,66,313,702,45,"Gwaram","Jigawa","Northwest","jigawa_gwaram",272582
270,130,827,1045,117,16,116,14,47,130,36,23,130,18,2463,827,298,509,1045,49,"Gwarzo","Kano","Northwest","kano_gwarzo",183987
271,144,1117,1377,121,11,142,8,48,144,33,14,144,10,397,1117,36,958,1377,70,"Gwer East","Benue","North-Central","benue_gwer_east",163647
272,112,971,808,110,3,112,3,31,112,28,2,112,2,0,971,0,647,808,80,"Gwer West","Benue","North-Central","benue_gwer_west",122145
273,55,249,315,45,16,49,33,21,55,38,2,55,4,203,249,82,121,315,38,"Gwiwa","Jigawa","Northwest","jigawa_gwiwa",124517
274,NA,NA,NA,NA,NA,NA,NA,NA,NA,NA,NA,NA,NA,NA,NA,NA,NA,NA,NA,"Gwoza","Borno","Northeast","borno_gwoza",276312
275,42,1587,918,33,27,34,79,37,42,88,35,42,83,1457,1587,92,484,918,53,"Hadejia","Jigawa","Northwest","jigawa_hadejia",105628
276,111,709,1202,101,7,106,7,27,110,25,22,110,20,465,709,66,900,1202,75,"Hawul","Borno","Northeast","borno_hawul",120314
277,138,938,2178,96,18,138,13,53,138,38,24,138,17,705,938,75,1617,2178,74,"Hong","Adamawa","Northeast","adamawa_hong",169126
278,112,2083,2078,71,20,109,18,72,112,64,64,112,57,608,2083,29,1096,2078,53,"Ibadan North","Oyo","Southwest","oyo_ibadan_north",306795
279,119,992,2027,75,15,111,14,65,119,55,44,119,37,714,992,72,1271,2027,63,"Ibadan North East","Oyo","Southwest","oyo_ibadan_north_east",330399
280,83,1634,1330,71,18,83,22,53,83,64,22,83,27,267,1634,16,1000,1330,75,"Ibadan North West","Oyo","Southwest","oyo_ibadan_north_west",152834
281,133,1365,2511,67,20,123,16,72,133,54,71,133,53,3969,1365,291,1302,2511,52,"Ibadan South East","Oyo","Southwest","oyo_ibadan_south_east",266046
282,120,1316,2135,83,41,115,36,92,120,77,63,120,52,1069,1316,81,1433,2135,67,"Ibadan South West","Oyo","Southwest","oyo_ibadan_south_west",282585
283,73,1498,435,64,1,73,1,9,73,12,0,73,0,308,1498,21,309,435,71,"Ibaji","Kogi","North-Central","kogi_ibaji",128129
284,101,817,1126,84,32,99,32,42,101,42,26,101,26,632,817,77,771,1126,68,"Ibarapa Central","Oyo","Southwest","oyo_ibarapa_central",102979
285,89,1618,883,73,25,87,29,35,89,39,25,89,28,529,1618,33,608,883,69,"Ibarapa East","Oyo","Southwest","oyo_ibarapa_east",118226
286,84,620,666,83,18,84,21,36,84,43,2,84,2,3,620,0,484,666,73,"Ibarapa North","Oyo","Southwest","oyo_ibarapa_north",101092
287,32,231,264,27,11,32,34,18,32,56,11,32,34,0,231,0,152,264,58,"Ibeju/lekki","Lagos","Southwest","lagos_ibeju_lekki",117481
288,17,234,207,15,5,14,36,11,17,65,10,17,59,112,234,48,123,207,59,"Ibeno","Akwa Ibom","South-South","akwa_ibom_ibeno",75380
289,18,218,275,16,9,18,50,14,18,78,2,18,11,170,218,78,186,275,68,"Ibesikpo-Asutan","Akwa Ibom","South-South","akwa_ibom_ibesikpo_asutan",137101
290,84,482,804,78,6,82,7,14,84,17,1,84,1,198,482,41,419,804,52,"Ibi","Taraba","Northeast","taraba_ibi",84054
291,16,84,157,8,5,11,45,10,11,91,2,11,18,68,84,81,125,157,80,"Ibiono-Ibom","Akwa Ibom","South-South","akwa_ibom_ibiono_ibom",189640
292,107,839,1130,88,33,99,33,68,103,66,26,103,25,701,839,84,676,1130,60,"Idah","Kogi","North-Central","kogi_idah",79815
293,74,729,870,70,11,74,15,39,74,53,28,74,38,603,729,83,457,870,53,"Idanre","Ondo","Southwest","ondo_idanre",129024
294,76,638,543,70,5,76,7,42,76,55,15,76,20,149,638,23,261,543,48,"Ideato North","Imo","Southeast","imo_ideato_north",158406
295,60,553,403,58,1,60,2,28,60,47,3,60,5,158,553,29,200,403,50,"Ideato South","Imo","Southeast","imo_ideato_south",159879
296,64,1124,1041,63,22,61,36,34,64,53,22,64,34,147,1124,13,588,1041,56,"Idemili North","Anambra","Southeast","anambra_idemili_north",430783
297,93,4027,1214,83,25,91,27,66,93,71,40,93,43,295,4027,7,477,1214,39,"Idemili South","Anambra","Southeast","anambra_idemili_south",207683
298,68,3363,499,64,10,67,15,27,68,40,14,68,21,1260,3363,37,371,499,74,"Ido","Oyo","Southwest","oyo_ido",103261
299,94,1142,1674,83,12,56,21,48,94,51,44,94,47,1019,1142,89,1067,1674,64,"Ido Osi","Ekiti","Southwest","ekiti_ido_osi",159114
300,71,17831,2160,50,56,65,86,64,71,90,53,71,75,3930,17831,22,751,2160,35,"Ifako-Ijaye","Lagos","Southwest","lagos_ifako_ijaye",427878
301,17,191,84,16,7,17,41,6,17,35,3,17,18,174,191,91,55,84,65,"Ifedayo","Osun","Southwest","osun_ifedayo",37058
302,80,1855,1089,70,21,73,29,41,80,51,25,80,31,1763,1855,95,650,1089,60,"Ifedore","Ondo","Southwest","ondo_ifedore",176327
303,230,1705,2327,222,74,218,34,50,229,22,50,229,22,0,1705,0,1340,2327,58,"Ifelodun","Kwara","North-Central","kwara_ifelodun",206042
304,59,702,884,41,9,56,16,14,59,24,28,59,47,342,702,49,494,884,56,"Ifelodun","Osun","Southwest","osun_ifelodun",96748
305,119,846,2003,103,42,117,36,72,119,61,39,119,33,650,846,77,1176,2003,59,"Ifo","Ogun","Southwest","ogun_ifo",524837
306,211,10971,1718,205,20,210,10,51,211,24,18,211,9,10623,10971,97,1089,1718,63,"Igabi","Kaduna","Northwest","kaduna_igabi",430229
307,100,557,669,77,1,98,1,26,99,26,2,99,2,368,557,66,505,669,75,"Igalamela-Odolu","Kogi","North-Central","kogi_igalamela_odolu",148020
308,67,535,766,65,3,59,5,29,62,47,5,62,8,1,535,0,486,766,63,"Igbo Etiti","Enugu","Southeast","enugu_igbo_etiti",209248
309,169,1343,2123,158,18,137,13,66,169,39,25,169,15,325,1343,24,1430,2123,67,"Igbo Eze - North","Enugu","Southeast","enugu_igbo_eze_north",259431
310,74,733,1137,72,12,65,18,30,72,42,17,72,24,187,733,26,734,1137,65,"Igbo-Eze South","Enugu","Southeast","enugu_igbo_eze_south",147328
311,46,422,466,31,4,45,9,19,46,41,11,46,24,170,422,40,413,466,89,"Iguegben","Edo","South-South","edo_iguegben",69639
312,133,3417,1233,128,27,130,21,92,133,69,41,133,31,402,3417,12,645,1233,52,"Ihiala","Anambra","Southeast","anambra_ihiala",302158
313,68,592,692,65,16,66,24,47,66,71,19,66,29,290,592,49,357,692,52,"Ihitte/Uboma","Imo","Southeast","imo_ihitte_uboma",120744
314,70,1614,836,65,9,69,13,4,70,6,13,70,19,487,1614,30,430,836,51,"ijaye","Ondo","Southwest","ondo_ijaye",290615
315,89,862,1083,79,28,87,32,46,89,52,21,89,24,490,862,57,655,1083,60,"Ijebu East","Ogun","Southwest","ogun_ijebu_east",110196
316,115,1108,1584,99,22,104,21,51,115,44,32,115,28,881,1108,80,995,1584,63,"Ijebu North","Ogun","Southwest","ogun_ijebu_north",284336
317,63,651,962,57,19,62,31,48,63,76,41,63,65,513,651,79,558,962,58,"Ijebu North East","Ogun","Southwest","ogun_ijebu_north_east",67634
318,170,1909,3265,144,122,164,74,128,170,75,104,170,61,1138,1909,60,1780,3265,55,"Ijebu-ode","Ogun","Southwest","ogun_ijebu_ode",154032
319,83,791,872,82,5,60,8,36,83,43,21,83,25,0,791,0,663,872,76,"Ijero","Ekiti","Southwest","ekiti_ijero",221405
320,157,1264,2035,118,16,156,10,61,157,39,49,157,31,1072,1264,85,1033,2035,51,"Ijumu","Kogi","North-Central","kogi_ijumu",119929
321,43,456,617,37,8,42,19,38,43,88,1,43,2,18,456,4,418,617,68,"Ika","Akwa Ibom","South-South","akwa_ibom_ika",72939
322,109,1387,2373,105,22,106,21,76,109,70,33,109,30,650,1387,47,1357,2373,57,"Ika North","Delta","South-South","delta_ika_north",183657
323,131,802,1051,131,35,129,27,54,131,41,4,131,3,0,802,0,388,1051,37,"Ikara","Kaduna","Northwest","kaduna_ikara",193926
324,93,2220,1725,90,69,92,75,79,93,85,21,93,23,695,2220,31,931,1725,54,"Ika South","Delta","South-South","delta_ika_south",162594
325,102,4940,1261,99,38,100,38,47,101,47,33,101,33,311,4940,6,577,1261,46,"Ikeduru","Imo","Southeast","imo_ikeduru",149316
326,86,1307,1558,77,60,69,87,75,85,88,72,85,85,0,1307,0,568,1558,36,"Ikeja","Lagos","Southwest","lagos_ikeja",313196
327,53,786,973,52,23,51,45,45,53,85,19,53,36,0,786,0,549,973,56,"Ikenne","Ogun","Southwest","ogun_ikenne",118735
328,87,1096,1819,84,19,85,22,45,87,52,29,87,33,857,1096,78,1062,1819,58,"Ikere","Ekiti","Southwest","ekiti_ikere",147355
329,102,1208,1185,101,10,97,10,50,102,49,13,102,13,0,1208,0,885,1185,75,"Ikole","Ekiti","Southwest","ekiti_ikole",168436
330,109,3058,1539,101,26,109,24,45,109,41,36,109,33,2714,3058,89,853,1539,55,"Ikom","Cross River","South-South","cross_river_ikom",162383
331,83,982,1111,79,11,83,13,69,83,83,19,83,23,473,982,48,673,1111,61,"Ikono","Akwa Ibom","South-South","akwa_ibom_ikono",131904
332,68,803,1191,45,38,66,58,50,68,74,33,68,49,675,803,84,481,1191,40,"Ikorodu","Lagos","Southwest","lagos_ikorodu",535619
333,50,627,479,47,17,49,35,35,50,70,14,50,28,196,627,31,320,479,67,"Ikot-Abasi","Akwa Ibom","South-South","akwa_ibom_ikot_abasi",132023
334,55,2076,1545,49,37,55,67,36,55,65,26,55,47,506,2076,24,821,1545,53,"Ikot-Ekpene","Akwa Ibom","South-South","akwa_ibom_ikot_ekpene",143077
335,32,387,656,26,17,31,55,19,31,61,9,31,29,320,387,83,384,656,59,"Ikpoba-Okha","Edo","South-South","edo_ikpoba_okha",371106
336,69,3644,962,58,43,68,63,42,69,61,38,69,55,2496,3644,68,413,962,43,"Ikwerre","Rivers","South-South","rivers_ikwerre",189726
337,64,951,834,61,18,62,29,27,64,42,2,64,3,6,951,1,490,834,59,"Ikwo","Ebonyi","Southeast","ebonyi_ikwo",214604
338,85,734,908,77,26,85,31,47,85,55,9,85,11,0,734,0,497,908,55,"Ikwuano","Abia","Southeast","abia_ikwuano",137993
339,34,454,305,31,3,33,9,9,34,26,4,34,12,206,454,45,146,305,48,"Ila","Osun","Southwest","osun_ila",62049
340,33,324,381,27,5,23,22,21,33,64,14,33,42,206,324,64,266,381,70,"Ilejemeje","Ekiti","Southwest","ekiti_ilejemeje",43530
341,116,1217,1260,99,13,112,12,69,116,59,38,116,33,0,1217,0,800,1260,63,"Ile Oluji Okeigbo","Ondo","Southwest","ondo_ile_oluji_okeigbo",172870
342,103,1184,1369,74,26,101,26,75,103,73,49,103,48,910,1184,77,645,1369,47,"Ilesha-East","Osun","Southwest","osun_ilesha_east",106586
343,76,924,1310,52,17,72,24,64,76,84,28,76,37,779,924,84,724,1310,55,"Ilesha-West","Osun","Southwest","osun_ilesha_west",103555
344,91,575,304,91,12,91,13,11,91,12,6,91,7,0,575,0,54,304,18,"Illela","Sokoto","Northwest","sokoto_illela",150489
345,118,943,2048,87,36,104,35,38,118,32,57,118,48,519,943,55,1085,2048,53,"Ilorin East","Kwara","North-Central","kwara_ilorin_east",204310
346,101,954,2426,74,38,86,44,54,101,53,54,101,53,763,954,80,1379,2426,57,"Ilorin South","Kwara","North-Central","kwara_ilorin_south",208691
347,118,1485,3459,97,36,90,40,90,118,76,91,118,77,847,1485,57,1844,3459,53,"Ilorin west","Kwara","North-Central","kwara_ilorin_west",364666
348,101,716,1132,91,9,100,9,26,101,26,20,101,20,496,716,69,824,1132,73,"Imeko Afon","Ogun","Southwest","ogun_imeko_afon",82217
349,67,479,478,60,21,65,32,41,67,61,10,67,15,318,479,66,166,478,35,"Ingawa","Katsina","Northwest","katsina_ingawa",169753
350,64,611,601,61,2,64,3,38,64,59,10,64,16,83,611,14,413,601,69,"Ini","Akwa Ibom","South-South","akwa_ibom_ini",99196
351,141,1142,1479,123,32,137,23,57,141,40,49,141,35,987,1142,86,972,1479,66,"Ipokia","Ogun","Southwest","ogun_ipokia",150426
352,97,925,847,95,28,94,30,39,97,40,10,97,10,680,925,74,537,847,63,"Irele","Ondo","Southwest","ondo_irele",145166
353,94,1605,926,85,18,91,20,36,94,38,12,94,13,4401,1605,274,487,926,53,"Irepo","Oyo","Southwest","oyo_irepo",122553
354,52,946,583,39,15,50,30,36,52,69,14,52,27,467,946,49,382,583,66,"Irepodun","Osun","Southwest","osun_irepodun",119497
355,155,1360,2146,126,39,142,27,46,155,30,49,155,32,1081,1360,79,1107,2146,52,"Irepodun","Kwara","North-Central","kwara_irepodun",148610
356,88,913,1696,83,19,75,25,37,88,42,34,88,39,300,913,33,1031,1696,61,"Irepodun/Ifelodun","Ekiti","Southwest","ekiti_irepodun_ifelodun",129149
357,65,566,641,54,6,64,9,23,65,35,28,65,43,502,566,89,422,641,66,"Irewole","Osun","Southwest","osun_irewole",143599
358,102,490,1083,94,54,100,54,21,102,21,9,102,9,271,490,55,212,1083,20,"Isa","Sokoto","Northwest","sokoto_isa",146103
359,81,835,1089,68,16,81,20,37,81,46,19,81,23,781,835,94,686,1089,63,"Ise/Orun","Ekiti","Southwest","ekiti_ise_orun",113754
360,191,1359,1735,148,38,187,20,58,191,30,70,191,37,679,1359,50,1130,1735,65,"Iseyin","Oyo","Southwest","oyo_iseyin",256926
361,116,1942,1281,110,25,108,23,19,115,17,33,115,29,1213,1942,62,770,1281,60,"Ishielu","Ebonyi","Southeast","ebonyi_ishielu",151048
362,106,2092,1272,103,39,103,38,64,106,60,38,106,36,366,2092,17,577,1272,45,"Isiala Mbano","Imo","Southeast","imo_isiala_mbano",198736
363,58,677,658,50,15,58,26,41,58,71,16,58,28,362,677,53,388,658,59,"Isiala Ngwa North","Abia","Southeast","abia_isiala_ngwa_north",153734
364,99,916,1385,94,23,95,24,57,99,58,36,99,36,309,916,34,844,1385,61,"Isiala Ngwa South","Abia","Southeast","abia_isiala_ngwa_south",134762
365,84,585,744,52,29,75,39,39,84,46,42,84,50,463,585,79,417,744,56,"Isin","Kwara","North-Central","kwara_isin",59738
366,27,256,252,26,0,27,0,10,27,37,5,27,19,0,256,0,151,252,60,"Isi-Uzo","Enugu","Southeast","enugu_isi_uzo",148415
367,96,790,734,78,4,90,4,36,96,38,15,96,16,646,790,82,450,734,61,"Isokan","Osun","Southwest","osun_isokan",103177
368,79,873,1239,73,33,76,43,41,78,53,35,78,45,534,873,61,660,1239,53,"Isoko north","Delta","South-South","delta_isoko_north",144155
369,126,2374,2248,123,44,98,45,67,126,53,76,126,60,1024,2374,43,1229,2248,55,"Isoko South","Delta","South-South","delta_isoko_south",227712
370,38,548,429,34,5,36,14,20,38,53,15,38,39,84,548,15,219,429,51,"Isu","Imo","Southeast","imo_isu",164468
371,83,2794,1197,69,13,82,16,58,82,71,26,82,32,467,2794,17,600,1197,50,"Isuikwuato","Abia","Southeast","abia_isuikwuato",114442
372,71,307,325,71,23,67,34,22,71,31,0,71,0,0,307,0,149,325,46,"Itas/Gadau","Bauchi","Northeast","bauchi_itas_gadau",229969
373,85,2474,541,79,14,85,16,17,85,20,12,85,14,378,2474,15,392,541,72,"Itesiwaju","Oyo","Southwest","oyo_itesiwaju",128652
374,13,174,314,10,2,7,29,9,13,69,9,13,69,119,174,68,160,314,51,"Itu","Akwa Ibom","South-South","akwa_ibom_itu",127033
375,77,2761,836,68,10,77,13,41,77,53,15,77,19,137,2761,5,537,836,64,"Ivo","Ebonyi","Southeast","ebonyi_ivo",120919
376,71,608,734,64,11,71,15,15,71,21,9,71,13,396,608,65,519,734,71,"Iwajowa","Oyo","Southwest","oyo_iwajowa",102980
377,162,2682,1995,127,23,161,14,74,162,46,71,162,44,1307,2682,49,1207,1995,61,"Iwo","Osun","Southwest","osun_iwo",191377
378,94,1028,968,90,50,94,53,30,94,32,4,94,4,0,1028,0,613,968,63,"Izzi","Ebonyi","Southeast","ebonyi_izzi",234072
379,117,806,1370,110,38,111,34,55,117,47,28,117,24,432,806,54,815,1370,59,"Jaba","Kaduna","Northwest","kaduna_jaba",155377
380,157,2036,1251,140,23,155,15,68,157,43,9,157,6,1701,2036,84,644,1251,51,"Jada","Adamawa","Northeast","adamawa_jada",168473
381,67,369,422,54,30,65,46,14,67,21,7,67,10,322,369,87,165,422,39,"Jahun","Jigawa","Northwest","jigawa_jahun",229094
382,80,292,452,74,25,74,34,14,80,18,1,80,1,219,292,75,251,452,56,"Jakusko","Yobe","Northeast","yobe_jakusko",229083
383,172,1831,3424,146,24,149,16,106,172,62,67,172,39,1538,1831,84,2062,3424,60,"Jalingo","Taraba","Northeast","taraba_jalingo",139845
384,65,4373,507,58,32,62,52,37,65,57,4,65,6,281,4373,6,364,507,72,"Jama'are","Bauchi","Northeast","bauchi_jama_are",117883
385,76,631,910,70,22,66,33,43,76,57,19,76,25,537,631,85,277,910,30,"Jega","Kebbi","Northwest","kebbi_jega",193352
386,191,3227,1916,175,34,185,18,54,191,28,37,191,19,659,3227,20,1270,1916,66,"Jema'a","Kaduna","Northwest","kaduna_jema_a",278735
387,43,2513,1616,36,7,42,17,29,43,67,12,43,28,2407,2513,96,777,1616,48,"Jere","Borno","Northeast","borno_jere",211204
388,92,577,827,86,16,89,18,59,92,64,7,92,8,451,577,78,331,827,40,"Jibia","Katsina","Northwest","katsina_jibia",169748
389,71,507,801,70,13,70,19,15,71,21,1,71,1,261,507,51,617,801,77,"Jos East","Plateau","North-Central","plateau_jos_east",85602
390,105,1308,2599,89,16,83,19,72,105,69,55,105,52,767,1308,59,1158,2599,45,"Jos North","Plateau","North-Central","plateau_jos_north",429300
391,150,2212,2023,143,23,137,17,49,150,33,47,150,31,773,2212,35,1101,2023,54,"Jos South","Plateau","North-Central","plateau_jos_south",306716
392,105,1096,1419,100,24,99,24,54,105,51,41,105,39,0,1096,0,926,1419,65,"Kabba/Bunu","Kogi","North-Central","kogi_kabba_bunu",145446
393,132,679,1080,126,51,124,41,30,132,23,13,132,10,497,679,73,302,1080,28,"Kabo","Kano","Northwest","kano_kabo",153828
394,293,1838,1947,293,48,288,17,57,289,20,14,289,5,0,1838,0,1101,1947,57,"Kachia","Kaduna","Northwest","kaduna_kachia",244274
395,71,1224,3156,59,37,61,61,58,71,82,36,71,51,870,1224,71,1941,3156,62,"Kaduna North","Kaduna","Northwest","kaduna_kaduna_north",357694
396,114,2716,3742,103,37,75,49,103,114,90,80,114,70,2600,2716,96,2104,3742,56,"kaduna South","Kaduna","Northwest","kaduna_kaduna_south",402390
397,57,1284,359,51,39,57,68,4,57,7,5,57,9,232,1284,18,218,359,61,"Kafin-Hausa","Jigawa","Northwest","jigawa_kafin_hausa",271058
398,80,3601,720,71,17,77,22,43,80,54,10,80,12,379,3601,11,212,720,29,"Kafur","Katsina","Northwest","katsina_kafur",202884
399,33,168,316,32,6,30,20,20,33,61,1,33,3,92,168,55,129,316,41,"Kaga","Borno","Northeast","borno_kaga",90015
400,197,2172,1252,180,18,197,9,69,197,35,13,197,7,545,2172,25,706,1252,56,"Kagarko","Kaduna","Northwest","kaduna_kagarko",240943
401,100,650,851,98,47,98,48,19,100,19,4,100,4,0,650,0,514,851,60,"Kaiama","Kwara","North-Central","kwara_kaiama",124164
402,73,366,435,73,14,67,21,59,71,83,2,72,3,0,366,0,162,435,37,"Kaita","Katsina","Northwest","katsina_kaita",184401
403,77,824,869,64,6,77,8,32,77,42,20,77,26,621,824,75,594,869,68,"Kajola","Oyo","Southwest","oyo_kajola",200997
404,56,357,409,55,21,56,38,7,56,12,9,56,16,178,357,50,196,409,48,"Kajuru","Kaduna","Northwest","kaduna_kajuru",110868
405,24,95,206,24,11,22,50,8,24,33,0,24,0,0,95,0,76,206,37,"Kala/Balge","Borno","Northeast","borno_kala_balge",60797
406,39,249,279,36,16,37,43,14,39,36,10,39,26,138,249,55,126,279,45,"Kalgo","Kebbi","Northwest","kebbi_kalgo",85403
407,15,88,286,12,9,15,60,9,15,60,1,15,7,4,88,5,162,286,57,"Kaltungo","Gombe","Northeast","gombe_kaltungo",149805
408,159,826,1413,154,5,159,3,10,159,6,6,159,4,478,826,58,859,1413,61,"Kanam","Plateau","North-Central","plateau_kanam",165898
409,98,3448,622,94,8,97,8,44,97,45,5,97,5,4317,3448,125,220,622,35,"Kankara","Katsina","Northwest","katsina_kankara",245739
410,125,907,855,119,50,120,42,27,123,22,4,123,3,0,907,0,700,855,82,"Kanke","Plateau","North-Central","plateau_kanke",121424
411,77,636,821,71,20,77,26,62,77,81,8,77,10,511,636,80,451,821,55,"Kankia","Katsina","Northwest","katsina_kankia",151434
412,20,1154,291,14,6,8,75,10,13,77,6,13,46,119,1154,10,212,291,73,"Kano-Municipal","Kano","Northwest","kano_kano_municipal",365525
413,47,236,288,46,12,45,27,13,47,28,0,47,0,0,236,0,88,288,31,"Karasuwa","Yobe","Northeast","yobe_karasuwa",106992
414,152,658,793,141,29,126,23,50,152,33,33,152,22,406,658,62,255,793,32,"Karaye","Kano","Northwest","kano_karaye",141407
415,182,1333,1731,181,16,180,9,43,182,24,0,182,0,0,1333,0,1101,1731,64,"Karin Lamido","Taraba","Northeast","taraba_karin_lamido",195844
416,216,2641,2071,175,47,212,22,83,216,38,51,216,24,3212,2641,122,1218,2071,59,"Karu","Nasarawa","North-Central","nasarawa_karu",205477
417,NA,NA,NA,NA,NA,NA,NA,NA,NA,NA,NA,NA,NA,NA,NA,NA,NA,NA,NA,"Katagum","Bauchi","Northeast","bauchi_katagum",295970
418,186,804,1641,172,27,184,15,24,186,13,21,186,11,509,804,63,635,1641,39,"Katcha","Niger","North-Central","niger_katcha",122176
419,95,7412,2237,88,36,86,42,80,95,84,54,95,57,5226,7412,71,1250,2237,56,"Katsina","Katsina","Northwest","katsina_katsina",318459
420,161,1145,1763,137,26,159,16,59,161,37,32,161,20,845,1145,74,1272,1763,72,"Katsina-Ala","Benue","North-Central","benue_katsina_ala",224718
421,50,1383,742,39,13,43,30,19,44,43,5,44,11,163,1383,12,454,742,61,"Kaura","Kaduna","Northwest","kaduna_kaura",222579
422,110,1651,943,102,37,110,34,34,110,31,9,110,8,1471,1651,89,497,943,53,"Kaura Namoda","Zamfara","Northwest","zamfara_kaura_namoda",281367
423,94,1437,513,86,7,94,7,4,94,4,11,94,12,266,1437,19,267,513,52,"Kauru","Kaduna","Northwest","kaduna_kauru",17008
424,59,529,832,46,34,56,61,51,59,86,14,59,24,423,529,80,318,832,38,"Kazaure","Jigawa","Northwest","jigawa_kazaure",161494
425,75,447,688,68,4,75,5,16,75,21,9,75,12,272,447,61,411,688,60,"Keana","Nasarawa","North-Central","nasarawa_keana",79253
426,67,4338,280,66,6,67,9,5,67,7,4,67,6,215,4338,5,104,280,37,"Kebbe","Sokoto","Northwest","sokoto_kebbe",124658
427,84,993,1332,75,11,34,32,63,84,75,43,84,51,842,993,85,685,1332,51,"Keffi","Nasarawa","North-Central","nasarawa_keffi",92664
428,118,1145,1192,117,29,113,26,32,118,27,5,118,4,0,1145,0,490,1192,41,"Khana","Rivers","South-South","rivers_khana",294217
429,111,1572,711,105,42,111,38,52,111,47,9,111,8,1466,1572,93,195,711,27,"Kibiya","Kano","Northwest","kano_kibiya",136736
430,87,406,400,87,14,87,16,25,87,29,7,87,8,0,406,0,186,400,46,"Kirfi","Bauchi","Northeast","bauchi_kirfi",147618
431,64,285,487,50,49,63,78,33,64,52,7,64,11,193,285,68,200,487,41,"Kiri-Kasama","Jigawa","Northwest","jigawa_kiri_kasama",191523
432,149,791,837,138,22,146,15,73,149,49,28,149,19,483,791,61,337,837,40,"Kiru","Kano","Northwest","kano_kiru",264781
433,52,312,327,39,31,43,72,17,49,35,11,49,22,255,312,82,129,327,39,"kiyawa","Jigawa","Northwest","jigawa_kiyawa",172913
434,115,537,898,93,7,114,6,22,115,19,19,115,17,358,537,67,554,898,62,"Kogi","Kogi","North-Central","kogi_kogi",115900
435,5,32,27,5,0,5,0,0,5,0,0,5,0,12,32,38,10,27,37,"Koko/Besse","Kebbi","Northwest","kebbi_koko_besse",154605
436,117,756,1205,93,11,105,10,34,117,29,8,117,7,457,756,60,742,1205,62,"Kokona","Nasarawa","North-Central","nasarawa_kokona",109749
437,48,10261,576,36,7,42,17,20,48,42,20,48,42,3074,10261,30,287,576,50,"Kolokuma","Bayelsa","South-South","bayelsa_kolokuma",77292
438,59,359,665,57,14,58,24,10,59,17,0,59,0,276,359,77,397,665,60,"Konduga","Borno","Northeast","borno_konduga",156564
439,200,2341,1412,188,43,199,22,73,200,36,8,200,4,369,2341,16,968,1412,69,"Konshisha","Benue","North-Central","benue_konshisha",225672
440,44,389,884,39,15,44,34,20,44,45,17,44,39,115,389,30,571,884,65,"Kontagora","Niger","North-Central","niger_kontagora",151944
441,220,14090,4362,192,168,186,90,206,220,94,191,220,87,8784,14090,62,2095,4362,48,"Kosofe","Lagos","Southwest","lagos_kosofe",665393
442,31,147,167,26,22,31,71,9,31,29,0,31,0,141,147,96,82,167,49,"Kuagama","Jigawa","Northwest","jigawa_kuagama",127956
443,19,80,111,15,2,17,12,2,17,12,0,17,0,64,80,80,28,111,25,"Kubau","Kaduna","Northwest","kaduna_kubau",282045
444,49,259,502,45,22,49,45,24,49,49,12,49,24,138,259,53,316,502,63,"Kudan","Kaduna","Northwest","kaduna_kudan",138992
445,46,377,538,45,0,19,0,33,46,72,3,46,7,0,377,0,0,538,0,"Kuje","FCT","North-Central","fct_kuje",97367
446,42,287,464,34,11,40,28,16,42,38,3,42,7,238,287,83,182,464,39,"Kukawa","Borno","Northeast","borno_kukawa",203864
447,119,2008,1788,111,40,84,48,86,119,72,55,119,46,742,2008,37,883,1788,49,"Kumbotso","Kano","Northwest","kano_kumbotso",295979
448,91,514,730,78,11,88,12,8,90,9,5,90,6,319,514,62,370,730,51,"Kurmi","Taraba","Northeast","taraba_kurmi",91531
449,108,450,655,103,20,104,19,28,108,26,1,108,1,333,450,74,129,655,20,"Kunchi","Kano","Northwest","kano_kunchi",111018
450,79,2655,871,74,21,72,29,46,79,58,25,79,32,497,2655,19,403,871,46,"Kura","Kano","Northwest","kano_kura",144601
451,81,1526,543,72,30,81,37,65,81,80,8,81,10,353,1526,23,354,543,65,"Kurfi","Katsina","Northwest","katsina_kurfi",11781
452,32,3200,162,29,8,32,25,17,32,53,7,32,22,5159,3200,161,62,162,38,"Kusada","Katsina","Northwest","katsina_kusada",99267
453,86,1648,1175,73,22,85,26,37,86,43,7,86,8,468,1648,28,909,1175,77,"Kwali","FCT","North-Central","fct_kwali",85837
454,265,2080,2735,231,17,262,6,58,265,22,12,265,5,846,2080,41,2076,2735,76,"Kwande","Benue","North-Central","benue_kwande",248697
455,105,1481,1005,94,9,104,9,41,105,39,16,105,15,1410,1481,95,459,1005,46,"Kwami","Gombe","Northeast","gombe_kwami",195298
456,77,362,615,71,16,73,22,14,77,18,6,77,8,207,362,57,202,615,33,"Kware","Sokoto","Northwest","sokoto_kware",133899
457,4,23,35,4,2,4,50,1,4,25,2,4,50,9,23,39,21,35,60,"Kwaya-Kusar","Borno","Northeast","borno_kwaya_kusar",56500
458,224,2398,2848,157,47,223,21,60,224,27,32,224,14,1123,2398,47,1321,2848,46,"Lafia","Nasarawa","North-Central","nasarawa_lafia",330712
459,71,577,1031,69,5,69,7,23,71,32,13,71,18,0,577,0,785,1031,76,"Lagelu","Oyo","Southwest","oyo_lagelu",147957
460,115,1379,1611,71,65,95,68,104,115,90,94,115,82,1240,1379,90,769,1611,48,"Lagos Island","Lagos","Southwest","lagos_lagos_island",209437
461,150,1678,1913,91,79,114,69,125,150,83,92,150,61,1356,1678,81,767,1913,40,"Lagos Mainland","Lagos","Southwest","lagos_lagos_mainland",317720
462,101,739,947,91,1,101,1,15,101,15,4,101,4,284,739,38,626,947,66,"Langtang South","Plateau","North-Central","plateau_langtang_south",106305
463,91,749,976,85,14,89,16,30,91,33,3,91,3,387,749,52,769,976,79,"Langtang North","Plateau","North-Central","plateau_langtan_north",140643
464,161,700,785,150,29,150,19,15,161,9,3,161,2,465,700,66,519,785,66,"Lapai","Niger","North-Central","niger_lapai",110127
465,37,187,213,37,3,36,8,7,37,19,1,37,3,0,187,0,123,213,58,"Larmurde","Adamawa","Northeast","adamawa_larmurde",112803
466,119,1584,1349,109,19,117,16,26,119,22,0,119,0,346,1584,22,884,1349,66,"Lau","Taraba","Northeast","taraba_lau",96590
467,229,1018,1902,226,45,222,20,42,225,19,16,225,7,0,1018,0,817,1902,43,"Lavun","Niger","North-Central","niger_lavun",209917
468,114,740,829,114,48,110,44,18,109,17,5,112,4,0,740,0,387,829,47,"Lere","Kaduna","Northwest","kaduna_lere",331161
469,77,657,552,77,8,77,10,26,77,34,7,77,9,0,657,0,356,552,64,"Logo","Benue","North-Central","benue_logo",169063
470,111,1680,1438,91,28,100,28,47,111,42,45,111,41,513,1680,31,881,1438,61,"Lokoja","Kogi","North-Central","kogi_lokoja",195261
471,31,165,283,28,6,27,22,12,30,40,1,30,3,79,165,48,66,283,23,"Machina","Yobe","Northeast","yobe_machina",61606
472,101,671,1156,82,16,100,16,27,101,27,4,101,4,455,671,68,812,1156,70,"Madgali","Adamawa","Northeast","adamawa_madgali",134827
473,145,645,865,135,51,108,47,61,145,42,40,145,28,458,645,71,406,865,47,"Madobi","Kano","Northwest","kano_madobi",136623
474,40,179,303,39,9,39,23,9,40,22,0,40,0,26,179,15,156,303,51,"Mafa","Borno","Northeast","borno_mafa",103518
475,79,420,552,73,18,79,23,32,79,41,6,79,8,325,420,77,246,552,45,"Magama","Niger","North-Central","niger_magama",181653
476,18,128,235,16,2,17,12,3,18,17,2,18,11,61,128,48,116,235,49,"Magumeri","Borno","Northeast","borno_magumeri",140231
477,73,3430,795,65,18,69,26,55,73,75,9,73,12,2346,3430,68,231,795,29,"Mai'Adua","Katsina","Northwest","katsina_mai_adua",21178
478,45,890,2067,39,17,32,53,40,45,89,27,45,60,1786,890,201,991,2067,48,"Maiduguri","Borno","Northeast","borno_maiduguri",521492
479,79,457,425,70,35,62,56,21,79,27,11,79,14,431,457,94,272,425,64,"Maigatari","Jigawa","Northwest","jigawa_maigatari",179715
480,92,664,732,78,14,89,16,40,92,43,4,92,4,453,664,68,409,732,56,"Maiha","Adamawa","Northeast","adamawa_maiha",111215
481,68,3360,566,65,16,68,24,26,68,38,16,68,24,2242,3360,67,169,566,30,"Maiyama","Kebbi","Northwest","kebbi_maiyama",175686
482,143,708,1467,132,34,143,24,61,143,43,11,143,8,482,708,68,580,1467,40,"Makarfi","Kaduna","Northwest","kaduna_makarfi",146259
483,71,426,551,65,22,70,31,34,71,48,8,71,11,309,426,73,185,551,34,"Makoda","Kano","Northwest","kano_makoda",222399
484,88,536,1051,75,65,88,74,33,88,38,20,88,23,494,536,92,367,1051,35,"Malam-Maduri","Jigawa","Northwest","jigawa_malam_maduri",161413
485,83,3719,914,73,19,82,23,56,83,67,26,83,31,578,3719,16,587,914,64,"Malumfashi","Katsina","Northwest","katsina_malumfashi",182920
486,257,1922,2862,235,36,256,14,46,257,18,20,257,8,1239,1922,64,2025,2862,71,"Mangu","Plateau","North-Central","plateau_mangu",294931
487,87,630,731,72,25,85,29,73,87,84,18,87,21,454,630,72,389,731,53,"Mani","Katsina","Northwest","katsina_mani",176966
488,59,2284,535,55,9,57,16,16,59,27,10,59,17,192,2284,8,185,535,35,"Maradun","Zamfara","Northwest","zamfara_maradun",210852
489,39,167,158,37,13,38,34,13,39,33,2,39,5,103,167,62,71,158,45,"Mariga","Niger","North-Central","niger_mariga",199430
490,126,1169,2268,96,12,114,11,52,126,41,47,126,37,585,1169,50,1266,2268,56,"Makurdi","Benue","North-Central","benue_makurdi",297398
491,14,69,231,13,4,14,29,4,14,29,1,14,7,40,69,58,94,231,41,"Marte","Borno","Northeast","borno_marte",229370
492,113,572,701,112,30,111,27,30,113,27,10,113,9,0,572,0,263,701,38,"Maru","Zamfara","Northwest","zamfara_maru",291900
493,109,452,493,91,3,109,3,13,109,12,4,109,4,300,452,66,251,493,51,"Mashegu","Niger","North-Central","niger_mashegu",215022
494,76,535,612,72,15,73,21,47,76,62,12,76,16,0,535,0,207,612,34,"Mashi","Katsina","Northwest","katsina_mashi",173134
495,60,425,574,57,26,60,43,55,60,92,9,60,15,359,425,84,329,574,57,"Matazu","Katsina","Northwest","katsina_matazu",115325
496,162,1004,1833,140,22,162,14,38,162,23,5,162,3,674,1004,67,941,1833,51,"Mayo-Belwa","Adamawa","Northeast","adamawa_mayo_belwa",153129
497,128,1345,1543,118,38,126,30,68,127,54,35,127,28,328,1345,24,702,1543,45,"Mbaitoli","Imo","Southeast","imo_mbaitoli",237555
498,58,618,695,57,12,53,23,28,58,48,8,58,14,0,618,0,331,695,48,"Mbo","Akwa Ibom","South-South","akwa_ibom_mbo",104012
499,75,661,875,75,25,71,35,26,75,35,5,75,7,0,661,0,580,875,66,"Michika","Adamawa","Northeast","adamawa_michika",155302
500,61,251,311,59,0,15,0,16,61,26,1,61,2,0,251,0,0,311,0,"Miga","Jigawa","Northwest","jigawa_miga",128424
501,80,518,623,80,29,79,37,13,77,17,1,80,1,0,518,0,341,623,55,"Mikang","Plateau","North-Central","plateau_mikang",97411
502,147,859,1066,134,40,141,28,103,147,70,39,147,27,477,859,56,451,1066,42,"Minjibir","Kano","Northwest","kano_minjibir",213794
503,122,1624,1011,99,30,120,25,44,122,36,17,122,14,416,1624,26,734,1011,73,"Misau","Bauchi","Northeast","bauchi_misau",263487
504,69,767,1041,55,6,48,12,32,69,46,30,69,43,527,767,69,631,1041,61,"Moba","Ekiti","Southwest","ekiti_moba",146496
505,16,108,169,14,6,14,43,8,16,50,6,16,38,83,108,77,68,169,40,"Mobbar","Borno","Northeast","borno_mobbar",116654
506,72,531,1017,58,8,72,11,24,72,33,8,72,11,352,531,66,573,1017,56,"Mubi North","Adamawa","Northeast","adamawa_mubi_north",151072
507,94,1629,981,75,7,92,8,36,94,38,5,94,5,1408,1629,86,572,981,58,"Mubi South","Adamawa","Northeast","adamawa_mubi_south",128937
508,185,1905,1509,173,21,183,11,36,185,19,37,185,20,747,1905,39,753,1509,50,"Mokwa","Niger","North-Central","niger_mokwa",244937
509,NA,NA,NA,NA,NA,NA,NA,NA,NA,NA,NA,NA,NA,NA,NA,NA,NA,NA,NA,"Monguno","Borno","Northeast","borno_monguno",109851
510,50,458,727,36,20,50,40,31,50,62,18,50,36,301,458,66,513,727,71,"Mopa Muro","Kogi","North-Central","kogi_mopa_muro",44037
511,196,914,1787,153,67,189,35,22,196,11,45,196,23,768,914,84,1060,1787,59,"Moro","Kwara","North-Central","kwara_moro",108792
512,124,680,702,124,38,124,31,18,124,15,4,124,3,0,680,0,236,702,34,"Moya","Niger","North-Central","niger_moya",103651
513,72,732,675,66,9,71,13,50,72,69,6,72,8,202,732,28,460,675,68,"Mpkat-Enin","Akwa Ibom","South-South","akwa_ibom_mpkat_enin",178036
514,131,1949,3609,92,42,111,38,101,131,77,86,131,66,1582,1949,81,1776,3609,49,"Municipal-Area-Council","FCT","North-Central","fct_municipal_area_council",778567
515,85,785,635,79,24,85,28,65,85,76,9,85,11,0,785,0,363,635,57,"Musawa","Katsina","Northwest","katsina_musawa",171714
516,139,6761,2612,109,86,113,76,120,139,86,100,139,72,7324,6761,108,1048,2612,40,"Mushin","Lagos","Southwest","lagos_mushin",633009
517,90,453,798,76,8,88,9,26,90,29,3,90,3,317,453,70,271,798,34,"Nafada","Gombe","Northeast","gombe_nafada",138185
518,81,367,477,75,10,76,13,18,81,22,12,81,15,287,367,78,222,477,47,"Nangere","Yobe","Northeast","yobe_nangere",87823
519,118,2710,3161,102,36,110,33,97,117,83,92,117,79,1452,2710,54,1227,3161,39,"Nassarawa","Kano","Northwest","kano_nassarawa",596669
520,166,1221,2502,128,24,162,15,43,166,26,18,166,11,808,1221,66,1137,2502,45,"Nasarawa","Nasarawa","North-Central","nasarawa_nasarawa",596669
521,78,1546,1031,67,6,78,8,6,78,8,5,78,6,460,1546,30,668,1031,65,"Nasarawa-Eggon","Nasarawa","North-Central","nasarawa_nasarawa_eggon",149129
522,76,647,1079,74,12,71,17,19,76,25,25,76,33,368,647,57,563,1079,52,"Ndokwa-East","Delta","South-South","delta_ndokwa_east",103171
523,121,5209,1658,113,38,117,32,56,121,46,41,121,34,5685,5209,109,1054,1658,64,"Ndokwa-West","Delta","South-South","delta_ndokwa_west",149325
524,59,341,352,55,3,51,6,9,59,15,0,59,0,106,341,31,221,352,63,"Nembe","Bayelsa","South-South","bayelsa_nembe",130931
525,7,22,32,7,2,7,29,1,7,14,0,7,0,10,22,45,17,32,53,"Ngala","Borno","Northeast","borno_ngala",237071
526,20,123,416,19,7,20,35,5,20,25,0,20,0,82,123,67,71,416,17,"Nganzai","Borno","Northeast","borno_nganzai",99799
527,67,9277,342,63,13,67,19,20,67,30,5,67,7,7216,9277,78,134,342,39,"Ngaski","Kebbi","Northwest","kebbi_ngaski",124766
528,72,716,613,72,26,72,36,35,72,49,3,72,4,0,716,0,333,613,54,"Ngor-Okpala","Imo","Southeast","imo_ngor_okpala",159932
529,60,408,793,51,23,55,42,34,59,58,20,59,34,194,408,48,340,793,43,"Nguru","Yobe","Northeast","yobe_nguru",150632
530,124,705,1330,100,33,122,27,35,124,28,12,124,10,421,705,60,557,1330,42,"Ningi","Bauchi","Northeast","bauchi_ningi",387192
531,56,4546,512,52,9,56,16,40,56,71,28,56,50,4258,4546,94,272,512,53,"Njaba","Imo","Southeast","imo_njaba",145110
532,55,2661,895,50,23,52,44,37,55,67,22,55,40,329,2661,12,399,895,45,"Njikoka","Anambra","Southeast","anambra_njikoka",148465
533,45,303,459,42,2,44,5,7,44,16,12,44,27,51,303,17,352,459,77,"Nkanu East","Enugu","Southeast","enugu_nkanu",148774
534,71,2614,841,64,9,69,13,35,71,49,35,71,49,326,2614,12,446,841,53,"Nkanu West","Enugu","Southeast","enugu_nkanu_west",146695
535,19,197,316,16,5,18,28,16,19,84,10,19,53,24,197,12,64,316,20,"Nkwerre","Imo","Southeast","imo_nkwerre",80152
536,59,1818,919,58,24,55,44,47,59,80,29,59,49,334,1818,18,454,919,49,"Nnewi North","Anambra","Southeast","anambra_nnewi_north",157569
537,60,1538,500,59,16,55,29,38,60,63,23,60,38,249,1538,16,267,500,53,"Nnewi South","Anambra","Southeast","anambra_nnewi_south",233658
538,11,140,116,10,1,11,9,7,11,64,4,11,36,53,140,38,47,116,41,"Nsit-Atai","Akwa Ibom","South-South","akwa_ibom_nsit_atai",74595
539,58,681,778,54,18,55,33,48,58,83,23,58,40,231,681,34,526,778,68,"Nsit-Ibom","Akwa Ibom","South-South","akwa_ibom_nsit_ibom",108611
540,71,889,684,70,17,64,27,42,71,59,20,71,28,0,889,0,445,684,65,"Nsit-Ubuim","Akwa Ibom","South-South","akwa_ibom_nsit_ubuim",128231
541,127,1756,1204,74,8,82,10,33,84,39,11,84,13,535,1756,30,679,1204,56,"Nsukka","Enugu","Southeast","enugu_nsukka",309633
542,50,13461,827,43,2,50,4,13,50,26,10,50,20,13292,13461,99,307,827,37,"Numan","Adamawa","Northeast","adamawa_numan",90723
543,26,283,245,25,0,21,0,18,26,69,4,26,15,0,283,0,0,245,0,"Nwangele","Imo","Southeast","imo_nwangele",128472
544,169,1940,1291,156,35,169,21,41,169,24,26,169,15,610,1940,31,880,1291,68,"Obafemi-Owode","Ogun","Southwest","ogun_obafemi_owode",228851
545,58,465,871,55,8,56,14,28,58,48,9,58,16,98,465,21,507,871,58,"Obanliku","Cross River","South-South","cross_river_obanliku",110324
546,81,671,1093,79,8,80,10,13,81,16,0,81,0,0,671,0,686,1093,63,"Obi","Nasarawa","North-Central","nasarawa_obi",148874
547,112,693,815,91,19,111,17,31,112,28,11,112,10,334,693,48,585,815,72,"Obi","Benue","North-Central","benue_obi",98855
548,61,830,1143,52,22,57,39,33,60,55,14,60,23,0,830,0,699,1143,61,"Obi Nwa","Abia","Southeast","abia_obi_nwa",181439
549,118,9258,1818,97,95,117,81,106,118,90,83,118,70,9051,9258,98,531,1818,29,"Obio/Akpor","Rivers","South-South","rivers_obio_akpor",464789
550,64,1575,530,58,7,62,11,23,64,36,17,64,27,1475,1575,94,334,530,63,"Obokun","Osun","Southwest","osun_obokun",116511
551,62,3603,703,58,13,62,21,50,62,81,10,62,16,180,3603,5,453,703,64,"Obot-Akara","Akwa Ibom","South-South","akwa_ibom_obot_akara",148281
552,67,2543,645,62,32,66,48,47,67,70,12,67,18,1291,2543,51,334,645,52,"Obowo","Imo","Southeast","imo_obowo",118114
553,93,832,1348,82,20,90,22,35,93,38,20,93,22,346,832,42,633,1348,47,"Obubra","Cross River","South-South","cross_river_obubra",172444
554,110,1124,1694,97,33,107,31,71,110,65,12,110,11,632,1124,56,1044,1694,62,"Obudu","Cross River","South-South","cross_river_obudu",160106
555,69,631,1001,69,11,67,16,31,69,45,12,69,17,0,631,0,768,1001,77,"Odeda","Ogun","Southwest","ogun_odeda",109449
556,136,2517,1933,127,15,134,11,93,136,68,33,136,24,2377,2517,94,953,1933,49,"Odigbo","Ondo","Southwest","ondo_odigbo",230351
557,125,1200,1804,110,55,110,50,103,125,82,94,125,75,958,1200,80,1099,1804,61,"Odogbolu","Ogun","Southwest","ogun_odogbolu",127123
558,87,970,766,87,18,86,21,48,87,55,28,87,32,0,970,0,502,766,66,"Odo-otin","Osun","Southwest","osun_odo_otin",134110
559,81,949,1195,80,19,78,24,53,81,65,16,81,20,0,949,0,664,1195,56,"Odukpani","Cross River","South-South","cross_river_odukpani",192444
560,105,991,1821,62,35,94,37,73,105,70,43,105,41,871,991,88,994,1821,55,"Offa","Kwara","North-Central","kwara_offa",89674
561,182,1096,1214,151,5,180,3,29,182,16,20,182,11,690,1096,63,871,1214,72,"Ofu","Kogi","North-Central","kogi_ofu",192169
562,123,1115,1379,93,48,84,57,71,123,58,72,123,59,722,1115,65,648,1379,47,"Ogba/Egbema/Ndoni","Rivers","South-South","rivers_ogba_egbema_ndoni",284010
563,133,931,1028,115,10,133,8,46,133,35,28,133,21,635,931,68,761,1028,74,"Ogbadibo","Benue","North-Central","benue_ogbadibo",128707
564,75,1770,1123,67,33,69,48,45,72,62,25,72,35,307,1770,17,455,1123,41,"Ogbaru","Anambra","Southeast","anambra_ogbaru",221879
565,52,317,755,35,4,50,8,18,52,35,30,52,58,157,317,50,423,755,56,"Ogbia","Bayelsa","South-South","bayelsa_ogbia",179926
566,77,857,1529,48,25,74,34,44,77,57,34,77,44,718,857,84,799,1529,52,"Ogbomoso North","Oyo","Southwest","oyo_ogbomoso_north",198720
567,97,984,1678,59,25,96,26,62,97,64,28,97,29,848,984,86,902,1678,54,"Ogbomoso South","Oyo","Southwest","oyo_ogbomoso_south",100815
568,13,86,141,8,8,12,67,4,13,31,6,13,46,47,86,55,65,141,46,"Ogo Bolo","Rivers","South-South","rivers_ogo_bolo",74683
569,108,2059,1254,98,17,105,16,43,108,40,27,108,25,1561,2059,76,666,1254,53,"Ogoja","Cross River","South-South","cross_river_ogoja",171901
570,86,1624,744,74,11,86,13,28,86,33,17,86,20,2233,1624,138,475,744,64,"Ogo Oluwa","Oyo","Southwest","oyo_ogo_oluwa",65184
571,25,174,255,21,14,25,56,13,25,52,8,25,32,151,174,87,187,255,73,"Ogori/Magongo","Kogi","North-Central","kogi_ogori_magongo",39622
572,72,577,771,71,12,72,17,24,72,33,16,72,22,474,577,82,567,771,74,"Ogun waterside","Ogun","Southwest","ogun_ogun_waterside",72935
573,57,550,394,55,9,54,17,19,57,33,18,57,32,197,550,36,280,394,71,"Oguta","Imo","Southeast","imo_oguta",143008
574,79,917,1104,67,13,77,17,49,78,63,8,78,10,0,917,0,584,1104,53,"Ohafia","Abia","Southeast","abia_ohafia",245144
575,55,1437,358,54,16,51,31,21,55,38,14,55,25,97,1437,7,219,358,61,"Ohaji/Egbema","Imo","Southeast","imo_ohaji_egbema",182538
576,79,1761,772,70,37,78,47,22,79,28,7,79,9,287,1761,16,492,772,64,"Ohaozara","Ebonyi","Southeast","ebonyi_ohaozara",148626
577,197,3813,2132,165,50,196,26,41,197,21,25,197,13,508,3813,13,1294,2132,61,"Ohaukwu","Ebonyi","Southeast","ebonyi_ohaukwu",196337
578,83,1629,775,78,7,80,9,31,83,37,19,83,23,435,1629,27,579,775,75,"Ohimini","Benue","North-Central","benue_ohimini",71482
579,87,757,670,87,21,75,28,17,72,24,3,77,4,0,757,0,543,670,81,"Ohionmwon","Edo","South-South","edo_ohionmwon",182717
580,113,6779,1078,106,18,103,17,39,113,35,41,113,36,293,6779,4,660,1078,61,"Oji-River","Enugu","Southeast","enugu_oji_river",126587
581,91,1180,1918,60,50,84,60,55,91,60,52,91,57,795,1180,67,541,1918,28,"Ojo","Lagos","Southwest","lagos_ojo",598071
582,166,6365,1753,140,49,165,30,65,166,39,11,166,7,2607,6365,41,1321,1753,75,"Oju","Benue","North-Central","benue_oju",170236
583,115,785,1280,95,24,115,21,47,115,41,28,115,24,626,785,80,749,1280,59,"Okehi","Kogi","North-Central","kogi_okehi",199999
584,81,2663,1086,73,32,78,41,47,81,58,41,81,51,1417,2663,53,658,1086,61,"Okene","Kogi","North-Central","kogi_okene",320260
585,70,481,707,46,26,69,38,27,70,39,35,70,50,435,481,90,344,707,49,"Oke-Ero","Kwara","North-Central","kwara_oke_ero",57619
586,91,818,950,84,19,91,21,57,91,63,21,91,23,347,818,42,384,950,40,"Okigwe","Imo","Southeast","imo_okigwe",132237
587,111,4292,1421,108,17,110,15,57,111,51,26,111,23,3848,4292,90,911,1421,64,"Okitipupa","Ondo","Southwest","ondo_okitipupa",233565
588,52,580,548,50,3,50,6,31,52,60,21,52,40,227,580,39,321,548,59,"Okobo","Akwa Ibom","South-South","akwa_ibom_okobo",104057
589,79,748,1330,76,25,74,34,46,79,58,49,79,62,549,748,73,645,1330,48,"Okpe","Delta","South-South","delta_okpe",130029
590,50,405,584,35,19,39,49,19,50,38,19,50,38,314,405,78,174,584,30,"Okrika","Rivers","South-South","rivers_okrika",222026
591,91,632,903,82,5,89,6,33,91,36,6,91,7,1391,632,220,680,903,75,"Olamabolo","Kogi","North-Central","kogi_olamabolo",160152
592,58,499,408,55,11,58,19,18,58,31,15,58,26,340,499,68,266,408,65,"Ola-oluwa","Osun","Southwest","osun_ola_oluwa",76593
593,87,982,1319,58,37,79,47,60,87,69,50,87,57,859,982,87,660,1319,50,"Olorunda","Osun","Southwest","osun_olorunda",131761
594,89,2501,654,79,18,86,21,38,89,43,34,89,38,423,2501,17,443,654,68,"Olorunsogo","Oyo","Southwest","oyo_olorunsogo",81759
595,128,797,999,99,16,127,13,37,128,29,48,128,38,1609,797,202,686,999,69,"Oluyole","Oyo","Southwest","oyo_oluyole",202725
596,95,729,738,92,0,93,0,40,95,42,0,95,0,0,729,0,595,738,81,"Omala","Kogi","North-Central","kogi_omala",108402
597,26,246,246,26,9,26,35,8,26,31,5,26,19,0,246,0,172,246,70,"Omuma","Rivers","South-South","rivers_omuma",100366
598,168,1239,1793,141,8,168,5,76,168,45,53,168,32,842,1239,68,1199,1793,67,"Ona-ara","Oyo","Southwest","oyo_ona_ara",265059
599,62,494,672,61,6,60,10,22,62,35,16,62,26,12,494,2,482,672,72,"Ondo East","Ondo","Southwest","ondo_ondo_east",74758
600,89,2194,2232,82,12,89,13,44,89,49,23,89,26,1035,2194,47,1150,2232,52,"Ondo west","Ondo","Southwest","ondo_ondo_west",283672
601,25,143,162,19,3,19,16,3,19,16,2,19,11,1051,143,735,104,162,64,"Onicha","Ebonyi","Southeast","ebonyi_onicha",236828
602,57,2317,1990,55,28,56,50,48,57,84,38,57,67,687,2317,30,602,1990,30,"Onitsha North","Anambra","Southeast","anambra_onitsha_north",124942
603,69,1354,1638,66,36,68,53,60,69,87,31,69,45,832,1354,61,655,1638,40,"Onitsha","Anambra","Southeast","anambra_onitsha",136662
604,50,603,567,44,20,46,43,43,50,86,28,50,56,235,603,39,394,567,69,"Onna","Akwa Ibom","South-South","akwa_ibom_onna",123373
605,157,6086,1222,141,5,156,3,46,157,29,29,157,18,3320,6086,55,778,1222,64,"Okpokwu","Benue","North-Central","benue_okpokwu",176647
606,26,160,159,20,6,24,25,8,26,31,1,26,4,91,160,57,96,159,60,"Opobo/Nkoro","Rivers","South-South","rivers_opobo_nkoro",151511
607,63,510,1039,28,20,41,49,21,41,51,13,41,32,316,510,62,451,1039,43,"Oredo","Edo","South-South","edo_oredo",374671
608,86,2613,1072,74,16,84,19,33,86,38,24,86,28,2512,2613,96,788,1072,74,"Orelope","Oyo","Southwest","oyo_orelope",104441
609,112,3988,920,95,26,108,24,52,112,46,27,112,24,767,3988,19,543,920,59,"Oriade","Osun","Southwest","osun_oriade",148617
610,47,436,260,47,7,46,15,11,47,23,2,47,4,0,436,0,180,260,69,"OriIre","Oyo","Southwest","oyo_oriire",150628
611,77,3798,896,70,6,75,8,47,77,61,46,77,60,183,3798,5,328,896,37,"Orlu","Imo","Southeast","imo_orlu",142717
612,17,190,154,14,6,17,35,6,17,35,4,17,24,153,190,81,97,154,63,"Orolu","Osun","Southwest","osun_orolu",103077
613,29,1372,545,22,16,26,62,23,29,79,22,29,76,1295,1372,94,247,545,45,"Oron","Akwa Ibom","South-South","akwa_ibom_oron",87461
614,56,1586,635,55,16,56,29,40,56,71,26,56,46,2160,1586,136,407,635,64,"Orsu","Imo","Southeast","imo_orsu",120003
615,64,1573,488,61,10,63,16,17,64,27,20,64,31,211,1573,13,282,488,58,"Oru East","Imo","Southeast","imo_oru_east",111822
616,103,1085,1104,102,20,101,20,74,102,73,4,102,4,0,1085,0,715,1104,65,"Oruk Anam","Akwa Ibom","South-South","akwa_ibom_oruk_anam",172654
617,97,2251,1067,92,24,94,26,67,96,70,38,96,40,368,2251,16,481,1067,45,"Orumba North","Anambra","Southeast","anambra_orumba_north",172405
618,60,651,536,59,11,60,18,45,60,75,10,60,17,0,651,0,266,536,50,"Orumba South","Anambra","Southeast","anambra_orumba_south",187198
619,59,7544,544,52,8,54,15,37,59,63,25,59,42,3187,7544,42,292,544,54,"Oru West","Imo","Southeast","imo_oru_west",117492
620,69,777,678,60,13,58,22,30,69,43,28,69,41,1603,777,206,451,678,67,"Ose","Ondo","Southwest","ondo_ose",144901
621,87,1997,1212,79,30,83,36,64,87,74,40,87,46,1601,1997,80,554,1212,46,"Oshimili North","Delta","South-South","delta_oshimili_north",115316
622,101,1225,2150,94,77,98,79,86,101,85,73,101,72,1038,1225,85,1083,2150,50,"Oshimili South","Delta","South-South","delta_oshimili_south",149603
623,118,1609,2603,79,92,113,81,100,118,85,86,118,73,1314,1609,82,911,2603,35,"Oshodi-Isolo","Lagos","Southwest","lagos_oshodi_isolo",621509
624,39,363,574,35,11,39,28,12,39,31,3,39,8,174,363,48,358,574,62,"Osisioma Ngwa","Abia","Southeast","abia_osisioma_ngwa",219632
625,70,1808,1225,46,20,62,32,42,70,60,21,70,30,636,1808,35,711,1225,58,"Osogbo","Osun","Southwest","osun_osogbo",156694
626,139,1196,1725,113,4,131,3,48,139,35,39,139,28,741,1196,62,1093,1725,63,"Oturkpo","Benue","North-Central","benue_oturkpo",261666
627,31,175,218,29,2,31,6,6,31,19,2,31,6,112,175,64,175,218,80,"Ovia North East","Edo","South-South","edo_ovia_north_east",153849
628,44,3263,358,40,10,42,24,11,44,25,14,44,32,149,3263,5,297,358,83,"Ovia-South-West","Edo","South-South","edo_ovia_south_west",135356
629,56,1623,687,48,4,53,8,27,56,48,23,56,41,428,1623,26,542,687,79,"Owan East","Edo","South-South","edo_owan_east",154385
630,73,606,830,59,9,70,13,37,73,51,24,73,33,435,606,72,543,830,65,"Owan West","Edo","South-South","edo_owan_west",97388
631,46,800,1544,39,16,41,39,30,46,65,19,46,41,1502,800,188,482,1544,31,"Owerri-Municipal","Imo","Southeast","imo_owerri_municipal",127213
632,115,4165,1938,103,51,107,48,70,115,61,68,115,59,2801,4165,67,724,1938,37,"Owerri North","Imo","Southeast","imo_owerri_north",175395
633,83,945,1340,74,29,77,38,41,83,49,33,83,40,389,945,41,553,1340,41,"Owerri West","Imo","Southeast","imo_owerri_west",99265
634,78,7816,1086,77,6,73,8,37,78,47,41,78,53,1612,7816,21,649,1086,60,"Owo","Ondo","Southwest","ondo_owo",218886
635,101,2992,1282,86,12,97,12,57,101,56,12,101,12,2623,2992,88,875,1282,68,"Oye","Ekiti","Southwest","ekiti_oye",134210
636,35,351,356,33,9,34,26,20,35,57,11,35,31,126,351,36,202,356,57,"Oyi","Anambra","Southeast","anambra_oyi",168029
637,152,45798,1025,129,88,144,61,106,152,70,125,152,82,37576,45798,82,465,1025,45,"Oyigbo","Rivers","South-South","rivers_oyigbo",122687
638,148,2289,2066,111,20,147,14,87,148,59,61,148,41,1083,2289,47,1186,2066,57,"Oyo","Oyo","Southwest","oyo_oyo",136236
639,75,633,1164,56,9,74,12,41,75,55,30,75,40,537,633,85,622,1164,53,"Oyo East","Oyo","Southwest","oyo_oyo_east",123846
640,131,923,1497,95,70,126,56,59,131,45,44,131,34,627,923,68,771,1497,52,"Oyun","Kwara","North-Central","kwara_oyun",94253
641,195,2272,1769,179,70,191,37,43,195,22,29,195,15,917,2272,40,1055,1769,60,"Paikoro","Niger","North-Central","niger_paikoro",158086
642,168,1266,1347,149,17,161,11,16,168,10,5,168,3,849,1266,67,1017,1347,76,"Pankshin","Plateau","North-Central","plateau_pankshin",191685
643,35,313,519,34,5,29,17,8,35,23,8,35,23,210,313,67,305,519,59,"Patani","Delta","South-South","delta_patani",67707
644,142,795,959,116,31,139,22,45,142,32,35,142,25,634,795,80,555,959,58,"Patigi","Kwara","North-Central","kwara_patigi",112317
645,69,722,1492,57,45,66,68,44,69,64,43,69,62,484,722,67,406,1492,27,"Port-Harcourt","Rivers","South-South","rivers_port_harcourt",541115
646,53,544,977,40,7,50,14,32,53,60,2,53,4,476,544,88,632,977,65,"Potiskum","Yobe","Northeast","yobe_potiskum",205876
647,185,1192,1605,165,22,183,12,18,185,10,0,185,0,743,1192,62,974,1605,61,"Qua'an-Pan","Plateau","North-Central","plateau_qua_an_pan",196929
648,81,1347,413,77,23,80,29,39,81,48,10,81,12,246,1347,18,140,413,34,"Rabah","Sokoto","Northwest","sokoto_rabah",149165
649,133,703,1065,119,40,129,31,39,133,29,24,133,18,501,703,71,551,1065,52,"Rafi","Niger","North-Central","niger_rafi",181929
650,139,764,1091,132,20,118,17,53,139,38,39,139,28,557,764,73,403,1091,37,"Rano","Kano","Northwest","kano_rano",145439
651,51,523,691,44,19,51,37,37,51,73,24,51,47,407,523,78,424,691,61,"Remo North","Ogun","Southwest","ogun_remo_north",59911
652,101,540,697,89,33,99,33,35,101,35,12,101,12,431,540,80,439,697,63,"Rijau","Niger","North-Central","niger_rijau",176053
653,72,419,518,62,12,64,19,44,72,61,13,72,18,333,419,79,250,518,48,"Rimi","Katsina","Northwest","katsina_rimi",153744
654,88,424,783,80,28,78,36,29,88,33,18,88,20,284,424,67,250,783,32,"Rimin Gado","Kano","Northwest","kano_rimin_gado",104790
655,118,743,951,95,65,112,58,42,118,36,16,118,14,572,743,77,308,951,32,"Ringim","Jigawa","Northwest","jigawa_ringim",192024
656,73,561,674,72,24,73,33,15,73,21,5,73,7,0,561,0,440,674,65,"Riyom","Plateau","North-Central","plateau_riyom",131557
657,144,778,853,125,28,142,20,95,144,66,24,144,17,1361,778,175,366,853,43,"Rogo","Kano","Northwest","kano_rogo",227742
658,54,353,463,35,22,53,42,33,54,61,21,54,39,306,353,87,172,463,37,"Roni","Jigawa","Northwest","jigawa_roni",77819
659,149,1722,1155,120,20,147,14,24,149,16,11,149,7,1399,1722,81,246,1155,21,"Sabon-Birni","Sokoto","Northwest","sokoto_sabon_birni",207599
660,59,2496,1099,47,8,46,17,39,59,66,21,59,36,2297,2496,92,742,1099,68,"Sabon-Gari","Kaduna","Northwest","kaduna_sabon_gari",286871
661,78,394,355,66,31,76,41,53,77,69,33,77,43,2265,394,575,150,355,42,"Sabuwa","Katsina","Northwest","katsina_sabuwa",136050
662,NA,NA,NA,NA,NA,NA,NA,NA,NA,NA,NA,NA,NA,NA,NA,NA,NA,NA,NA,"Safana","Katsina","Northwest","katsina_safana",183779
663,106,801,1236,91,20,106,19,47,106,44,1,106,1,0,801,0,613,1236,50,"Sagbama","Bayelsa","South-South","bayelsa_sagbama",187146
664,69,315,363,69,21,67,31,23,69,33,2,69,3,256,315,81,122,363,34,"Sakaba","Kebbi","Northwest","kebbi_sakaba",89937
665,72,4420,612,71,6,69,9,5,72,7,6,72,8,2318,4420,52,419,612,68,"Saki East","Oyo","Southwest","oyo_saki_east",110223
666,150,8429,2080,119,25,148,17,74,150,49,47,150,31,998,8429,12,1255,2080,60,"Saki west","Oyo","Southwest","oyo_saki_west",278002
667,1,4,4,1,0,0,NA,0,1,0,0,1,0,4,4,100,3,4,75,"Sandamu","Katsina","Northwest","katsina_sandamu",137287
668,6,53,36,6,2,6,33,2,6,33,0,6,0,45,53,85,15,36,42,"Sanga","Kaduna","Northwest","kaduna_sanga",149333
669,208,2945,3244,195,80,191,42,139,208,67,90,208,43,1517,2945,52,1480,3244,46,"Sapele","Delta","South-South","delta_sapele",171888
670,191,1240,1639,163,1,190,1,83,191,43,0,191,0,649,1240,52,1043,1639,64,"Sardauna","Taraba","Northeast","taraba_sardauna",224437
671,164,2727,2418,128,95,157,61,123,164,75,66,164,40,1365,2727,50,1240,2418,51,"Shagamu","Ogun","Southwest","ogun_shagamu",253412
672,87,455,634,81,13,83,16,22,87,25,9,87,10,209,455,46,180,634,28,"Shagari","Sokoto","Northwest","sokoto_shagari",156413
673,31,159,316,31,5,31,16,15,31,48,0,31,0,140,159,88,74,316,23,"Shanga","Kebbi","Northwest","kebbi_shanga",127146
674,56,317,518,54,2,55,4,11,56,20,0,56,0,0,317,0,386,518,75,"Shani","Borno","Northeast","borno_shani",102317
675,123,675,960,112,27,119,23,40,123,33,6,123,5,62,675,9,321,960,33,"Shanono","Kano","Northwest","kano_shanono",140607
676,66,438,664,52,11,65,17,23,66,35,3,66,5,264,438,60,375,664,56,"Shelleng","Adamawa","Northeast","adamawa_shelleng",149069
677,188,1231,1381,171,32,182,18,35,188,19,7,188,4,879,1231,71,1105,1381,80,"Shendam","Plateau","North-Central","plateau_shendam",208017
678,77,530,821,70,15,77,19,36,77,47,4,77,5,407,530,77,343,821,42,"Shinkafi","Zamfara","Northwest","zamfara_shinkafi",135649
679,34,1177,147,31,14,34,41,16,34,47,7,34,21,142,1177,12,117,147,80,"Shira","Bauchi","Northeast","bauchi_shira",234014
680,175,1946,2058,160,42,172,24,45,175,26,27,175,15,459,1946,24,1002,2058,49,"Shiroro","Niger","North-Central","niger_shiroro",235404
681,52,272,355,46,8,51,16,17,52,33,13,52,25,220,272,81,204,355,57,"Shongom","Gombe","Northeast","gombe_shongom",151520
682,91,1253,1909,71,46,79,58,80,91,88,78,91,86,1048,1253,84,774,1909,41,"Shomolu","Lagos","Southwest","lagos_shomolu",402673
683,85,1406,394,61,9,85,11,15,85,18,8,85,9,1260,1406,90,85,394,22,"Silame","Sokoto","Northwest","sokoto_silame",104378
684,174,782,1316,164,38,173,22,72,174,41,10,174,6,588,782,75,631,1316,48,"Soba","Kaduna","Northwest","kaduna_soba",293270
685,33,501,1040,23,1,6,17,26,33,79,22,33,67,429,501,86,563,1040,54,"Sokoto North","Sokoto","Northwest","sokoto_sokoto_north",232846
686,29,611,844,21,3,6,50,29,29,100,27,29,93,538,611,88,571,844,68,"Sokoto South","Sokoto","Northwest","sokoto_sokoto_south",194914
687,105,655,983,99,0,65,0,49,105,47,12,105,11,0,655,0,0,983,0,"Song","Adamawa","Northeast","adamawa_song",192697
688,169,1192,966,167,8,169,5,35,169,21,5,169,3,0,1192,0,534,966,55,"Southern Ijaw","Bayelsa","South-South","bayelsa_southern_ijaw",319413
689,110,3008,1666,92,29,81,36,62,110,56,61,110,55,808,3008,27,929,1666,56,"Suleja","Niger","North-Central","niger_suleja",216578
690,102,565,574,98,31,98,32,29,101,29,6,102,6,0,565,0,297,574,52,"Sule Tankakar","Jigawa","Northwest","jigawa_sule_tankakar",130849
691,81,506,696,74,33,81,41,36,81,44,7,81,9,288,506,57,231,696,33,"Sumaila","Kano","Northwest","kano_sumaila",253661
692,85,518,634,82,20,82,24,35,85,41,8,85,9,0,518,0,258,634,41,"Suru","Kebbi","Northwest","kebbi_suru",150230
693,125,846,1086,115,19,125,15,25,125,20,13,125,10,671,846,79,623,1086,57,"Surulere","Oyo","Southwest","oyo_surulere",142070
694,131,1505,1850,101,58,112,52,112,131,85,96,131,73,1313,1505,87,663,1850,36,"Surulere","Lagos","Southwest","lagos_surulere",503975
695,61,464,587,53,22,57,39,27,61,44,21,61,34,355,464,77,289,587,49,"Tafa","Niger","North-Central","niger_tafa",83544
696,40,191,285,37,7,40,18,2,40,5,1,40,2,97,191,51,138,285,48,"Tafawa-Balewa","Bauchi","Northeast","bauchi_tafawa_balewa",219988
697,41,1283,320,30,7,35,20,11,41,27,10,41,24,194,1283,15,188,320,59,"Tai","Rivers","South-South","rivers_tai",117797
698,88,629,612,87,30,84,36,43,88,49,8,88,9,0,629,0,143,612,23,"Takai","Kano","Northwest","kano_takai",202743
699,129,1066,1146,125,32,129,25,33,129,26,8,129,6,19,1066,2,693,1146,60,"Takum","Taraba","Northeast","taraba_takum",135349
700,106,626,1187,84,29,103,28,30,106,28,9,106,8,483,626,77,589,1187,50,"Talata-Mafara","Zamfara","Northwest","zamfara_talata_mafara",215178
701,107,830,1211,107,21,107,20,19,107,18,16,107,15,0,830,0,441,1211,36,"Tambuwal","Sokoto","Northwest","sokoto_tambuwal",224931
702,79,368,482,77,10,79,13,24,79,30,8,79,10,232,368,63,65,482,13,"Tangaza","Sokoto","Northwest","sokoto_tangaza",113853
703,70,755,1504,61,23,49,47,50,70,71,45,70,64,533,755,71,823,1504,55,"Tarauni","Kano","Northwest","kano_tarauni",221367
704,100,748,785,90,31,97,32,48,100,48,18,100,18,510,748,68,552,785,70,"Tarka","Benue","North-Central","benue_tarka",79494
705,36,2185,179,30,11,35,31,18,36,50,0,36,0,2138,2185,98,89,179,50,"Tarmuwa","Yobe","Northeast","yobe_tarmuwa",77204
706,76,1362,489,59,45,73,62,40,76,53,13,76,17,1232,1362,90,254,489,52,"Taura","Jigawa","Northwest","jigawa_taura",131757
707,91,2404,704,83,10,91,11,24,91,26,0,91,0,247,2404,10,279,704,40,"Teungo","Adamawa","Northeast","adamawa_teungo",52040
708,77,429,668,72,29,73,40,42,77,55,32,77,42,303,429,71,284,668,43,"Tofa","Kano","Northwest","kano_tofa",97734
709,122,900,1202,89,46,114,40,40,118,34,26,118,22,727,900,81,803,1202,67,"Toro","Bauchi","Northeast","bauchi_toro",350404
710,139,900,1456,139,19,138,14,18,139,13,1,139,1,0,900,0,654,1456,45,"Toto","Nasarawa","North-Central","nasarawa_toto",119077
711,117,1647,971,104,25,116,22,28,117,24,10,117,9,458,1647,28,555,971,57,"Tsafe","Zamfara","Northwest","zamfara_tsafe",266008
712,139,688,860,128,63,139,45,50,139,36,47,139,34,437,688,64,323,860,38,"Tsanyawa","Kano","Northwest","kano_tsanyawa",157680
713,141,646,1234,124,23,141,16,37,141,26,12,141,9,459,646,71,397,1234,32,"Tudun-Wada","Kano","Northwest","kano_tudun_wada",231742
714,59,1267,348,55,8,57,14,41,59,69,6,59,10,210,1267,17,129,348,37,"Tureta","Sokoto","Northwest","sokoto_tureta",68370
715,112,1136,1618,104,6,107,6,37,112,33,22,112,20,2301,1136,203,1066,1618,66,"Udenu","Enugu","Southeast","enugu_udenu",178466
716,152,2169,1953,131,23,130,18,50,141,35,57,141,40,642,2169,30,1058,1953,54,"Udi","Enugu","Southeast","enugu_udi",234002
717,133,1557,2353,119,50,125,40,67,133,50,73,133,55,1052,1557,68,1253,2353,53,"Udu","Delta","South-South","delta_udu",143361
718,14,170,164,12,3,14,21,10,14,71,2,14,14,82,170,48,139,164,85,"Udung Uko","Akwa Ibom","South-South","akwa_ibom_udung_uko",53278
719,198,2975,3158,196,78,183,43,96,198,48,91,198,46,1497,2975,50,1491,3158,47,"Ughelli North","Delta","South-South","delta_ughelli_north",321028
720,101,1017,1745,94,22,93,24,39,101,39,38,101,38,544,1017,53,984,1745,56,"Ughelli South","Delta","South-South","delta_ughelli_south",213576
721,39,2501,577,37,11,37,30,16,39,41,9,39,23,152,2501,6,432,577,75,"Ugwunagbo","Abia","Southeast","abia_ugwunagbo",82618
722,66,519,729,63,11,64,17,13,66,20,8,66,12,337,519,65,626,729,86,"Uhunmwonde","Edo","South-South","edo_uhunmwonde",120813
723,84,1826,1040,77,12,82,15,63,84,75,6,84,7,2239,1826,123,749,1040,72,"Ukanafun","Akwa Ibom","South-South","akwa_ibom_ukanafun",127033
724,187,1106,1398,175,32,186,17,43,187,23,12,187,6,1583,1106,143,1076,1398,77,"Ukum","Benue","North-Central","benue_ukum",216930
725,22,223,296,21,4,22,18,8,22,36,2,22,9,87,223,39,203,296,69,"Ukwa East","Abia","Southeast","abia_ukwa_east",58865
726,22,205,267,19,3,19,16,11,19,58,14,19,74,101,205,49,157,267,59,"Ukwa West","Abia","Southeast","abia_ukwa_west",88555
727,98,1047,1271,85,49,92,53,46,97,47,20,98,20,0,1047,0,628,1271,49,"Ukwuani","Delta","South-South","delta_ukwuani",120390
728,76,996,1493,65,25,76,33,47,76,62,33,76,43,657,996,66,632,1493,42,"Umuahia North","Abia","Southeast","abia_umuahia_north",220660
729,53,691,1049,49,13,52,25,36,52,69,11,52,21,235,691,34,556,1049,53,"Umuahia South","Abia","Southeast","abia_umuahia_south",138570
730,63,679,969,61,3,63,5,30,63,48,16,63,25,222,679,33,658,969,68,"Umu-Neochi","Abia","Southeast","abia_umu_neochi",163928
731,48,1448,727,35,22,44,50,38,45,84,14,45,31,1366,1448,94,285,727,39,"Ungogo","Kano","Northwest","kano_ungogo",369657
732,51,487,427,51,11,51,22,26,51,51,9,51,18,0,487,0,228,427,53,"Unuimo","Imo","Southeast","imo_unuimo",99247
733,78,953,989,71,20,76,26,57,78,73,26,78,33,459,953,48,491,989,50,"Uruan","Akwa Ibom","South-South","akwa_ibom_uruan",118300
734,34,342,487,27,5,33,15,25,34,74,13,34,38,110,342,32,314,487,64,"Urue Offong/Oruko","Akwa Ibom","South-South","akwa_ibom_urue_offong_oruko",71159
735,156,2091,1292,137,48,154,31,63,156,40,8,156,5,855,2091,41,908,1292,70,"Ushongo","Benue","North-Central","benue_ushongo",188341
736,151,1033,1137,124,24,149,16,27,151,18,1,151,1,500,1033,48,748,1137,66,"Ussa","Taraba","Northeast","taraba_ussa",92017
737,256,3309,4882,243,178,228,78,218,256,85,212,256,83,3014,3309,91,2062,4882,42,"Uvwie","Delta","South-South","delta_uvwie",191472
738,9,229,349,7,6,8,75,7,9,78,8,9,89,172,229,75,102,349,29,"Uyo","Akwa Ibom","South-South","akwa_ibom_uyo",309573
739,72,442,793,68,4,71,6,13,72,18,9,72,12,138,442,31,563,793,71,"Uzo Uwani","Enugu","Southeast","enugu_uzo_uwani",124480
740,135,1177,1331,121,30,135,22,41,135,30,12,135,9,718,1177,61,939,1331,71,"Vandeikya","Benue","North-Central","benue_vandeikya",230120
741,68,383,698,61,8,60,13,31,68,46,11,68,16,236,383,62,363,698,52,"Wammako","Sokoto","Northwest","sokoto_wammako",179619
742,184,1324,1890,171,22,183,12,47,184,26,25,184,14,298,1324,23,1155,1890,61,"Wamba","Nasarawa","North-Central","nasarawa_wamba",72894
743,114,1437,739,107,26,108,24,68,114,60,14,114,12,1309,1437,91,301,739,41,"Warawa","Kano","Northwest","kano_warawa",128787
744,84,363,669,69,20,82,24,36,83,43,4,83,5,277,363,76,393,669,59,"Warji","Bauchi","Northeast","bauchi_warji",114720
745,56,343,300,53,7,56,12,14,56,25,5,56,9,197,343,57,159,300,53,"Warri North","Delta","South-South","delta_warri_north",137300
746,90,2145,2067,87,54,89,61,67,90,74,62,90,69,848,2145,40,1043,2067,50,"Warri South","Delta","South-South","delta_warri_south",303417
747,45,363,521,42,8,41,20,16,45,36,4,45,9,0,363,0,293,521,56,"Warri South West","Delta","South-South","delta_warri_south_west",116681
748,117,638,835,103,31,114,27,58,117,50,4,117,3,395,638,62,420,835,50,"Wasagu/Danko","Kebbi","Northwest","kebbi_wasagu_danko",265203
749,160,857,1417,140,13,154,8,13,155,8,4,155,3,296,857,35,874,1417,62,"Wase","Plateau","North-Central","plateau_wase",161714
750,110,702,934,103,28,66,42,70,110,64,27,110,25,450,702,64,358,934,38,"Wudil","Kano","Northwest","kano_wudil",185189
751,NA,NA,NA,NA,NA,NA,NA,NA,NA,NA,NA,NA,NA,NA,NA,NA,NA,NA,NA,"Wukari","Taraba","Northeast","taraba_wukari",241546
752,76,346,374,70,14,73,19,25,76,33,8,76,11,217,346,63,170,374,45,"Wurno","Sokoto","Northwest","sokoto_wurno",162307
753,78,552,467,76,10,77,13,20,78,26,7,78,9,0,552,0,154,467,33,"Wushishi","Niger","North-Central","niger_wushishi",81783
754,68,282,459,38,8,64,12,29,68,43,17,68,25,2170,282,770,158,459,34,"Yabo","Sokoto","Northwest","sokoto_yabo",115011
755,74,613,1052,62,19,70,27,38,74,51,19,74,26,498,613,81,659,1052,63,"Yagba East","Kogi","North-Central","kogi_yagba_east",149023
756,89,766,1168,64,33,87,38,36,89,40,28,89,31,537,766,70,788,1168,67,"Yagba West","Kogi","North-Central","kogi_yagba_west",140150
757,93,3959,1887,84,30,85,35,57,93,61,35,93,38,549,3959,14,962,1887,51,"Yakurr","Cross River","South-South","cross_river_yakurr",196450
758,145,1342,1452,142,51,144,35,45,145,31,11,145,8,0,1342,0,814,1452,56,"Yala","Cross River","South-South","cross_river_yala",210843
759,121,695,1415,88,25,94,27,58,121,48,25,121,21,489,695,70,734,1415,52,"Yalmatu/Deba","Gombe","Northeast","gombe_yalmatu_deba",255248
760,46,244,413,32,19,43,44,20,46,43,4,46,9,196,244,80,184,413,45,"Yankwashi","Jigawa","Northwest","jigawa_yankwashi",95759
761,41,287,545,36,11,39,28,20,41,49,7,41,17,196,287,68,300,545,55,"Yauri","Kebbi","Northwest","kebbi_yauri",88777
762,88,9488,1264,49,14,82,17,39,88,44,36,88,41,338,9488,4,528,1264,42,"Yenagoa","Bayelsa","South-South","bayelsa_yenagoa",353344
763,50,861,1712,38,20,33,61,37,50,74,40,50,80,639,861,74,1165,1712,68,"Yola North","Adamawa","Northeast","adamawa_yola_north",198247
764,98,22694,2034,75,24,85,28,62,98,63,36,98,37,12574,22694,55,1161,2034,57,"Yola South","Adamawa","Northeast","adamawa_yola_south",194607
765,37,232,509,34,7,36,19,9,37,24,0,37,0,167,232,72,311,509,61,"Yorro","Taraba","Northeast","taraba_yorro",89410
766,53,269,257,52,15,53,28,19,53,36,1,53,2,0,269,0,68,257,26,"Yunusari","Yobe","Northeast","yobe_yunusari",125821
767,13,53,43,11,5,9,56,3,13,23,0,13,0,40,53,75,9,43,21,"Yusufari","Yobe","Northeast","yobe_yusufari",111086
768,NA,NA,NA,NA,NA,NA,NA,NA,NA,NA,NA,NA,NA,NA,NA,NA,NA,NA,NA,"Zakki","Bauchi","Northeast","bauchi_zakki",191457
769,92,629,902,75,19,92,21,37,92,40,8,92,9,377,629,60,215,902,24,"Zango","Katsina","Northwest","katsina_zango",154743
770,211,1203,1346,207,14,211,7,20,211,9,14,211,7,750,1203,62,952,1346,71,"Zangon Kataf","Kaduna","Northwest","kaduna_zangon_kataf",316370
771,128,962,2156,115,46,121,38,89,128,70,36,128,28,862,962,90,1579,2156,73,"Zaria","Kaduna","Northwest","kaduna_zaria",408198
772,69,1403,702,62,16,69,23,23,69,33,3,69,4,214,1403,15,367,702,52,"Zing","Taraba","Northeast","taraba_zing",127363
773,113,595,610,113,28,106,26,54,113,48,4,113,4,0,595,0,333,610,55,"Zurmi","Zamfara","Northwest","zamfara_zurmi",293837
774,73,526,1128,70,20,71,28,29,73,40,6,73,8,413,526,79,590,1128,52,"Zuru","Kebbi","Northwest","kebbi_zuru",165547
