"lga_id","total_facilities","total_hospitals","total_phcentres","total_phclinics","total_phclinics.1","total_sec_tertiary","improved_water_supply","improved_sanitation","power_sources_grid","any_power_available","emerg_tran","sba","delivery_services_yn","c_section_yn","antenatal_care_yn","family_planning_yn","child_health_measles_immun","vaccines_fridge_freezer","medication_anti_malarials","phcentre","phclinic","dispensary","lga","state","zone","pop_2006"
2,20,1,12,5,1,1,9,15,9,12,3,9,1,1,19,12,15,9,0,0,2,15,"Abaji","FCT","North-Central",58444
3,12,0,8,2,2,0,5,8,6,6,1,9,10,1,11,9,0,0,5,1,0,10,"Abak","Akwa Ibom","South-South",139090
4,24,8,5,3,2,6,6,7,4,7,13,13,18,9,19,16,0,1,3,0,1,17,"Abakaliki","Ebonyi","Southeast",151723
5,10,0,5,2,2,1,4,4,4,6,6,6,6,1,8,10,0,0,6,2,2,9,"Aba North","Abia","Southeast",107488
6,22,4,11,1,2,4,8,10,8,13,10,14,16,6,17,18,0,1,8,3,3,13,"Aba South","Abia","Southeast",423852
7,65,4,14,19,1,27,14,19,14,18,25,40,62,7,63,44,0,1,18,0,0,26,"Abeokuta North","Ogun","Southwest",201329
8,61,14,8,9,5,25,4,8,10,11,37,48,47,18,45,39,0,0,7,1,2,14,"Abeokuta South","Ogun","Southwest",250278
9,42,0,11,2,27,2,31,12,35,37,11,2,24,1,38,31,0,3,19,0,1,39,"Abi","Cross River","South-South",144802
10,35,5,9,4,2,15,7,7,12,12,23,28,31,16,34,20,0,0,6,1,1,11,"Aboh Mbaise","Imo","Southeast",195652
11,9,1,7,0,1,0,5,5,6,6,4,6,7,1,8,7,0,0,3,2,3,6,"Abua Odual","Rivers","South-South",282988
12,24,3,11,2,3,5,11,6,5,6,14,4,17,4,18,14,0,0,6,0,1,19,"Adavi","Kogi","North-Central",202194
13,34,10,3,14,0,7,3,10,8,9,16,17,20,10,21,18,0,0,9,2,1,21,"Ado-Ekiti","Ekiti","Southwest",308621
14,57,2,16,18,5,16,9,17,20,22,9,24,52,11,53,47,0,2,15,0,0,26,"Ado-Odo/Ota","Ogun","Southwest",526565
15,28,5,19,3,0,1,18,11,11,13,21,7,25,4,27,24,0,0,18,0,0,18,"Afijio","Oyo","Southwest",134173
16,6,0,3,2,1,0,3,4,4,4,3,0,6,0,6,1,0,0,3,0,0,5,"Afikpo North","Ebonyi","Southeast",156611
17,21,2,11,0,8,0,3,11,6,11,1,4,0,0,21,6,15,7,0,0,0,15,"Afikpo South","Ebonyi","Southeast",157072
18,48,1,8,19,15,5,22,10,19,20,6,2,23,2,25,21,0,1,8,0,0,44,"Agaie","Niger","North-Central",132907
19,44,2,14,11,15,2,3,8,3,6,1,4,38,1,37,25,0,0,12,1,0,38,"Agatu","Benue","North-Central",115523
20,32,0,11,15,5,1,11,12,2,26,6,2,27,2,27,23,0,0,12,0,0,27,"Agwara","Niger","North-Central",57413
21,39,5,13,6,2,13,9,9,9,10,33,36,36,23,36,31,0,1,9,2,1,12,"Agege","Lagos","Southwest",459939
22,48,11,19,2,10,6,1,15,22,22,10,16,31,14,28,22,0,2,14,0,0,29,"Aguata","Anambra","Southeast",370172
23,36,8,17,5,1,5,6,15,15,17,14,26,32,9,33,17,0,0,13,0,2,17,"Ahiazu-Mbaise","Imo","Southeast",170902
24,10,0,7,2,1,0,1,5,6,7,1,2,8,0,9,7,0,0,4,0,0,10,"Ahoada East","Rivers","South-South",166747
25,14,0,9,2,0,3,5,5,1,4,3,5,12,1,11,11,0,0,3,0,0,7,"Ahoada West","Rivers","South-South",249425
26,11,1,5,3,1,1,5,4,7,8,2,5,0,0,9,5,6,4,0,0,2,8,"Ajaokuta","Kogi","North-Central",122321
27,40,12,11,8,1,8,4,6,5,6,32,36,36,24,37,33,0,0,5,1,3,14,"Ajeromi-Ifelodun","Lagos","Southwest",684105
28,24,0,1,3,20,0,18,12,7,7,5,1,2,1,11,3,0,0,12,0,0,12,"Ajingi","Kano","Northwest",174137
29,28,2,14,4,8,0,8,12,5,14,8,7,21,1,23,21,0,2,10,1,0,16,"Akamkpa","Cross River","South-South",151125
30,40,5,20,3,4,8,9,11,16,17,12,14,30,4,34,31,0,0,8,0,0,19,"Akinyele","Oyo","Southwest",211359
31,50,3,9,8,11,19,28,40,25,35,8,11,0,0,41,34,40,23,0,5,6,44,"Akko","Gombe","Northeast",337853
32,33,1,30,0,0,2,7,17,27,28,7,9,30,4,30,30,0,0,15,0,0,26,"Akoko-Edo","Edo","South-South",262110
33,35,6,12,13,1,3,18,28,30,31,10,15,0,0,31,26,18,5,0,0,1,20,"Akoko North East","Ondo","Southwest",175409
34,25,2,14,6,0,3,23,19,26,26,8,13,7,0,22,19,0,5,0,0,0,21,"Akoko North West","Ondo","Southwest",213792
35,32,3,1,25,0,3,11,20,17,23,13,8,25,1,28,14,0,3,8,0,0,29,"Akoko South West","Ondo","Southwest",229486
36,16,1,4,11,0,0,3,9,12,12,1,7,11,1,13,10,0,0,1,0,0,12,"Akoko South East","Ondo","Southwest",82426
37,30,1,9,10,9,1,17,14,16,20,9,4,15,1,26,30,0,0,22,1,1,28,"Akpabuyo","Cross River","South-South",271395
38,8,2,3,0,0,3,7,8,2,5,0,4,0,0,8,6,6,3,0,1,2,7,"Akuku Toru","Rivers","South-South",156006
39,25,2,5,16,1,1,6,12,14,17,5,8,17,2,21,17,0,2,4,0,0,18,"Akure North","Ondo","Southwest",131587
40,37,5,3,23,1,5,13,23,17,24,12,13,31,6,35,28,0,6,7,2,2,29,"Akure South","Ondo","Southwest",353211
41,46,1,18,27,0,0,17,11,4,10,3,4,0,0,41,42,42,4,0,3,3,46,"Akwanga","Nasarawa","North-Central",113430
42,24,0,1,3,20,0,8,3,3,4,1,1,2,0,10,4,0,0,9,0,0,11,"Albasu","Kano","Northwest",190153
43,19,2,7,3,7,0,13,13,8,13,2,5,12,1,11,12,0,0,7,0,0,15,"Aliero","Kebbi","Northwest",65972
44,50,12,20,3,6,9,24,24,19,26,39,27,31,15,47,44,0,1,18,3,0,24,"Alimosho","Lagos","Southwest",1277714
45,33,1,5,8,16,3,11,20,10,14,6,4,20,3,18,22,0,0,10,0,1,28,"Alkaleri","Bauchi","Northeast",329424
46,43,15,13,10,0,5,3,4,4,4,39,32,35,23,37,37,0,0,2,0,0,9,"Amuwo-Odofin","Lagos","Southwest",318166
47,7,0,5,0,1,1,1,5,2,2,1,3,5,0,6,5,0,0,4,0,1,7,"Anambra East","Anambra","Southeast",153331
48,21,1,14,3,2,1,12,10,0,8,0,1,0,0,17,7,15,8,0,0,0,14,"Anambra West","Anambra","Southeast",167416
49,22,6,12,0,0,4,6,12,13,13,5,12,22,7,22,14,0,0,13,0,1,14,"Anaocha","Anambra","Southeast",285002
50,28,1,23,2,1,1,3,8,1,5,5,6,15,1,22,18,0,0,20,1,3,25,"Andoni","Rivers","South-South",211009
51,13,0,8,1,2,2,4,8,4,6,2,2,0,0,13,5,12,2,0,0,0,11,"Aninri","Enugu","Southeast",133723
52,30,6,17,3,0,4,0,14,17,21,12,12,26,10,29,24,0,0,6,0,0,15,"Aniocha North","Delta","South-South",104711
53,27,5,17,0,0,5,5,20,12,16,13,9,27,5,27,22,0,0,13,0,0,12,"Aniocha South","Delta","South-South",140604
54,34,2,7,1,23,1,12,9,4,8,3,6,11,1,10,16,0,0,2,0,0,24,"Anka","Zamfara","Northwest",142280
55,59,3,50,4,0,2,4,16,12,16,11,10,44,4,48,30,0,1,14,0,4,47,"Ankpa","Kogi","North-Central",267353
56,47,1,19,19,7,1,3,12,5,9,2,3,34,2,38,26,0,1,9,0,1,42,"Apa","Benue","North-Central",96765
57,32,9,6,10,5,2,7,7,2,7,21,28,18,11,23,21,0,1,6,0,0,8,"Apapa","Lagos","Southwest",217362
58,37,1,3,13,19,1,15,8,8,11,0,2,0,0,21,12,25,11,0,0,0,24,"Ado","Benue","North-Central",178882
59,20,0,2,8,8,2,11,9,2,4,9,3,15,1,14,9,0,0,9,0,0,20,"Ardo-Kola","Taraba","Northeast",86921
60,23,0,3,1,19,0,3,4,2,5,4,2,10,0,8,8,0,0,2,0,1,22,"Arewa-Dandi","Kebbi","Northwest",184030
61,34,1,8,1,22,2,14,19,10,13,15,4,10,2,15,12,0,0,2,0,1,27,"Argungu","Kebbi","Northwest",195484
62,23,3,16,0,2,2,6,9,9,16,1,3,18,1,21,12,0,0,5,1,1,11,"Arochukwu","Abia","Southeast",170206
63,49,2,8,14,21,4,27,19,16,19,0,8,0,0,43,19,31,3,0,0,1,43,"Asa","Kwara","North-Central",126435
64,14,1,13,0,0,0,5,6,6,9,3,6,10,0,10,7,0,0,9,4,4,11,"Asari Toru","Rivers","South-South",220100
65,26,3,5,4,13,1,2,10,4,6,3,7,11,1,11,7,0,0,3,0,1,16,"Askira/Uba","Borno","Northeast",138091
66,44,0,33,9,0,2,10,17,10,12,0,0,0,0,41,18,29,5,0,0,0,25,"Atakunmosa East","Osun","Southwest",76197
67,33,0,19,4,5,5,4,9,20,20,5,4,28,1,26,19,0,0,2,0,0,30,"Atakunmosa West","Osun","Southwest",68643
68,25,1,8,6,3,7,4,11,7,11,12,9,20,3,24,17,0,0,11,0,1,17,"Atiba","Oyo","Southwest",169702
69,24,2,9,8,0,5,4,13,13,15,12,12,21,3,22,19,0,1,10,0,0,8,"Atisbo","Oyo","Southwest",110792
70,35,2,7,5,21,0,19,9,2,11,0,1,0,0,7,5,10,11,0,0,1,16,"Augie","Kebbi","Northwest",117287
71,17,0,2,4,11,0,15,7,4,8,1,2,4,1,6,11,0,1,4,1,1,16,"Auyo","Jigawa","Northwest",132001
72,45,1,18,15,8,3,13,10,4,11,8,5,35,3,34,37,0,0,18,0,2,43,"Awe","Nasarawa","North-Central",112574
73,23,2,14,1,2,4,1,4,8,11,6,8,20,4,19,11,0,0,10,0,3,12,"Awgu","Enugu","Southeast",198134
74,22,3,9,1,9,0,12,15,10,10,5,5,0,0,19,12,18,6,0,0,0,15,"Awka North","Anambra","Southeast",112608
75,17,7,8,1,1,0,5,7,8,9,7,8,13,4,16,8,0,0,9,0,1,11,"Awka South","Anambra","Southeast",189049
76,19,1,10,1,6,1,2,8,2,7,0,6,15,2,16,6,0,0,14,0,0,13,"Ayamelum","Anambra","Southeast",158410
77,48,1,13,13,8,13,9,13,6,9,17,9,39,3,44,25,0,1,9,0,1,35,"Ayedaade","Osun","Southwest",150392
78,28,0,18,2,2,6,6,11,7,10,7,8,25,0,27,12,0,0,6,0,0,24,"Ayedire","Osun","Southwest",75846
79,16,1,4,6,5,0,13,8,3,9,4,3,9,1,12,10,0,0,9,2,3,15,"Babura","Jigawa","Northwest",208101
80,45,3,20,5,1,16,16,15,16,21,31,30,34,15,39,34,0,2,18,0,0,26,"Badagry","Lagos","Southwest",241093
81,15,1,3,0,11,0,6,6,4,10,0,3,5,1,5,6,0,0,2,0,1,9,"Bagudo","Kebbi","Northwest",237817
82,15,0,2,4,9,0,8,4,3,3,0,1,2,0,7,3,0,0,4,0,0,7,"Bagwai","Kano","Northwest",162847
83,2,0,0,0,2,0,1,0,1,1,0,0,0,0,2,2,0,0,0,0,0,2,"Bakassi","Cross River","South-South",32385
84,63,1,20,26,16,0,7,8,3,7,11,6,39,1,39,39,0,0,21,0,1,56,"Bokkos","Plateau","North-Central",178454
85,38,0,6,4,28,0,10,11,7,7,1,1,9,1,18,12,0,0,13,0,1,23,"Bakori","Katsina","Northwest",149371
86,21,0,4,2,15,0,6,6,6,10,1,2,3,0,10,10,0,0,0,0,0,19,"Bakura","Zamfara","Northwest",186905
87,37,3,5,4,10,15,15,17,8,15,1,9,0,0,27,15,18,8,0,2,6,35,"Balanga","Gombe","Northeast",212549
88,51,0,11,11,24,5,26,23,2,10,0,8,0,0,29,10,13,6,0,0,2,45,"Bali","Taraba","Northeast",208935
89,17,1,4,7,4,1,8,8,3,5,4,4,10,1,11,7,0,0,5,0,3,13,"Bama","Borno","Northeast",269986
90,19,1,2,3,11,2,11,12,9,11,10,3,6,1,6,6,0,0,5,0,1,14,"Barde","Yobe","Northeast",139782
91,64,2,33,18,7,4,18,19,8,15,5,9,53,5,56,58,0,1,24,0,2,55,"Barkin-Ladi","Plateau","North-Central",175267
92,66,3,7,18,37,1,16,7,3,8,30,11,47,4,50,36,0,0,15,0,4,46,"Baruten","Kwara","North-Central",209459
93,20,0,4,14,2,0,3,4,0,1,12,1,16,0,16,7,0,0,0,0,0,14,"Bassa","Kogi","North-Central",139993
94,49,3,30,7,7,2,11,14,12,14,8,6,29,5,26,36,0,2,16,0,0,45,"Bassa","Plateau","North-Central",186859
95,53,0,2,21,29,1,12,46,8,16,14,3,5,0,20,10,0,0,7,0,1,40,"Batagarawa","Katsina","Northwest",184575
96,78,0,11,20,45,2,21,17,5,10,12,1,12,2,18,11,0,0,14,0,1,62,"Batsari","Katsina","Northwest",208978
97,70,5,16,17,16,16,37,49,47,54,18,39,53,9,50,54,0,3,37,6,22,66,"Bauchi","Bauchi","Northeast",493810
98,42,1,9,11,20,1,21,16,10,13,6,1,10,3,14,16,0,0,8,0,0,33,"Baure","Katsina","Northwest",197425
99,21,1,6,2,11,1,11,8,2,8,2,2,15,1,13,8,0,0,4,0,0,19,"Bayo","Borno","Northeast",78978
100,19,2,1,2,14,0,4,4,12,14,5,4,5,2,5,11,0,1,6,1,1,15,"Bebeji","Kano","Northwest",188859
101,59,2,11,6,36,4,16,16,12,27,8,2,51,3,56,19,0,0,40,2,1,55,"Bekwara","Cross River","South-South",105822
102,49,1,34,6,5,3,7,34,23,32,7,4,47,1,47,36,0,1,21,0,0,38,"Bende","Abia","Southeast",192111
103,44,3,16,10,14,1,18,12,18,28,11,7,35,2,33,31,0,1,18,0,1,38,"Biase","Cross River","South-South",169183
104,42,1,5,4,32,0,14,14,8,12,3,2,6,1,19,8,0,0,33,0,1,25,"Bichi","Kano","Northwest",277099
105,35,4,10,5,11,5,17,15,18,19,10,11,25,7,32,22,0,0,18,0,1,28,"Bida","Niger","North-Central",188181
106,37,1,7,8,14,7,11,9,5,7,3,5,15,3,14,20,0,1,18,0,1,35,"Billiri","Gombe","Northeast",202144
107,37,0,4,7,25,1,8,5,7,10,7,1,5,0,13,4,0,0,8,0,1,29,"Bindawa","Katsina","Northwest",152356
108,24,1,3,4,16,0,14,12,3,11,1,2,0,0,11,8,9,5,0,0,0,19,"Binji","Sokoto","Northwest",105027
109,27,1,2,12,12,0,15,8,4,7,4,5,5,3,9,11,0,0,12,1,1,25,"Biriniwa","Jigawa","Northwest",142329
110,53,1,13,31,7,1,22,24,19,19,1,3,0,0,32,22,38,10,0,1,0,35,"Birnin Gwari","Kaduna","Northwest",252363
111,28,1,7,7,13,0,14,14,14,19,6,5,12,1,16,14,0,0,8,1,1,21,"Birnin-Kebbi","Kebbi","Northwest",268420
112,6,1,1,1,3,0,3,3,1,1,4,3,2,1,5,3,0,0,3,1,1,5,"Birnin-Kudu","Jigawa","Northwest",313373
113,39,1,3,4,31,0,14,13,3,3,0,2,14,1,11,15,0,0,1,0,0,33,"Birnin-Magaji","Zamfara","Northwest",178619
114,14,2,4,3,3,2,2,10,7,7,6,5,11,3,9,9,0,0,4,0,2,11,"Biu","Borno","Northeast",176072
115,20,1,3,0,16,0,7,14,4,7,1,4,5,1,9,14,0,0,3,0,1,17,"Bodinga","Sokoto","Northwest",175406
116,19,1,8,7,2,1,10,5,2,2,6,2,14,3,15,17,0,0,4,0,2,16,"Bogoro","Bauchi","Northeast",84215
117,53,1,36,2,12,2,23,20,5,15,0,5,0,0,41,27,14,9,0,1,1,32,"Boki","Cross River","South-South",186141
118,24,1,7,0,6,10,7,7,8,9,7,5,17,0,20,13,0,1,11,0,0,20,"Boluwaduro","Osun","Southwest",70775
119,15,1,8,1,1,4,9,7,5,7,6,8,13,4,12,8,0,0,6,0,0,9,"Bomadi","Delta","South-South",86644
120,9,2,6,0,0,1,4,5,5,5,2,4,7,3,6,8,0,1,5,0,0,8,"Bonny","Rivers","South-South",215358
121,49,3,28,13,3,2,17,10,8,18,7,13,42,9,42,38,0,1,11,2,4,44,"Borgu","Niger","North-Central",171965
122,30,0,0,5,13,12,4,10,7,7,3,10,21,1,26,20,0,2,2,0,2,21,"Boripe","Osun","Southwest",139358
123,31,1,6,3,19,2,12,13,3,5,3,0,11,0,10,10,0,1,11,0,0,18,"Bosari","Yobe","Northeast",109124
124,56,0,21,24,7,4,23,21,22,23,16,5,40,2,47,40,0,1,9,1,2,47,"Bosso","Niger","North-Central",147359
125,15,2,6,0,5,2,9,11,0,7,0,4,0,0,9,7,6,5,0,0,1,4,"Brass","Bayelsa","South-South",185049
126,10,0,1,1,8,0,7,3,0,1,2,0,5,0,4,2,0,0,7,0,0,7,"Buji","Jigawa","Northwest",97371
127,39,1,6,3,29,0,17,10,4,5,0,1,0,0,22,16,28,11,0,0,0,36,"Bukkuyum","Zamfara","Northwest",211633
128,76,1,29,28,16,2,11,15,7,16,18,8,69,3,65,35,0,0,15,0,1,67,"Buruku","Benue","North-Central",203721
129,49,1,7,16,25,0,19,20,11,16,7,3,25,1,33,34,0,1,5,1,2,42,"Bungudu","Zamfara","Northwest",257917
130,19,0,0,2,16,1,9,9,9,10,4,1,1,1,9,4,0,0,5,0,0,14,"Bunkure","Kano","Northwest",170891
131,35,1,5,6,23,0,18,8,5,14,2,4,0,0,12,9,19,10,0,0,3,26,"Bunza","Kebbi","Northwest",121461
132,35,5,25,4,0,1,8,19,15,24,1,7,27,5,28,20,0,1,15,0,0,17,"Burutu","Delta","South-South",209666
133,33,3,13,4,12,1,27,24,12,16,3,9,0,0,32,30,30,9,0,4,7,32,"Bwari","FCT","North-Central",227216
134,54,21,12,1,16,4,20,20,25,25,37,33,30,17,41,39,0,1,14,1,4,38,"Calabar-Municipal","Cross River","South-South",179392
135,15,3,4,2,2,4,5,6,6,7,12,8,8,1,9,7,0,0,2,1,0,5,"Calabar South","Cross River","South-South",191630
136,64,11,22,18,3,10,21,17,28,32,37,32,57,20,57,51,0,1,15,4,9,50,"Chanchaga","Niger","North-Central",201429
137,51,0,2,15,33,1,6,11,4,5,4,1,3,0,10,9,0,1,3,0,0,31,"Charanchi","Katsina","Northwest",137613
138,30,2,6,4,18,0,3,4,3,4,2,3,6,2,12,9,0,1,2,0,1,10,"Chibok","Borno","Northeast",66105
139,45,5,20,16,1,3,13,14,13,17,24,19,41,6,40,36,0,1,17,2,7,40,"Chikun","Kaduna","Northwest",368250
140,9,0,6,2,1,0,3,7,4,5,3,0,6,0,9,4,0,0,3,0,0,9,"Dala","Kano","Northwest",418777
141,10,0,2,0,6,2,6,4,2,5,4,2,3,0,4,3,0,1,4,0,0,4,"Damaturu","Yobe","Northeast",88014
142,39,1,2,7,27,2,9,10,17,19,4,2,15,1,13,23,0,1,20,0,1,36,"Damban","Bauchi","Northeast",150922
143,32,2,2,2,26,0,13,14,7,14,3,1,9,1,25,6,0,0,13,1,1,26,"Dambatta","Kano","Northwest",207968
144,35,1,1,2,30,1,2,6,7,10,1,7,23,15,27,26,0,0,5,1,5,30,"Damboa","Borno","Northeast",231573
145,11,1,1,1,8,0,3,7,2,4,3,2,6,1,5,7,0,0,2,1,2,10,"Dandi","Kebbi","Northwest",144273
146,30,0,12,7,9,2,7,10,5,10,8,6,14,6,21,12,0,1,9,1,2,19,"Dandume","Katsina","Northwest",145739
147,21,0,1,3,17,0,11,10,11,13,4,3,3,2,10,14,0,0,3,0,1,20,"Dange/shuni","Sokoto","Northwest",194546
148,37,0,8,15,13,1,5,20,5,6,1,3,12,0,18,21,0,0,4,0,3,31,"Danja","Katsina","Northwest",125703
149,41,0,6,3,31,1,11,11,4,7,1,1,10,1,8,8,0,2,3,0,0,26,"Dan-Musa","Katsina","Northwest",113691
150,25,0,9,5,10,1,2,12,5,7,11,0,17,0,17,20,0,0,5,0,0,20,"Darazo","Bauchi","Northeast",251597
151,8,0,0,3,2,3,4,3,3,3,4,4,6,1,7,4,0,0,2,0,1,6,"Dass","Bauchi","Northeast",89943
152,18,1,5,10,1,1,7,11,9,12,7,4,12,1,16,13,0,0,8,0,1,17,"Daura","Katsina","Northwest",219721
153,21,1,0,5,15,0,12,13,10,11,5,2,5,2,18,11,0,0,8,1,1,19,"Dawakin-Kudu","Kano","Northwest",225389
154,38,1,2,3,32,0,17,15,6,10,6,3,4,2,21,12,0,0,15,0,0,35,"Dawakin-Tofa","Kano","Northwest",247875
155,9,1,4,2,0,2,4,4,7,8,3,3,6,0,7,7,0,0,6,0,0,7,"Degema","Rivers","South-South",249773
156,95,8,55,27,3,2,3,13,21,27,36,13,78,9,70,53,0,0,8,1,0,58,"Dekina","Kogi","North-Central",260312
157,41,0,7,18,14,2,8,10,3,9,2,3,21,3,25,22,0,0,12,0,1,35,"Demsa","Adamawa","Northeast",180251
158,17,1,2,2,10,2,7,3,0,4,0,3,5,0,9,10,0,0,3,0,3,12,"Dikwa","Borno","Northeast",105909
159,21,1,1,2,17,0,4,1,5,8,0,0,3,0,12,3,0,0,12,0,0,15,"Doguwa","Kano","Northwest",151181
160,32,2,11,12,6,1,10,11,3,10,5,6,25,6,23,21,0,1,5,1,2,25,"Doma","Nasarawa","North-Central",139607
161,15,2,3,1,5,4,5,0,2,3,4,4,12,2,8,4,0,0,2,0,0,14,"Donga","Taraba","Northeast",134111
162,46,1,4,4,24,13,16,10,17,21,1,6,0,0,19,20,30,13,0,2,2,39,"Dukku","Gombe","Northeast",207190
163,34,4,7,6,10,7,11,14,14,20,8,15,23,10,27,22,0,1,21,1,1,23,"Dunukofia","Anambra","Southeast",96382
164,16,0,1,3,12,0,7,7,0,2,0,0,5,1,11,11,0,1,8,0,0,14,"Dutse","Jigawa","Northwest",246143
165,25,0,4,10,9,2,6,15,4,7,5,2,10,3,9,13,0,1,4,0,1,17,"Dutsi","Katsina","Northwest",120023
166,35,1,7,7,19,1,6,19,14,15,10,2,9,5,13,11,0,0,18,0,0,25,"Dutsin-Ma","Katsina","Northwest",169671
167,6,0,6,0,0,0,3,5,1,3,1,2,4,0,4,6,0,0,3,1,1,6,"Eastern-Obolo","Akwa Ibom","South-South",60543
168,37,6,12,3,12,4,16,8,8,12,4,12,20,4,28,23,0,0,15,1,1,30,"Ebonyi","Ebonyi","Southeast",126837
169,47,0,13,13,20,1,6,13,4,9,6,1,39,1,35,16,0,0,10,0,0,45,"Edati","Niger","North-Central",160321
170,21,1,15,4,1,0,11,15,15,15,8,5,19,3,20,19,0,0,10,0,1,19,"Ede North","Osun","Southwest",83831
171,38,4,11,12,2,9,30,21,25,25,6,15,0,0,36,28,21,7,0,0,0,29,"Ede South","Osun","Southwest",76035
172,44,2,5,4,21,12,4,6,12,15,4,9,20,4,16,19,0,1,5,2,5,31,"Edu","Kwara","North-Central",201469
173,21,5,3,6,3,4,3,5,8,9,8,9,20,8,20,14,0,1,5,1,2,12,"Ife-Central","Osun","Southwest",167254
174,41,0,26,1,0,14,0,17,14,17,9,8,40,4,39,27,0,0,15,1,0,30,"Ife-East","Osun","Southwest",188087
175,33,3,17,8,5,0,8,11,15,15,4,4,28,1,29,19,0,0,6,0,0,27,"Ife-North","Osun","Southwest",153694
176,58,2,20,14,0,22,5,12,11,14,6,9,52,6,53,29,0,1,11,0,1,41,"Ife-South","Osun","Southwest",135338
177,20,3,3,10,4,0,5,10,5,8,5,3,6,1,11,9,0,0,2,0,1,14,"Efon","Ekiti","Southwest",86941
178,14,0,11,0,2,1,3,9,8,8,0,0,0,0,14,12,14,3,0,0,0,13,"Egbado North","Ogun","Southwest",181826
179,34,4,9,8,3,10,6,15,13,16,7,17,33,5,33,24,0,0,11,0,0,18,"Egbado South","Ogun","Southwest",168850
180,49,5,12,5,5,22,3,11,14,15,35,22,45,4,47,42,0,2,7,0,2,24,"Egbeda","Oyo","Southwest",281573
181,30,4,8,3,10,5,15,12,11,13,12,9,25,1,27,15,0,1,10,2,2,26,"Egbedore","Osun","Southwest",74435
182,64,18,18,6,0,22,6,8,5,8,52,57,63,30,62,58,0,2,5,4,5,42,"Egor","Edo","South-South",339899
183,24,5,10,1,5,3,4,6,7,9,8,11,15,3,17,8,0,1,4,0,0,9,"Ehime-Mbano","Imo","Southeast",130931
184,48,5,12,2,22,7,8,22,27,30,5,9,45,3,47,30,0,0,15,0,0,41,"Ejigbo","Osun","Southwest",132641
185,19,1,14,0,1,3,3,5,8,9,0,4,10,1,13,5,0,0,5,0,0,9,"Ekeremor","Bayelsa","South-South",270257
186,18,2,7,1,6,2,12,13,14,14,3,13,12,1,15,15,0,0,11,0,0,12,"Eket","Akwa Ibom","South-South",172557
187,20,4,4,4,4,4,7,6,10,12,6,7,17,2,17,14,0,0,10,0,2,16,"Ekiti","Kwara","North-Central",54850
188,23,3,13,1,1,5,14,18,19,20,1,4,0,0,20,4,13,6,0,1,0,15,"Ekiti East","Ekiti","Southwest",137955
189,23,1,2,4,11,5,7,8,9,10,3,6,13,1,17,10,0,0,4,2,4,19,"Ekiti South-West","Ekiti","Southwest",165277
190,30,3,3,9,7,8,14,19,19,19,6,4,23,1,26,14,0,2,9,1,1,22,"Ekiti West","Ekiti","Southwest",179892
191,51,10,23,1,9,8,19,23,27,28,7,16,37,9,40,32,0,0,30,0,1,35,"Ekwusigo","Anambra","Southeast",158231
192,6,0,5,1,0,0,5,6,6,6,5,6,6,1,6,6,0,0,5,2,3,6,"Eleme","Rivers","South-South",190884
193,14,1,7,2,1,3,9,7,6,7,2,8,13,5,14,13,0,2,7,1,3,10,"Emuoha","Rivers","South-South",201901
194,16,0,3,12,0,1,5,7,3,4,4,1,12,1,13,7,0,1,9,1,1,14,"Emure","Ekiti","Southwest",93884
195,43,10,9,8,10,6,1,7,9,11,22,20,27,14,31,19,0,1,13,1,1,20,"Enugu East","Enugu","Southeast",279089
196,43,17,11,4,5,6,7,12,16,18,26,21,27,14,27,24,0,2,13,2,2,10,"Enugu North","Enugu","Southeast",244852
197,29,18,7,1,1,2,1,8,8,10,21,20,20,9,24,21,0,0,7,1,1,12,"Enugu South","Enugu","Southeast",198723
198,26,2,15,6,1,2,13,14,16,17,15,12,16,1,19,21,0,1,15,0,1,16,"Epe","Lagos","Southwest",181409
199,26,6,11,4,0,5,1,12,13,16,14,20,25,8,25,23,0,0,11,1,0,12,"Esan Central","Edo","South-South",105310
200,27,6,15,0,0,6,2,11,13,14,13,18,26,9,26,23,0,3,13,0,1,17,"Esan North-East","Edo","South-South",119346
201,35,3,24,1,2,5,1,28,28,29,7,15,0,0,32,20,19,6,0,0,0,13,"Esan South-East","Edo","South-South",167721
202,22,3,16,1,0,2,2,12,21,21,13,5,20,2,17,17,0,0,6,0,0,12,"Esan West","Edo","South-South",125842
203,40,2,16,15,3,4,7,8,5,9,8,1,14,0,24,14,0,0,5,0,0,22,"Ese-Odo","Ondo","Southwest",154978
204,8,1,4,1,2,0,7,4,7,7,0,5,5,3,8,8,0,0,5,0,0,7,"Esit-Eket","Akwa Ibom","South-South",63701
205,11,0,10,0,1,0,2,8,4,5,1,9,8,0,11,10,0,1,3,3,2,11,"Essien Udim","Akwa Ibom","South-South",192668
206,32,5,17,3,0,7,7,9,6,9,5,15,21,2,26,12,0,0,13,0,1,24,"Etche","Rivers","South-South",249454
207,27,9,12,2,0,4,11,19,17,17,10,11,22,8,23,22,0,0,8,1,1,16,"Ethiope East","Delta","South-South",200792
208,27,6,17,1,1,2,22,22,21,22,4,9,1,0,23,19,15,12,0,0,0,14,"Ethiope West","Delta","South-South",203592
209,14,0,13,0,1,0,2,7,6,6,2,8,10,2,13,10,0,0,2,0,0,13,"Etim-Eko","Akwa Ibom","South-South",105418
210,14,1,11,2,0,0,4,11,9,10,4,9,9,1,13,11,0,0,6,0,0,6,"Etinan","Akwa Ibom","South-South",169284
211,25,9,6,2,3,5,23,26,26,26,17,20,0,0,21,21,15,11,0,0,0,13,"Eti-osa","Lagos","Southwest",287785
212,21,1,18,1,0,1,2,14,14,16,6,6,19,1,18,19,0,1,9,0,0,18,"Etsako-Central","Edo","South-South",94575
213,27,1,23,3,0,0,6,12,19,22,9,6,26,1,26,26,0,0,14,0,0,21,"Etsako East","Edo","South-South",145996
214,41,8,24,2,0,7,17,39,40,40,10,20,0,0,39,34,20,6,0,0,0,27,"Etsako West","Edo","South-South",197609
215,14,0,8,1,5,0,5,5,1,6,0,3,12,1,11,11,0,0,8,1,0,13,"Etung","Cross River","South-South",80196
216,30,1,6,11,4,8,4,17,17,20,6,12,27,1,28,27,0,0,7,0,0,22,"Ewekoro","Ogun","Southwest",55156
217,29,4,22,2,0,1,6,7,15,17,1,5,28,1,29,7,0,0,22,0,0,23,"Ezeagu","Enugu","Southeast",169718
218,31,6,10,1,7,7,8,5,11,13,9,18,22,8,27,17,0,1,13,0,4,16,"Ezinihitte","Imo","Southeast",165593
219,25,2,11,8,2,2,9,7,5,6,3,9,15,5,19,15,0,0,3,0,1,14,"Ezza North","Ebonyi","Southeast",145619
220,35,3,22,6,1,3,17,10,12,14,5,6,29,4,31,22,0,0,8,0,1,24,"Ezza South","Ebonyi","Southeast",133205
221,6,2,0,2,0,2,2,3,3,3,2,4,4,2,4,4,0,0,3,0,0,2,"Fagge","Kano","Northwest",198828
222,21,0,9,1,11,0,4,4,2,3,2,1,7,1,9,6,0,0,4,0,0,14,"Fakai","Kebbi","Northwest",121212
223,55,0,1,7,46,1,10,6,4,5,2,2,12,0,22,19,0,2,5,0,0,23,"Faskari","Katsina","Northwest",196035
224,50,1,4,9,34,2,7,12,10,11,3,4,17,1,16,19,0,0,7,0,2,34,"Fika","Yobe","Northeast",136895
225,54,0,7,12,33,2,12,20,11,17,1,1,22,0,31,35,0,1,11,1,1,50,"Fufore","Adamawa","Northeast",207287
226,8,1,0,0,0,7,4,6,2,4,1,1,8,2,8,8,0,0,3,0,0,8,"Funakaye","Gombe","Northeast",236087
227,36,0,13,3,13,7,15,21,6,6,6,2,0,0,21,10,27,7,0,1,1,28,"Fune","Yobe","Northeast",300760
228,26,0,3,10,10,3,8,7,6,8,2,2,16,2,22,19,0,1,8,2,2,23,"Funtua","Katsina","Northwest",225571
229,27,0,6,8,10,3,6,11,4,6,3,3,0,0,15,9,20,13,0,1,1,21,"Gabasawa","Kano","Northwest",211055
230,31,1,3,2,25,0,2,13,4,9,4,2,10,3,13,20,0,0,19,0,0,26,"Gada","Sokoto","Northwest",248267
231,19,0,4,2,13,0,9,6,5,6,6,1,7,0,14,6,0,0,5,0,1,18,"Gagarawa","Jigawa","Northwest",80394
232,7,0,0,0,7,0,1,0,2,2,0,0,0,0,2,6,0,0,0,0,0,6,"Gamawa","Bauchi","Northeast",286388
233,72,1,8,1,46,16,35,15,15,18,0,6,0,0,22,22,31,9,0,1,1,58,"Ganjuwa","Bauchi","Northeast",280468
234,48,1,3,7,30,7,15,13,1,1,2,3,31,1,33,25,0,0,8,0,0,38,"Ganaye","Adamawa","Northeast",164087
235,18,0,3,2,13,0,10,8,5,8,7,2,5,0,16,7,0,0,5,0,1,18,"Garki","Jigawa","Northwest",152233
236,18,0,3,3,12,0,10,6,3,3,0,0,3,0,12,4,0,0,9,0,0,11,"Garko","Kano","Northwest",162500
237,13,0,1,2,10,0,6,7,2,3,3,1,0,0,8,6,8,0,0,0,1,10,"Garun Mallam","Kano","Northwest",116494
238,11,1,1,1,3,5,6,6,0,4,3,1,8,1,8,4,0,1,7,0,0,8,"Gashaka","Taraba","Northeast",87781
239,5,0,1,2,0,2,2,3,0,2,4,0,5,0,5,2,0,0,4,0,0,5,"Gassol","Taraba","Northeast",244749
240,26,0,3,5,18,0,7,12,5,6,3,2,6,2,23,9,0,0,11,1,1,20,"Gaya","Kano","Northwest",201016
241,52,1,34,9,7,1,10,15,9,18,10,5,15,3,25,23,0,1,16,0,1,44,"Gayuk","Adamawa","Northeast",177785
242,16,0,1,1,14,0,7,2,6,8,1,1,3,0,13,5,0,0,6,1,0,11,"Gazewa","Kano","Northwest",282069
243,91,1,37,29,23,1,61,8,18,21,7,1,70,0,78,58,0,0,36,0,0,90,"Gbako","Niger","North-Central",127446
244,70,5,23,28,6,8,10,11,10,14,22,26,66,23,61,53,0,1,7,1,9,63,"Gboko","Benue","North-Central",358936
245,26,2,5,16,0,3,12,20,15,18,17,4,25,2,24,13,0,1,7,1,2,19,"Gbonyin","Ekiti","Southwest",148193
246,18,2,7,1,8,0,5,10,4,11,7,4,11,2,8,7,0,1,5,0,0,11,"Geidam","Yobe","Northeast",157295
247,41,1,0,5,25,10,20,12,9,11,8,3,17,0,21,29,0,1,12,0,0,33,"Giade","Bauchi","Northeast",156969
248,5,0,2,2,1,0,2,1,0,1,0,0,4,0,4,2,0,0,2,0,0,5,"Giwa","Kaduna","Northwest",286427
249,17,2,14,0,1,0,9,9,5,8,7,9,12,5,15,12,0,0,10,0,3,11,"Gokana","Rivers","South-South",228828
250,39,2,8,14,5,10,21,20,20,23,15,23,29,13,29,29,0,10,14,0,8,31,"Gombe","Gombe","Northeast",268000
252,24,0,4,0,20,0,5,10,5,7,3,0,3,0,6,16,0,0,1,0,0,19,"Goronyo","Sokoto","Northwest",182296
254,9,1,0,2,5,1,0,1,2,3,3,2,2,0,2,5,0,0,0,1,1,5,"Gubio","Borno","Northeast",152778
255,11,0,1,2,8,0,5,6,1,3,2,1,6,0,7,8,0,0,0,0,0,9,"Gudu","Sokoto","Northwest",95544
256,15,1,4,1,5,4,2,5,5,5,8,4,8,3,8,8,0,0,4,1,1,10,"Gujba","Yobe","Northeast",130088
257,30,0,2,5,21,2,8,6,0,3,5,2,10,0,8,7,0,0,7,0,0,15,"Gulani","Yobe","Northeast",103510
258,65,3,20,26,10,6,11,11,6,10,4,9,51,4,49,44,0,0,18,1,4,56,"Guma","Benue","North-Central",191599
259,10,1,1,5,3,0,4,9,6,7,1,1,2,1,10,9,0,2,5,1,1,10,"Gumel","Jigawa","Northwest",107161
260,11,0,1,1,9,0,2,1,0,4,0,2,2,0,1,2,0,0,0,0,1,11,"Gummi","Zamfara","Northwest",204539
261,45,1,14,23,7,0,10,7,10,11,5,4,31,7,32,34,0,0,7,1,1,37,"Gurara","Niger","North-Central",90974
262,13,0,6,3,4,0,12,8,3,7,0,1,0,0,8,6,6,4,0,0,1,11,"Guri","Jigawa","Northwest",115018
263,70,3,11,16,38,2,22,21,12,20,16,12,32,12,27,25,0,1,5,0,3,58,"Gusau","Zamfara","Northwest",383162
264,12,0,1,10,0,1,8,1,1,2,0,2,0,0,6,2,3,1,0,0,0,8,"Guzamala","Borno","Northeast",95648
265,34,1,2,0,31,0,7,12,8,11,5,3,9,1,16,29,0,2,21,1,2,33,"Gwadabawa","Sokoto","Northwest",231358
266,37,2,18,7,5,5,11,14,9,11,18,12,33,6,36,34,0,2,15,3,4,35,"Gwagwalada","FCT","North-Central",157770
268,36,1,7,4,24,0,10,21,14,25,9,5,8,0,9,17,0,1,5,0,1,28,"Gwandu","Kebbi","Northwest",151019
269,24,0,3,8,12,1,13,15,9,11,2,4,10,1,13,10,0,0,8,0,0,24,"Gwaram","Jigawa","Northwest",272582
270,13,0,2,1,10,0,4,2,2,2,2,1,2,1,10,7,0,0,5,0,0,8,"Gwarzo","Kano","Northwest",183987
271,32,2,10,10,5,5,1,5,4,7,5,11,27,8,25,24,0,0,3,1,4,27,"Gwer East","Benue","North-Central",163647
272,43,1,4,27,10,1,3,16,9,18,3,3,0,0,28,28,20,2,0,0,1,40,"Gwer West","Benue","North-Central",122145
273,18,0,1,2,15,0,10,9,2,3,3,1,2,0,13,5,0,0,9,0,1,16,"Gwiwa","Jigawa","Northwest",124517
275,12,2,5,3,1,1,9,9,9,10,9,5,9,3,9,10,0,1,9,2,2,12,"Hadejia","Jigawa","Northwest",105628
276,28,2,5,1,20,0,4,6,7,8,3,3,10,0,13,16,0,1,6,0,0,18,"Hawul","Borno","Northeast",120314
277,46,0,9,9,18,10,13,16,12,13,10,5,31,3,36,31,0,0,6,0,0,40,"Hong","Adamawa","Northeast",169126
278,28,10,8,3,2,5,4,8,8,9,17,18,22,14,23,21,0,0,0,1,2,14,"Ibadan North","Oyo","Southwest",306795
279,28,4,16,3,5,0,9,10,20,21,11,10,19,4,20,21,0,1,7,1,4,22,"Ibadan North East","Oyo","Southwest",330399
280,18,1,8,3,0,6,9,11,9,12,6,14,16,4,15,14,0,1,5,5,2,10,"Ibadan North West","Oyo","Southwest",152834
281,37,7,25,0,2,3,6,12,11,14,19,15,33,9,36,33,0,2,9,0,0,29,"Ibadan South East","Oyo","Southwest",266046
282,28,10,9,2,1,6,4,8,10,10,23,19,24,12,26,25,0,0,8,1,1,8,"Ibadan South West","Oyo","Southwest",282585
283,46,1,21,20,3,1,2,2,0,2,1,3,35,0,40,34,0,0,8,0,0,40,"Ibaji","Kogi","North-Central",128129
284,26,5,8,7,1,5,10,14,4,8,14,9,19,6,22,17,0,0,9,0,0,18,"Ibarapa Central","Oyo","Southwest",102979
285,21,3,12,2,3,1,13,9,10,16,9,8,14,1,13,11,0,0,9,1,0,17,"Ibarapa East","Oyo","Southwest",118226
286,15,2,4,2,1,6,6,11,5,10,1,4,0,0,11,8,6,2,0,0,0,8,"Ibarapa North","Oyo","Southwest",101092
287,14,0,8,2,4,0,12,13,9,12,3,2,0,0,9,9,10,1,0,0,0,5,"Ibeju/lekki","Lagos","Southwest",117481
288,10,2,3,0,5,0,2,5,3,4,1,6,5,2,10,9,0,0,6,1,2,9,"Ibeno","Akwa Ibom","South-South",75380
289,3,0,2,0,1,0,0,1,1,2,1,3,2,0,3,2,0,0,1,0,0,3,"Ibesikpo-Asutan","Akwa Ibom","South-South",137101
290,19,1,2,4,10,2,5,3,0,3,1,1,15,1,14,14,0,0,9,1,1,18,"Ibi","Taraba","Northeast",84054
291,5,1,2,1,0,1,1,2,3,3,1,4,5,1,4,4,0,0,4,1,0,4,"Ibiono-Ibom","Akwa Ibom","South-South",189640
292,42,3,8,21,10,0,19,4,14,19,27,9,17,5,27,35,0,0,22,0,1,35,"Idah","Kogi","North-Central",79815
293,35,3,11,13,4,4,8,9,10,11,10,10,25,3,31,24,0,0,15,1,1,29,"Idanre","Ondo","Southwest",129024
294,27,6,14,4,2,1,0,8,6,9,9,8,24,8,27,13,0,0,9,0,1,18,"Ideato North","Imo","Southeast",158406
295,23,3,12,2,1,5,7,9,2,10,5,6,22,3,23,11,0,0,12,0,1,17,"Ideato South","Imo","Southeast",159879
296,22,5,12,0,5,0,9,10,14,16,8,12,17,4,17,17,0,1,15,1,3,14,"Idemili North","Anambra","Southeast",430783
297,38,9,13,2,13,1,9,19,16,19,6,14,24,10,33,30,0,0,19,0,0,23,"Idemili South","Anambra","Southeast",207683
298,18,0,11,3,1,3,2,5,8,11,7,6,18,3,18,16,0,0,4,0,2,15,"Ido","Oyo","Southwest",103261
299,27,8,5,6,1,7,10,12,15,17,13,14,24,10,24,20,0,0,13,2,4,20,"Ido Osi","Ekiti","Southwest",159114
300,37,10,16,1,1,9,11,10,10,11,15,34,30,19,32,31,0,3,11,1,2,17,"Ifako-Ijaye","Lagos","Southwest",427878
301,11,0,2,4,0,5,3,2,4,6,2,0,9,0,10,2,0,1,5,0,0,9,"Ifedayo","Osun","Southwest",37058
302,24,0,2,19,0,3,13,19,20,21,3,8,17,0,23,18,0,2,10,1,2,22,"Ifedore","Ondo","Southwest",176327
303,73,4,39,7,20,3,40,32,62,62,2,15,0,0,69,34,44,23,0,2,4,58,"Ifelodun","Kwara","North-Central",206042
304,35,7,16,3,1,8,5,2,8,11,12,15,31,11,34,24,0,0,7,3,4,31,"Ifelodun","Osun","Southwest",96748
305,24,1,20,0,1,2,14,19,18,19,5,13,23,2,24,24,0,1,17,0,2,17,"Ifo","Ogun","Southwest",524837
306,49,1,11,22,7,8,11,10,11,16,11,11,26,6,32,28,0,0,12,0,1,31,"Igabi","Kaduna","Northwest",430229
307,40,1,10,25,4,0,4,7,6,8,9,3,28,1,29,16,0,0,8,1,1,34,"Igalamela-Odolu","Kogi","North-Central",148020
308,39,1,11,1,25,1,8,13,9,13,2,7,0,0,36,8,36,7,0,0,0,33,"Igbo Etiti","Enugu","Southeast",209248
309,43,3,14,8,6,12,6,12,7,11,10,14,40,10,41,15,0,0,19,0,0,33,"Igbo Eze - North","Enugu","Southeast",259431
310,36,5,9,2,11,9,4,11,5,8,3,12,33,5,34,10,0,0,18,0,3,25,"Igbo-Eze South","Enugu","Southeast",147328
311,19,0,17,0,0,2,2,14,13,14,5,12,19,4,19,19,0,2,8,1,0,15,"Iguegben","Edo","South-South",69639
312,61,16,23,2,1,19,15,11,17,22,32,38,56,21,57,36,0,1,18,0,0,29,"Ihiala","Anambra","Southeast",302158
313,21,5,13,1,0,2,2,9,3,5,7,9,20,7,20,10,0,0,9,0,1,13,"Ihitte/Uboma","Imo","Southeast",120744
314,17,1,2,12,0,2,4,10,6,12,5,1,15,1,17,15,0,1,7,0,0,13,"ijaye","Ondo","Southwest",290615
315,38,4,18,9,0,7,6,22,19,23,15,14,35,1,35,24,0,0,11,0,1,26,"Ijebu East","Ogun","Southwest",110196
316,60,5,26,10,3,16,11,23,19,21,20,28,55,11,56,54,0,1,9,0,0,45,"Ijebu North","Ogun","Southwest",284336
317,31,2,6,8,14,1,9,18,24,24,12,10,21,0,20,24,0,0,13,0,1,28,"Ijebu North East","Ogun","Southwest",67634
318,56,18,14,13,3,8,9,16,15,16,24,34,48,20,48,40,0,0,12,2,1,27,"Ijebu-ode","Ogun","Southwest",154032
319,25,1,17,5,0,2,13,20,18,18,2,2,0,0,23,8,21,4,0,0,1,22,"Ijero","Ekiti","Southwest",221405
320,36,5,17,8,4,2,14,13,26,27,20,12,28,4,30,24,0,0,15,0,1,26,"Ijumu","Kogi","North-Central",119929
321,9,0,3,2,3,1,4,4,0,2,1,4,6,0,7,7,0,0,3,1,2,7,"Ika","Akwa Ibom","South-South",72939
322,26,5,15,1,1,4,9,12,15,17,6,7,18,7,25,21,0,0,8,0,0,8,"Ika North","Delta","South-South",183657
323,48,1,9,9,26,3,29,30,18,21,3,8,0,0,35,31,29,2,0,0,0,44,"Ikara","Kaduna","Northwest",193926
324,28,3,20,0,0,5,8,16,16,17,5,16,26,2,25,25,0,0,9,0,0,18,"Ika South","Delta","South-South",162594
325,31,5,10,5,3,8,9,10,12,13,23,22,25,6,25,26,0,0,9,0,0,15,"Ikeduru","Imo","Southeast",149316
326,23,8,6,4,0,5,23,23,22,22,7,20,0,0,16,15,10,6,0,0,0,7,"Ikeja","Lagos","Southwest",313196
327,17,1,6,2,3,5,11,17,15,17,2,9,0,0,19,11,12,3,0,2,2,12,"Ikenne","Ogun","Southwest",118735
328,23,2,6,8,4,3,4,9,12,13,1,9,12,3,11,12,0,0,10,1,2,19,"Ikere","Ekiti","Southwest",147355
329,28,1,14,9,2,2,12,17,22,24,4,6,0,0,26,16,22,7,0,1,2,24,"Ikole","Ekiti","Southwest",168436
330,32,1,13,3,13,2,6,13,13,18,14,7,20,1,24,23,0,0,6,2,1,27,"Ikom","Cross River","South-South",162383
331,21,1,10,6,3,1,4,10,11,13,2,10,16,2,18,15,0,0,3,1,1,18,"Ikono","Akwa Ibom","South-South",131904
332,11,0,5,6,0,0,5,7,6,7,3,6,8,0,7,7,0,0,5,0,0,8,"Ikorodu","Lagos","Southwest",535619
333,17,1,9,0,6,1,7,6,6,9,5,8,10,2,14,10,0,0,9,1,2,9,"Ikot-Abasi","Akwa Ibom","South-South",132023
334,21,1,5,9,5,1,3,3,5,8,6,17,13,4,19,18,0,1,4,0,2,13,"Ikot-Ekpene","Akwa Ibom","South-South",143077
335,31,3,12,0,0,16,9,10,10,10,22,23,30,10,30,28,0,2,6,0,1,19,"Ikpoba-Okha","Edo","South-South",371106
336,12,0,9,1,0,2,10,10,9,9,10,10,11,0,11,10,0,1,9,1,5,9,"Ikwerre","Rivers","South-South",189726
337,22,5,7,3,6,1,17,7,5,12,1,6,0,0,21,8,8,3,0,0,0,15,"Ikwo","Ebonyi","Southeast",214604
338,29,1,18,3,2,5,16,25,10,20,2,7,0,0,24,19,20,8,0,0,0,17,"Ikwuano","Abia","Southeast",137993
339,26,2,10,0,7,7,1,8,6,6,5,7,22,4,23,15,0,1,1,1,1,18,"Ila","Osun","Southwest",62049
340,14,1,4,5,2,2,9,12,12,12,5,5,11,1,13,12,0,1,11,1,1,13,"Ilejemeje","Ekiti","Southwest",43530
341,37,4,24,4,1,4,11,18,14,19,5,8,0,0,36,17,28,3,0,1,3,31,"Ile Oluji Okeigbo","Ondo","Southwest",172870
342,20,2,8,1,2,7,1,8,11,11,14,11,20,5,19,15,0,0,6,0,2,18,"Ilesha-East","Osun","Southwest",106586
343,30,2,14,2,3,9,2,14,11,13,10,10,24,4,23,20,0,1,5,0,1,21,"Ilesha-West","Osun","Southwest",103555
344,36,1,4,3,27,1,10,18,8,10,1,3,0,0,15,19,15,6,0,0,0,31,"Illela","Sokoto","Northwest",150489
345,38,1,10,10,11,6,17,10,16,18,15,14,23,5,26,26,0,0,13,2,2,28,"Ilorin East","Kwara","North-Central",204310
346,36,9,9,10,2,6,15,11,14,18,23,23,33,18,34,30,0,0,19,5,6,25,"Ilorin South","Kwara","North-Central",208691
347,39,1,27,8,0,3,4,14,18,18,15,35,35,13,37,39,0,2,17,2,6,34,"Ilorin west","Kwara","North-Central",364666
348,30,3,13,8,0,6,5,9,8,11,5,9,24,1,26,23,0,0,6,1,0,17,"Imeko Afon","Ogun","Southwest",82217
349,31,1,5,2,22,1,18,11,8,15,6,1,4,1,20,4,0,0,13,0,0,29,"Ingawa","Katsina","Northwest",169753
350,18,1,12,1,4,0,1,7,2,6,3,8,15,1,18,16,0,0,9,2,0,16,"Ini","Akwa Ibom","South-South",99196
351,51,8,9,19,0,15,10,19,19,21,7,19,50,4,49,33,0,1,12,0,0,29,"Ipokia","Ogun","Southwest",150426
352,36,1,5,28,0,2,8,17,8,18,6,9,23,2,23,14,0,0,8,1,0,24,"Irele","Ondo","Southwest",145166
353,25,2,8,4,7,4,4,15,10,16,12,7,19,2,18,9,0,0,9,0,0,18,"Irepo","Oyo","Southwest",122553
354,21,0,11,2,3,5,7,11,4,14,11,6,13,3,13,13,0,1,10,0,2,13,"Irepodun","Osun","Southwest",119497
355,44,3,27,6,2,6,19,12,25,28,6,8,37,3,37,27,0,1,22,1,0,41,"Irepodun","Kwara","North-Central",148610
356,30,3,3,13,2,9,9,16,15,15,20,3,26,1,26,16,0,0,12,0,1,22,"Irepodun/Ifelodun","Ekiti","Southwest",129149
357,25,1,14,6,0,4,2,7,8,9,1,6,23,2,22,16,0,1,9,0,1,21,"Irewole","Osun","Southwest",143599
358,25,1,1,1,22,0,10,6,6,11,5,1,4,1,6,22,0,0,4,0,0,19,"Isa","Sokoto","Northwest",146103
359,22,2,0,15,2,3,6,12,10,14,8,11,20,6,20,11,0,0,10,1,3,14,"Ise/Orun","Ekiti","Southwest",113754
360,40,5,11,6,6,12,10,12,12,17,19,14,32,8,32,23,0,0,8,1,2,25,"Iseyin","Oyo","Southwest",256926
361,28,1,11,7,8,1,5,8,8,8,2,4,16,1,22,12,0,2,3,0,0,21,"Ishielu","Ebonyi","Southeast",151048
362,44,6,15,5,8,10,15,17,15,22,21,20,35,5,33,22,0,1,13,3,4,25,"Isiala Mbano","Imo","Southeast",198736
363,28,0,21,3,4,0,10,17,19,22,5,7,27,0,27,14,0,0,5,0,0,25,"Isiala Ngwa North","Abia","Southeast",153734
364,32,2,28,0,2,0,19,18,15,19,6,5,25,3,28,27,0,1,7,0,0,24,"Isiala Ngwa South","Abia","Southeast",134762
365,27,2,17,4,2,2,13,10,20,21,4,11,23,2,25,20,0,2,18,1,3,22,"Isin","Kwara","North-Central",59738
366,9,0,3,0,6,0,0,2,2,2,0,0,0,0,7,1,9,0,0,0,0,8,"Isi-Uzo","Enugu","Southeast",148415
367,29,2,14,5,5,3,4,6,8,10,9,8,23,2,24,16,0,0,11,0,1,15,"Isokan","Osun","Southwest",103177
368,21,5,11,2,1,2,10,14,15,15,6,8,19,8,20,13,0,0,10,0,0,12,"Isoko north","Delta","South-South",144155
369,30,9,16,2,0,3,18,15,22,22,16,12,28,9,30,27,0,0,17,0,1,12,"Isoko South","Delta","South-South",227712
370,25,5,11,2,3,4,6,10,10,11,4,13,22,7,24,9,0,0,9,0,1,13,"Isu","Imo","Southeast",164468
371,40,3,20,16,0,1,5,31,22,27,3,9,36,1,36,20,0,2,12,0,0,32,"Isuikwuato","Abia","Southeast",114442
372,35,1,4,0,25,5,24,10,4,7,0,1,0,0,9,6,20,5,0,0,0,27,"Itas/Gadau","Bauchi","Northeast",229969
373,23,2,8,3,2,8,8,10,11,14,7,3,20,5,19,15,0,3,12,0,1,14,"Itesiwaju","Oyo","Southwest",128652
374,5,0,5,0,0,0,3,5,5,5,2,5,4,0,5,5,0,0,3,3,1,5,"Itu","Akwa Ibom","South-South",127033
375,29,5,10,10,4,0,5,14,10,14,6,7,25,4,26,16,0,4,7,0,0,24,"Ivo","Ebonyi","Southeast",120919
376,12,1,4,5,2,0,6,3,1,2,1,2,10,1,10,7,0,0,6,0,0,7,"Iwajowa","Oyo","Southwest",102980
377,68,7,14,10,4,33,6,12,10,13,8,22,51,12,60,38,0,0,11,0,1,39,"Iwo","Osun","Southwest",191377
378,33,4,12,9,8,0,23,8,10,12,2,7,0,0,24,9,18,6,0,0,1,21,"Izzi","Ebonyi","Southeast",234072
379,49,1,9,28,11,0,25,16,25,29,2,5,41,1,47,46,0,0,17,0,1,47,"Jaba","Kaduna","Northwest",155377
380,74,0,7,19,45,3,18,17,8,10,9,3,29,0,40,23,0,0,25,0,1,61,"Jada","Adamawa","Northeast",168473
381,20,1,1,10,7,1,11,6,6,8,0,2,4,1,15,7,0,2,16,1,1,20,"Jahun","Jigawa","Northwest",229094
382,45,1,5,2,36,1,23,9,5,9,20,1,13,2,13,9,0,0,7,1,1,42,"Jakusko","Yobe","Northeast",229083
383,44,0,8,21,10,5,19,24,14,20,11,20,32,13,36,34,0,1,15,0,1,36,"Jalingo","Taraba","Northeast",139845
384,29,1,7,6,14,1,13,15,10,15,3,3,14,3,15,17,0,1,5,1,1,26,"Jama'are","Bauchi","Northeast",117883
385,31,1,1,5,24,0,13,8,4,10,12,2,9,1,14,20,0,0,6,0,1,30,"Jega","Kebbi","Northwest",193352
386,30,0,18,10,2,0,14,10,8,15,1,3,23,1,27,25,0,0,17,0,1,26,"Jema'a","Kaduna","Northwest",278735
387,17,6,4,6,1,0,6,10,8,9,12,12,9,5,12,11,0,2,4,0,3,10,"Jere","Borno","Northeast",211204
388,43,1,6,7,28,1,19,17,9,15,12,3,18,8,27,24,0,0,10,0,0,42,"Jibia","Katsina","Northwest",169748
389,44,1,30,12,1,0,20,7,2,14,3,13,37,1,41,40,0,0,6,3,2,36,"Jos East","Plateau","North-Central",85602
390,46,6,9,20,6,5,8,13,17,20,25,30,32,10,36,36,0,0,12,1,9,35,"Jos North","Plateau","North-Central",429300
391,43,5,22,8,3,5,6,10,11,13,24,16,35,11,33,34,0,0,11,2,5,32,"Jos South","Plateau","North-Central",306716
392,33,3,13,12,2,3,7,20,17,21,7,10,0,0,17,14,8,5,0,0,3,18,"Kabba/Bunu","Kogi","North-Central",145446
393,23,1,2,3,16,1,9,8,6,8,0,2,3,0,14,7,0,0,6,0,1,12,"Kabo","Kano","Northwest",153828
394,54,3,10,24,14,3,25,19,12,18,6,5,0,0,52,40,39,12,0,0,2,40,"Kachia","Kaduna","Northwest",244274
395,27,8,11,2,0,6,12,14,14,14,10,20,21,12,24,23,0,2,9,3,5,21,"Kaduna North","Kaduna","Northwest",357694
396,25,3,13,3,0,6,10,14,14,14,9,12,20,2,22,19,0,2,13,1,4,22,"kaduna South","Kaduna","Northwest",402390
397,11,1,0,10,0,0,11,2,1,3,3,2,8,1,3,8,0,0,6,1,2,11,"Kafin-Hausa","Jigawa","Northwest",271058
398,46,0,13,3,29,1,11,21,11,17,4,4,21,1,20,12,0,0,3,0,2,35,"Kafur","Katsina","Northwest",202884
399,18,1,3,1,12,1,3,5,2,5,5,4,7,2,9,7,0,0,1,0,1,13,"Kaga","Borno","Northeast",90015
400,38,0,14,14,10,0,6,10,5,9,0,2,33,0,34,30,0,0,13,0,0,36,"Kagarko","Kaduna","Northwest",240943
401,30,1,17,8,3,1,27,11,14,18,1,4,0,0,27,11,18,7,0,0,1,25,"Kaiama","Kwara","North-Central",124164
402,35,0,10,21,3,1,18,25,5,9,6,4,0,0,28,7,19,5,0,0,0,26,"Kaita","Katsina","Northwest",184401
403,20,3,10,0,1,6,4,8,7,7,12,8,20,6,20,16,0,1,4,0,1,12,"Kajola","Oyo","Southwest",200997
404,10,0,7,1,2,0,5,3,5,5,1,0,10,0,10,7,0,0,5,0,0,10,"Kajuru","Kaduna","Northwest",110868
405,9,0,1,7,1,0,5,0,0,3,0,1,0,0,4,1,5,1,0,0,1,2,"Kala/Balge","Borno","Northeast",60797
406,18,0,1,13,4,0,12,8,6,10,7,2,4,0,6,3,0,0,3,0,0,14,"Kalgo","Kebbi","Northwest",85403
407,9,0,2,2,2,3,4,1,0,1,0,0,5,0,6,8,0,0,2,0,0,7,"Kaltungo","Gombe","Northeast",149805
408,50,1,20,24,4,1,8,16,2,7,6,7,42,3,43,29,0,0,7,0,0,34,"Kanam","Plateau","North-Central",165898
409,43,1,2,3,37,0,5,4,3,5,12,6,4,2,8,18,0,0,1,1,3,33,"Kankara","Katsina","Northwest",245739
410,56,0,15,39,2,0,35,25,8,20,0,2,0,0,38,35,39,7,0,1,1,54,"Kanke","Plateau","North-Central",121424
411,48,1,11,9,20,7,15,15,10,16,11,2,20,1,20,15,0,0,10,0,0,35,"Kankia","Katsina","Northwest",151434
412,2,0,1,0,0,1,0,1,1,1,1,1,1,0,1,2,0,0,1,0,0,1,"Kano-Municipal","Kano","Northwest",365525
413,15,0,2,3,9,1,12,11,0,3,1,3,0,0,9,7,7,4,0,1,1,7,"Karasuwa","Yobe","Northeast",106992
414,23,0,3,0,19,1,9,5,3,5,1,1,4,1,10,6,0,0,13,1,1,17,"Karaye","Kano","Northwest",141407
415,81,2,5,3,61,10,22,19,0,8,1,5,0,0,24,11,30,6,0,1,1,66,"Karin Lamido","Taraba","Northeast",195844
416,88,10,37,29,10,2,18,13,14,20,13,19,62,12,60,62,0,1,17,0,1,71,"Karu","Nasarawa","North-Central",205477
418,48,0,13,10,24,1,21,13,14,17,7,2,32,1,31,25,0,0,25,0,0,42,"Katcha","Niger","North-Central",122176
419,42,8,12,14,2,6,20,16,18,20,16,16,26,6,26,25,0,0,8,2,3,26,"Katsina","Katsina","Northwest",318459
420,76,3,17,41,6,9,13,17,9,13,16,14,70,14,53,39,0,0,13,0,4,67,"Katsina-Ala","Benue","North-Central",224718
421,12,0,1,8,3,0,5,3,2,4,2,2,7,0,10,10,0,0,5,1,0,11,"Kaura","Kaduna","Northwest",222579
422,53,1,5,8,38,1,22,9,7,14,5,6,12,3,14,18,0,2,10,0,1,44,"Kaura Namoda","Zamfara","Northwest",281367
423,16,1,5,6,3,1,5,5,4,7,3,3,16,1,16,16,0,0,4,0,1,16,"Kauru","Kaduna","Northwest",17008
424,21,2,3,5,9,2,18,12,7,11,6,4,4,2,19,12,0,0,11,1,1,21,"Kazaure","Jigawa","Northwest",161494
425,30,2,21,7,0,0,15,12,3,11,3,2,20,2,22,21,0,0,10,0,1,30,"Keana","Nasarawa","North-Central",79253
426,27,1,1,4,21,0,8,13,6,15,5,1,6,2,9,10,0,0,2,0,0,15,"Kebbe","Sokoto","Northwest",124658
427,36,7,13,10,3,3,8,11,7,10,7,15,32,7,30,26,0,0,8,0,1,27,"Keffi","Nasarawa","North-Central",92664
428,27,3,15,5,3,1,17,17,0,14,5,15,0,0,20,18,18,4,0,2,3,21,"Khana","Rivers","South-South",294217
429,20,0,2,2,15,1,9,5,1,2,0,1,3,0,9,7,0,0,16,0,1,18,"Kibiya","Kano","Northwest",136736
430,32,1,2,11,8,10,18,19,9,13,2,3,0,0,19,16,16,7,0,0,0,26,"Kirfi","Bauchi","Northeast",147618
431,16,0,1,3,12,0,9,3,1,2,0,1,5,1,8,7,0,0,7,0,0,14,"Kiri-Kasama","Jigawa","Northwest",191523
432,24,0,1,3,19,1,6,13,5,7,1,1,4,0,8,7,0,0,20,0,0,9,"Kiru","Kano","Northwest",264781
433,10,0,2,1,7,0,7,4,4,4,0,2,2,0,5,3,0,0,8,2,1,10,"kiyawa","Jigawa","Northwest",172913
434,37,2,16,4,13,2,4,0,11,11,7,5,25,5,21,16,0,0,6,1,1,32,"Kogi","Kogi","North-Central",115900
435,3,0,1,0,2,0,1,2,0,2,1,0,0,0,0,0,0,0,0,0,0,1,"Koko/Besse","Kebbi","Northwest",154605
436,59,1,25,27,5,1,18,12,7,13,4,3,50,1,52,54,0,0,16,0,0,51,"Kokona","Nasarawa","North-Central",109749
437,15,2,12,1,0,0,5,7,5,5,3,7,8,1,7,8,0,0,6,2,0,9,"Kolokuma","Bayelsa","South-South",77292
438,45,0,5,25,15,0,8,28,5,9,8,3,11,0,15,8,0,0,27,0,3,39,"Konduga","Borno","Northeast",156564
439,53,1,26,23,1,2,7,12,3,9,10,9,43,9,46,36,0,0,6,1,2,47,"Konshisha","Benue","North-Central",225672
440,26,1,3,15,1,6,4,9,12,13,9,5,21,5,23,22,0,0,9,0,0,23,"Kontagora","Niger","North-Central",151944
441,126,51,30,13,1,31,9,11,8,11,102,110,112,76,116,108,0,1,6,1,3,43,"Kosofe","Lagos","Southwest",665393
442,8,0,0,4,4,0,4,5,1,4,2,0,3,0,6,6,0,0,5,0,0,8,"Kuagama","Jigawa","Northwest",127956
443,4,1,2,0,1,0,1,0,1,1,0,0,1,0,2,2,0,0,2,0,0,3,"Kubau","Kaduna","Northwest",282045
444,21,0,9,8,2,2,10,9,2,4,1,3,11,1,16,11,0,0,9,1,1,20,"Kudan","Kaduna","Northwest",138992
445,34,3,17,8,3,3,28,13,9,16,3,10,17,0,30,28,0,9,0,0,0,33,"Kuje","FCT","North-Central",97367
446,23,1,4,7,9,2,8,5,1,7,3,6,7,2,9,5,0,0,7,2,3,15,"Kukawa","Borno","Northeast",203864
447,12,0,1,5,5,1,8,7,5,7,5,2,5,2,9,7,0,1,7,0,0,9,"Kumbotso","Kano","Northwest",295979
448,29,2,9,4,13,1,8,14,2,6,1,3,22,2,21,8,0,1,6,0,1,25,"Kurmi","Taraba","Northeast",91531
449,28,0,1,3,24,0,19,16,1,4,1,1,4,0,8,5,0,0,24,0,0,19,"Kunchi","Kano","Northwest",111018
450,24,1,0,8,13,2,5,2,8,10,2,5,7,3,19,12,0,0,11,0,3,20,"Kura","Kano","Northwest",144601
451,46,1,5,11,29,0,19,21,5,7,2,2,9,1,15,9,0,1,12,0,1,32,"Kurfi","Katsina","Northwest",11781
452,12,0,3,2,5,2,5,5,4,4,3,1,3,0,5,6,0,0,2,0,1,8,"Kusada","Katsina","Northwest",99267
453,29,0,13,12,2,2,13,12,7,11,11,7,23,0,26,20,0,1,10,0,1,24,"Kwali","FCT","North-Central",85837
454,69,3,18,26,9,13,2,7,4,6,11,15,59,12,57,37,0,0,8,1,3,59,"Kwande","Benue","North-Central",248697
455,37,2,1,2,19,13,14,16,21,23,2,6,17,2,18,21,0,2,5,0,2,29,"Kwami","Gombe","Northeast",195298
456,17,1,7,0,9,0,7,8,5,7,5,1,5,0,5,8,0,0,1,0,0,16,"Kware","Sokoto","Northwest",133899
457,3,0,1,1,1,0,1,1,1,1,1,0,1,1,2,0,0,0,2,0,0,3,"Kwaya-Kusar","Borno","Northeast",56500
458,95,3,24,53,12,3,23,23,18,22,8,14,62,6,70,67,0,1,17,0,1,85,"Lafia","Nasarawa","North-Central",330712
459,24,4,5,9,2,4,7,14,10,11,5,10,0,0,19,10,20,4,0,1,0,13,"Lagelu","Oyo","Southwest",147957
460,50,9,17,14,3,7,13,11,10,18,36,39,29,12,36,31,0,3,10,1,0,21,"Lagos Island","Lagos","Southwest",209437
461,39,12,12,3,0,12,7,9,8,10,33,35,30,19,34,27,0,2,9,0,0,18,"Lagos Mainland","Lagos","Southwest",317720
462,44,2,22,14,6,0,4,13,1,8,0,3,34,2,42,39,0,0,13,0,1,41,"Langtang South","Plateau","North-Central",106305
463,58,5,23,20,7,3,6,16,4,6,19,8,34,4,38,39,0,0,7,1,2,45,"Langtang North","Plateau","North-Central",140643
464,58,2,2,31,18,5,28,20,8,25,25,10,41,4,34,21,0,0,15,0,2,45,"Lapai","Niger","North-Central",110127
465,12,0,0,6,6,0,7,3,0,3,1,0,0,0,10,9,9,1,0,0,0,11,"Larmurde","Adamawa","Northeast",112803
466,40,3,11,2,18,6,11,10,2,6,1,3,27,4,26,23,0,0,15,0,1,32,"Lau","Taraba","Northeast",96590
467,80,2,8,52,16,2,41,20,16,21,0,2,0,0,66,25,32,9,0,1,1,63,"Lavun","Niger","North-Central",209917
468,42,0,13,21,4,4,31,18,7,12,0,2,0,0,37,24,15,6,0,0,0,25,"Lere","Kaduna","Northwest",331161
469,42,2,18,15,6,1,12,23,19,29,2,12,0,0,34,32,17,4,0,1,2,35,"Logo","Benue","North-Central",169063
470,18,2,2,9,5,0,3,2,5,5,3,3,5,3,7,4,0,0,3,0,3,9,"Lokoja","Kogi","North-Central",195261
471,16,0,0,3,12,1,10,6,1,4,1,1,8,0,9,2,0,2,4,0,1,12,"Machina","Yobe","Northeast",61606
472,40,1,14,7,16,2,10,4,4,8,3,2,11,2,9,12,0,0,6,0,1,39,"Madgali","Adamawa","Northeast",134827
473,19,0,1,4,13,1,9,8,10,14,1,2,3,0,18,6,0,0,9,0,1,17,"Madobi","Kano","Northwest",136623
474,17,1,4,2,10,0,2,6,0,5,1,6,4,0,9,7,0,0,2,1,1,6,"Mafa","Borno","Northeast",103518
475,47,1,11,7,27,1,12,7,7,11,4,3,24,2,23,27,0,0,15,1,1,43,"Magama","Niger","North-Central",181653
476,17,0,1,7,9,0,2,7,4,5,6,2,5,0,4,7,0,0,7,0,1,14,"Magumeri","Borno","Northeast",140231
477,44,1,5,11,25,2,15,32,4,7,6,1,7,0,12,13,0,1,12,0,1,38,"Mai'Adua","Katsina","Northwest",21178
478,20,7,8,1,1,3,5,3,4,5,14,18,17,14,16,15,0,1,1,3,2,8,"Maiduguri","Borno","Northeast",521492
479,20,0,2,10,8,0,10,6,6,8,5,1,3,0,9,5,0,0,3,1,1,18,"Maigatari","Jigawa","Northwest",179715
480,44,1,5,18,10,10,16,19,1,9,12,2,20,1,22,18,0,1,9,0,0,42,"Maiha","Adamawa","Northeast",111215
481,43,1,7,3,31,1,11,9,14,25,21,4,17,1,18,17,0,0,9,0,2,38,"Maiyama","Kebbi","Northwest",175686
482,32,0,14,17,1,0,10,16,7,11,0,5,20,1,27,26,0,0,16,2,4,30,"Makarfi","Kaduna","Northwest",146259
483,24,0,2,3,18,1,15,3,6,9,3,1,5,1,18,13,0,1,20,0,0,21,"Makoda","Kano","Northwest",222399
484,19,0,2,8,9,0,17,8,5,11,4,4,7,0,16,10,0,1,11,0,2,17,"Malam-Maduri","Jigawa","Northwest",161413
485,43,0,4,27,11,1,10,14,13,15,4,5,16,5,16,22,0,1,4,1,2,34,"Malumfashi","Katsina","Northwest",182920
486,97,3,37,36,20,1,23,25,17,23,17,12,70,7,67,65,0,2,22,0,4,85,"Mangu","Plateau","North-Central",294931
487,43,1,12,11,17,2,14,8,12,13,9,2,8,1,20,11,0,1,26,0,1,38,"Mani","Katsina","Northwest",176966
488,27,1,5,2,19,0,12,15,8,11,2,1,9,1,15,12,0,0,2,0,0,21,"Maradun","Zamfara","Northwest",210852
489,26,0,3,5,18,0,18,4,2,4,6,2,17,0,21,16,0,0,4,0,1,25,"Mariga","Niger","North-Central",199430
490,55,15,10,11,9,10,16,15,13,15,27,30,41,22,40,35,0,0,21,2,5,43,"Makurdi","Benue","North-Central",297398
491,8,1,2,1,3,1,3,5,1,3,2,1,6,1,6,6,0,0,1,0,0,7,"Marte","Borno","Northeast",229370
492,56,2,8,2,43,1,18,24,9,13,2,3,0,0,32,25,32,13,0,0,0,43,"Maru","Zamfara","Northwest",291900
493,49,0,13,20,15,1,8,14,4,16,1,4,45,2,39,34,0,2,11,0,2,35,"Mashegu","Niger","North-Central",215022
494,38,0,5,2,25,6,8,27,10,11,3,1,0,0,11,4,19,3,0,0,1,32,"Mashi","Katsina","Northwest",173134
495,31,0,3,7,20,1,16,15,4,4,3,1,14,0,13,21,0,0,15,0,1,29,"Matazu","Katsina","Northwest",115325
496,60,1,7,21,23,8,13,9,10,17,0,5,23,1,23,24,0,0,8,1,1,49,"Mayo-Belwa","Adamawa","Northeast",153129
497,27,6,11,0,3,7,8,11,13,14,13,18,23,5,24,12,0,0,11,2,1,18,"Mbaitoli","Imo","Southeast",237555
498,14,0,8,2,4,0,8,8,5,5,1,5,0,0,11,9,11,1,0,1,1,12,"Mbo","Akwa Ibom","South-South",104012
499,20,1,3,11,3,2,6,5,4,6,2,2,0,0,9,8,13,3,0,1,2,13,"Michika","Adamawa","Northeast",155302
500,22,0,4,7,11,0,19,3,5,9,0,4,2,0,13,11,0,4,0,0,0,22,"Miga","Jigawa","Northwest",128424
501,36,1,13,18,4,0,22,18,1,6,1,5,0,0,17,20,14,7,0,0,3,25,"Mikang","Plateau","North-Central",97411
502,21,0,0,2,18,1,9,11,4,5,0,0,4,0,18,6,0,0,10,0,0,21,"Minjibir","Kano","Northwest",213794
503,42,1,5,1,29,6,12,6,11,14,13,4,11,2,13,12,0,1,2,1,2,34,"Misau","Bauchi","Northeast",263487
504,18,1,7,6,0,4,9,14,12,14,5,5,16,2,18,11,0,0,4,0,1,13,"Moba","Ekiti","Southwest",146496
505,9,1,3,2,3,0,3,2,3,3,2,1,7,0,3,3,0,0,2,0,0,9,"Mobbar","Borno","Northeast",116654
506,18,0,6,6,6,0,6,9,3,7,4,2,9,0,9,11,0,0,6,0,0,18,"Mubi North","Adamawa","Northeast",151072
507,45,2,1,2,34,6,10,11,5,9,2,2,11,2,13,13,0,1,17,0,0,41,"Mubi South","Adamawa","Northeast",128937
508,71,1,23,35,12,0,14,12,20,29,9,8,63,1,62,27,0,2,27,0,4,65,"Mokwa","Niger","North-Central",244937
510,30,1,22,2,2,3,20,13,21,21,24,4,20,2,22,21,0,0,8,0,0,27,"Mopa Muro","Kogi","North-Central",44037
511,45,2,8,16,14,5,15,9,13,15,10,17,31,5,29,29,0,3,14,2,2,34,"Moro","Kwara","North-Central",108792
512,48,1,13,26,8,0,31,24,7,9,2,3,0,0,35,19,26,5,0,0,1,37,"Moya","Niger","North-Central",103651
513,19,3,13,3,0,0,8,11,10,14,2,10,13,3,14,8,0,0,5,1,2,10,"Mpkat-Enin","Akwa Ibom","South-South",178036
514,40,7,21,5,2,5,18,18,18,22,22,29,33,10,39,35,0,1,17,4,5,31,"Municipal-Area-Council","FCT","North-Central",778567
515,31,3,7,16,5,0,13,19,6,7,2,2,0,0,8,9,12,4,0,0,0,13,"Musawa","Katsina","Northwest",171714
516,70,23,12,10,0,25,8,9,8,8,57,55,50,26,64,51,0,1,7,0,1,14,"Mushin","Lagos","Southwest",633009
517,25,2,11,8,1,3,9,15,7,14,2,3,13,1,15,14,0,1,5,0,1,17,"Nafada","Gombe","Northeast",138185
518,39,1,7,2,25,4,16,13,11,15,8,3,14,0,21,15,0,0,11,0,1,36,"Nangere","Yobe","Northeast",87823
519,30,7,5,11,4,3,6,17,17,18,13,14,19,10,27,28,0,3,14,0,2,22,"Nassarawa","Kano","Northwest",596669
520,68,8,17,38,4,1,14,18,9,16,6,9,47,5,49,46,0,0,16,1,1,51,"Nasarawa","Nasarawa","North-Central",596669
521,40,1,29,8,1,1,16,13,9,11,3,5,20,1,23,19,0,0,1,0,1,36,"Nasarawa-Eggon","Nasarawa","North-Central",149129
522,26,4,20,0,1,1,7,15,8,14,8,15,23,6,24,23,0,0,13,0,3,20,"Ndokwa-East","Delta","South-South",103171
523,27,1,19,2,1,4,6,10,8,9,6,13,21,7,24,24,0,0,6,0,1,11,"Ndokwa-West","Delta","South-South",149325
524,17,3,12,0,0,2,8,9,7,14,0,4,16,3,17,12,0,0,8,0,0,10,"Nembe","Bayelsa","South-South",130931
525,5,0,1,3,1,0,3,1,1,1,3,1,2,0,2,3,0,0,2,0,1,5,"Ngala","Borno","Northeast",237071
526,11,1,2,2,6,0,2,4,2,3,4,1,4,0,4,4,0,0,2,0,0,7,"Nganzai","Borno","Northeast",99799
527,39,1,4,8,26,0,14,13,6,12,6,3,15,1,12,14,0,0,2,0,0,32,"Ngaski","Kebbi","Northwest",124766
528,23,1,16,2,3,1,18,14,12,13,1,3,0,0,21,5,20,4,0,0,0,15,"Ngor-Okpala","Imo","Southeast",159932
529,15,0,2,4,8,1,10,10,6,12,4,1,4,0,5,1,0,0,4,0,0,11,"Nguru","Yobe","Northeast",150632
530,65,2,6,7,37,13,22,29,14,20,13,6,35,7,44,49,0,4,39,2,4,57,"Ningi","Bauchi","Northeast",387192
531,17,3,7,2,0,5,2,4,6,6,5,12,13,7,16,13,0,1,6,0,0,9,"Njaba","Imo","Southeast",145110
532,33,10,11,1,7,4,15,13,19,20,18,15,22,10,32,20,0,0,21,0,1,25,"Njikoka","Anambra","Southeast",148465
533,15,1,9,0,3,2,1,3,3,5,1,2,10,0,12,3,0,0,6,0,0,13,"Nkanu East","Enugu","Southeast",148774
534,30,1,15,5,0,9,4,9,14,14,9,10,26,5,25,19,0,2,14,0,2,17,"Nkanu West","Enugu","Southeast",146695
535,7,0,4,1,2,0,3,6,3,5,1,5,7,0,7,4,0,0,4,0,0,7,"Nkwerre","Imo","Southeast",80152
536,27,2,16,2,6,1,4,20,19,23,3,7,18,1,20,17,0,0,20,0,0,24,"Nnewi North","Anambra","Southeast",157569
537,32,6,12,2,8,4,11,11,16,18,7,11,20,8,24,13,0,0,19,0,0,24,"Nnewi South","Anambra","Southeast",233658
538,4,0,1,1,2,0,1,2,2,3,1,1,1,0,4,2,0,0,1,0,1,4,"Nsit-Atai","Akwa Ibom","South-South",74595
539,15,2,8,1,3,1,7,8,9,9,4,8,7,1,13,14,0,0,7,0,1,8,"Nsit-Ibom","Akwa Ibom","South-South",108611
540,17,2,8,4,2,1,12,12,10,13,0,11,0,0,14,10,8,5,0,1,1,11,"Nsit-Ubuim","Akwa Ibom","South-South",128231
541,32,8,10,4,7,3,0,6,4,8,16,18,25,10,30,14,0,1,7,1,4,22,"Nsukka","Enugu","Southeast",309633
542,23,1,0,8,12,2,12,5,3,5,12,4,9,2,13,14,0,1,7,2,1,21,"Numan","Adamawa","Northeast",90723
543,11,0,6,1,4,0,5,5,10,11,3,2,0,0,10,3,0,4,0,0,0,10,"Nwangele","Imo","Southeast",128472
544,51,6,12,19,6,8,10,17,17,17,24,15,41,6,44,40,0,0,22,0,0,20,"Obafemi-Owode","Ogun","Southwest",228851
545,30,1,14,1,14,0,9,12,11,19,3,3,24,0,26,23,0,4,17,1,1,30,"Obanliku","Cross River","South-South",110324
546,61,3,14,41,1,2,18,43,20,29,0,5,0,0,43,32,26,7,0,1,0,55,"Obi","Nasarawa","North-Central",148874
547,43,1,10,12,18,2,11,7,8,9,1,8,33,4,39,22,0,0,6,0,0,41,"Obi","Benue","North-Central",98855
548,30,2,16,4,6,2,22,22,20,23,13,8,0,0,31,28,29,11,0,1,1,26,"Obi Nwa","Abia","Southeast",181439
549,52,29,11,9,2,1,12,13,13,13,33,44,42,32,45,35,0,1,12,6,5,19,"Obio/Akpor","Rivers","South-South",464789
550,45,1,9,2,14,19,5,10,19,19,9,8,29,3,28,13,0,0,4,0,2,28,"Obokun","Osun","Southwest",116511
551,19,0,3,2,13,1,7,9,5,7,1,10,7,1,16,14,0,1,9,0,0,12,"Obot-Akara","Akwa Ibom","South-South",148281
552,30,6,19,1,0,4,9,11,16,17,12,10,19,5,27,14,0,0,14,0,0,23,"Obowo","Imo","Southeast",118114
553,46,3,17,1,25,0,14,9,11,21,2,1,35,3,39,34,0,1,16,0,0,42,"Obubra","Cross River","South-South",172444
554,78,0,12,8,58,0,20,13,33,39,16,2,69,1,76,50,0,4,46,0,0,76,"Obudu","Cross River","South-South",160106
555,14,1,5,6,1,1,7,11,9,11,1,6,0,0,14,12,11,3,0,0,0,8,"Odeda","Ogun","Southwest",109449
556,43,1,5,32,0,5,9,26,15,20,7,12,33,2,33,22,0,1,11,1,1,25,"Odigbo","Ondo","Southwest",230351
557,29,3,13,9,1,3,13,20,18,19,8,14,28,6,29,28,0,0,15,0,0,19,"Odogbolu","Ogun","Southwest",127123
558,35,2,23,4,0,6,13,28,28,28,7,8,0,0,34,17,26,5,0,0,0,31,"Odo-otin","Osun","Southwest",134110
559,30,0,17,1,10,2,21,20,15,19,2,4,0,0,17,15,25,17,0,1,1,23,"Odukpani","Cross River","South-South",192444
560,35,3,10,7,5,10,15,14,20,20,14,16,24,12,24,22,0,1,12,2,3,34,"Offa","Kwara","North-Central",89674
561,62,5,37,11,6,3,5,14,14,16,18,7,53,7,57,47,0,0,16,1,2,54,"Ofu","Kogi","North-Central",192169
562,37,7,23,3,2,2,24,18,22,26,23,13,28,9,29,23,0,1,14,0,1,20,"Ogba/Egbema/Ndoni","Rivers","South-South",284010
563,25,2,12,10,0,1,0,9,8,14,0,8,18,1,20,14,0,0,9,0,0,20,"Ogbadibo","Benue","North-Central",128707
564,20,2,6,1,7,4,8,7,6,10,7,10,15,9,17,14,0,0,7,0,0,12,"Ogbaru","Anambra","Southeast",221879
565,16,4,6,1,0,5,8,10,14,14,10,10,12,4,13,9,0,0,8,0,2,12,"Ogbia","Bayelsa","South-South",179926
566,26,5,11,1,2,7,8,10,7,8,19,10,25,10,25,25,0,2,4,2,4,16,"Ogbomoso North","Oyo","Southwest",198720
567,30,6,6,2,7,9,0,6,4,7,21,18,21,11,25,25,0,0,1,0,0,13,"Ogbomoso South","Oyo","Southwest",100815
568,6,0,5,1,0,0,5,3,4,6,1,1,3,0,5,5,0,0,3,1,1,5,"Ogo Bolo","Rivers","South-South",74683
569,49,8,22,3,10,6,20,18,17,25,10,13,45,9,45,41,0,0,25,2,4,45,"Ogoja","Cross River","South-South",171901
570,29,1,8,11,5,4,5,3,1,4,11,1,17,0,21,11,0,0,3,0,0,22,"Ogo Oluwa","Oyo","Southwest",65184
571,6,1,3,1,1,0,1,4,5,5,2,4,4,3,4,4,0,0,6,0,2,6,"Ogori/Magongo","Kogi","North-Central",39622
572,28,1,13,1,12,1,10,12,14,15,2,1,20,0,22,15,0,1,5,0,0,23,"Ogun waterside","Ogun","Southwest",72935
573,15,1,7,3,3,1,6,6,6,8,2,8,11,2,12,6,0,0,3,1,1,10,"Oguta","Imo","Southeast",143008
574,32,8,15,3,6,0,11,25,5,21,10,11,0,0,29,22,23,9,0,0,0,18,"Ohafia","Abia","Southeast",245144
575,20,0,11,6,0,3,11,5,7,8,11,8,18,1,18,14,0,0,5,0,0,12,"Ohaji/Egbema","Imo","Southeast",182538
576,20,0,8,6,4,2,7,5,4,7,4,5,19,2,19,16,0,0,5,1,0,16,"Ohaozara","Ebonyi","Southeast",148626
577,49,1,25,5,7,11,16,12,11,16,7,12,44,2,44,29,0,4,6,0,0,36,"Ohaukwu","Ebonyi","Southeast",196337
578,26,1,17,7,1,0,3,12,9,17,2,3,15,1,19,22,0,0,10,0,0,18,"Ohimini","Benue","North-Central",71482
579,37,8,23,4,1,1,21,27,12,21,3,12,0,0,35,33,25,12,0,1,0,23,"Ohionmwon","Edo","South-South",182717
580,51,8,11,19,7,6,5,10,15,16,16,17,33,11,42,15,0,1,20,0,3,42,"Oji-River","Enugu","Southeast",126587
581,36,10,10,5,1,10,9,12,11,13,26,26,24,17,32,29,0,0,6,1,2,17,"Ojo","Lagos","Southwest",598071
582,32,0,16,11,4,1,6,1,8,10,1,4,27,1,31,26,0,0,5,0,1,26,"Oju","Benue","North-Central",170236
583,12,1,6,3,2,0,3,4,8,9,4,5,11,3,11,10,0,1,4,2,2,9,"Okehi","Kogi","North-Central",199999
584,34,3,7,10,5,9,4,12,13,14,14,12,17,6,20,18,0,2,10,2,4,24,"Okene","Kogi","North-Central",320260
585,20,4,6,5,3,2,11,10,16,16,4,5,14,1,15,14,0,0,9,0,2,18,"Oke-Ero","Kwara","North-Central",57619
586,31,6,13,6,4,2,3,12,9,9,10,18,28,9,29,27,0,0,7,0,0,16,"Okigwe","Imo","Southeast",132237
587,36,2,2,27,4,1,13,11,6,7,6,5,28,4,27,20,0,0,14,0,0,22,"Okitipupa","Ondo","Southwest",233565
588,12,1,4,4,2,1,3,5,7,7,3,7,6,1,10,5,0,0,0,1,1,9,"Okobo","Akwa Ibom","South-South",104057
589,23,3,13,4,0,3,13,18,19,20,11,11,21,1,22,21,0,2,19,0,1,17,"Okpe","Delta","South-South",130029
590,16,5,7,2,0,2,8,6,8,10,8,13,16,4,15,12,0,1,7,3,6,11,"Okrika","Rivers","South-South",222026
591,42,1,19,16,0,6,2,5,4,10,18,7,32,3,38,10,0,2,11,0,1,35,"Olamabolo","Kogi","North-Central",160152
592,35,0,28,2,1,4,9,15,16,20,7,3,22,0,30,11,0,0,14,0,1,28,"Ola-oluwa","Osun","Southwest",76593
593,17,0,10,1,2,4,9,11,9,12,10,4,12,5,14,17,0,0,6,0,0,11,"Olorunda","Osun","Southwest",131761
594,30,2,18,2,2,6,11,11,13,14,11,9,19,3,23,17,0,1,18,0,2,26,"Olorunsogo","Oyo","Southwest",81759
595,29,2,17,6,0,4,9,16,12,20,10,6,21,1,25,25,0,0,5,0,1,24,"Oluyole","Oyo","Southwest",202725
596,40,4,26,7,1,2,4,13,5,6,2,3,0,0,30,13,20,2,0,0,0,36,"Omala","Kogi","North-Central",108402
597,13,0,13,0,0,0,13,10,11,11,0,0,0,0,10,9,12,2,0,0,0,11,"Omuma","Rivers","South-South",100366
598,49,7,17,16,1,8,4,7,6,10,26,22,46,16,44,41,0,0,9,1,1,33,"Ona-ara","Oyo","Southwest",265059
599,22,1,6,12,0,3,8,16,11,15,1,6,0,0,20,10,19,2,0,0,0,17,"Ondo East","Ondo","Southwest",74758
600,22,1,0,18,0,3,7,8,9,13,3,5,17,2,19,11,0,1,6,0,0,18,"Ondo west","Ondo","Southwest",283672
601,6,1,1,1,2,1,1,1,1,1,0,1,6,1,6,6,0,0,0,0,1,1,"Onicha","Ebonyi","Southeast",236828
602,26,11,3,3,7,2,10,7,13,14,14,17,13,6,17,13,0,0,12,0,0,13,"Onitsha North","Anambra","Southeast",124942
603,13,5,1,2,5,0,4,2,5,6,8,9,9,8,9,9,0,0,3,4,6,12,"Onitsha","Anambra","Southeast",136662
604,20,3,12,2,2,1,10,13,12,12,5,12,14,2,19,15,0,0,10,0,0,17,"Onna","Akwa Ibom","South-South",123373
605,42,3,30,6,2,1,4,13,7,11,5,6,31,4,30,15,0,0,5,0,0,28,"Okpokwu","Benue","North-Central",176647
606,7,1,5,0,0,1,3,3,2,5,1,3,6,1,7,4,0,0,4,0,0,6,"Opobo/Nkoro","Rivers","South-South",151511
607,20,11,4,0,1,4,1,2,2,2,18,16,19,10,18,16,0,0,2,0,0,4,"Oredo","Edo","South-South",374671
608,13,5,3,2,2,1,2,4,1,6,6,4,9,2,9,5,0,0,6,0,0,6,"Orelope","Oyo","Southwest",104441
609,41,3,28,1,3,6,17,19,27,33,15,6,37,2,40,21,0,0,17,0,0,34,"Oriade","Osun","Southwest",148617
610,19,0,14,1,2,2,9,14,1,1,0,0,0,0,19,10,14,1,0,0,0,15,"OriIre","Oyo","Southwest",150628
611,25,7,13,3,0,2,1,11,12,14,11,16,21,8,20,6,0,0,12,0,0,16,"Orlu","Imo","Southeast",142717
612,5,0,1,1,1,2,1,1,1,1,3,2,4,0,4,5,0,1,1,1,2,3,"Orolu","Osun","Southwest",103077
613,10,1,2,1,4,2,3,2,3,4,5,5,7,4,9,8,0,0,2,0,1,4,"Oron","Akwa Ibom","South-South",87461
614,31,6,10,6,5,4,3,11,14,14,13,23,28,9,30,19,0,0,7,2,3,16,"Orsu","Imo","Southeast",120003
615,18,2,8,5,1,2,5,7,9,11,5,12,14,3,14,9,0,0,3,1,0,12,"Oru East","Imo","Southeast",111822
616,17,2,10,1,4,0,9,7,3,4,2,4,0,0,13,12,12,3,0,1,1,12,"Oruk Anam","Akwa Ibom","South-South",172654
617,48,5,23,4,10,6,13,25,25,29,7,14,40,9,43,15,0,0,29,0,0,32,"Orumba North","Anambra","Southeast",172405
618,14,4,3,2,2,3,7,14,12,12,3,8,1,0,15,8,9,6,1,0,0,2,"Orumba South","Anambra","Southeast",187198
619,30,8,11,3,2,6,2,6,7,7,10,15,28,9,29,14,0,0,3,2,2,15,"Oru West","Imo","Southeast",117492
620,25,5,3,13,2,2,11,14,13,17,3,9,24,3,25,18,0,0,7,0,0,19,"Ose","Ondo","Southwest",144901
621,20,3,10,1,1,5,6,12,9,14,5,9,15,2,19,16,0,0,10,0,0,11,"Oshimili North","Delta","South-South",115316
622,30,11,9,1,1,8,6,9,8,9,22,27,27,14,27,26,0,1,6,1,1,15,"Oshimili South","Delta","South-South",149603
623,41,12,19,3,2,5,16,17,14,18,34,34,31,18,36,36,0,6,14,1,0,24,"Oshodi-Isolo","Lagos","Southwest",621509
624,31,2,18,4,6,1,16,11,6,19,11,6,23,3,28,28,0,1,6,0,0,25,"Osisioma Ngwa","Abia","Southeast",219632
625,21,4,12,1,0,4,4,10,11,11,11,6,18,6,18,17,0,0,7,0,1,12,"Osogbo","Osun","Southwest",156694
626,35,3,8,12,3,9,2,5,8,9,16,16,27,11,26,20,0,0,12,2,1,29,"Oturkpo","Benue","North-Central",261666
627,23,0,20,1,1,1,7,8,6,10,11,2,17,0,18,17,0,0,9,0,0,17,"Ovia North East","Edo","South-South",153849
628,22,1,10,4,6,1,7,5,18,18,2,4,21,1,22,21,0,0,18,0,0,21,"Ovia-South-West","Edo","South-South",135356
629,31,1,26,1,1,2,8,22,26,29,9,1,28,1,31,26,0,0,16,0,1,26,"Owan East","Edo","South-South",154385
630,28,5,16,0,0,7,1,15,11,15,16,8,27,4,26,25,0,0,6,1,0,21,"Owan West","Edo","South-South",97388
631,11,9,0,0,1,1,2,1,2,2,9,11,10,9,10,11,0,0,2,3,2,6,"Owerri-Municipal","Imo","Southeast",127213
632,31,4,13,8,0,6,10,16,12,12,19,23,22,8,24,17,0,1,7,1,0,15,"Owerri North","Imo","Southeast",175395
633,37,7,14,1,4,11,10,10,14,14,25,29,34,6,36,26,0,1,10,2,3,23,"Owerri West","Imo","Southeast",99265
634,34,2,8,20,0,4,19,22,20,22,9,8,17,2,24,15,0,0,14,1,2,28,"Owo","Ondo","Southwest",218886
635,25,3,11,6,0,5,11,17,18,18,16,6,23,1,21,19,0,0,9,0,1,18,"Oye","Ekiti","Southwest",134210
636,18,3,7,1,3,4,4,4,6,8,6,9,14,5,15,12,0,0,7,0,2,11,"Oyi","Anambra","Southeast",168029
637,39,6,12,10,2,9,5,6,11,11,22,17,29,7,29,21,0,0,4,1,1,5,"Oyigbo","Rivers","South-South",122687
638,31,0,11,9,4,7,10,12,10,11,13,6,15,1,16,12,0,2,8,0,1,15,"Oyo","Oyo","Southwest",136236
639,29,5,8,5,4,7,14,10,6,11,15,11,21,6,24,20,0,0,14,1,0,21,"Oyo East","Oyo","Southwest",123846
640,25,2,5,14,1,3,15,10,14,14,4,7,17,4,20,13,0,2,11,1,3,19,"Oyun","Kwara","North-Central",94253
641,81,1,53,19,6,2,29,14,6,10,30,4,49,1,42,36,0,0,6,0,1,75,"Paikoro","Niger","North-Central",158086
642,72,4,39,24,4,1,14,14,7,11,6,8,32,3,28,29,0,1,12,0,0,43,"Pankshin","Plateau","North-Central",191685
643,12,1,9,0,0,2,5,6,5,10,2,6,10,3,11,10,0,0,7,1,0,10,"Patani","Delta","South-South",67707
644,40,2,5,13,18,2,15,3,10,13,2,3,16,4,17,16,0,1,5,0,1,30,"Patigi","Kwara","North-Central",112317
645,16,0,10,2,0,4,12,11,12,12,16,15,15,3,14,12,0,5,10,3,3,13,"Port-Harcourt","Rivers","South-South",541115
646,14,1,0,1,8,4,3,9,6,7,5,1,8,1,8,6,0,2,5,0,0,11,"Potiskum","Yobe","Northeast",205876
647,79,0,25,39,14,1,10,18,1,6,4,4,40,1,46,51,0,0,17,0,1,67,"Qua'an-Pan","Plateau","North-Central",196929
648,28,1,3,2,22,0,13,14,10,14,8,2,7,3,15,22,0,0,12,0,0,27,"Rabah","Sokoto","Northwest",149165
649,80,1,17,24,35,3,27,20,13,31,17,12,46,7,57,52,0,1,15,1,2,64,"Rafi","Niger","North-Central",181929
650,15,1,2,3,9,0,5,10,8,10,1,2,4,1,8,5,0,0,3,1,2,15,"Rano","Kano","Northwest",145439
651,16,0,4,4,2,6,1,8,8,8,9,10,16,6,16,15,0,0,6,0,0,11,"Remo North","Ogun","Southwest",59911
652,59,2,12,12,33,0,18,29,6,8,4,4,20,3,21,22,0,0,11,0,2,55,"Rijau","Niger","North-Central",176053
653,48,1,8,19,19,1,17,11,14,15,0,2,8,1,12,6,0,0,14,1,0,27,"Rimi","Katsina","Northwest",153744
654,21,0,0,1,19,1,15,2,10,12,2,1,2,0,10,2,0,0,15,0,1,12,"Rimin Gado","Kano","Northwest",104790
655,28,1,2,9,16,0,22,8,7,8,1,2,7,1,18,20,0,0,14,1,1,28,"Ringim","Jigawa","Northwest",192024
656,47,0,7,29,10,1,21,9,6,8,0,3,0,0,31,34,27,5,0,0,0,31,"Riyom","Plateau","North-Central",131557
657,19,1,1,4,13,0,4,4,3,5,2,1,1,1,14,4,0,0,17,0,0,14,"Rogo","Kano","Northwest",227742
658,14,0,0,6,6,2,6,9,8,10,1,1,3,0,10,4,0,0,4,0,1,10,"Roni","Jigawa","Northwest",77819
659,38,1,5,1,30,1,15,17,13,27,16,2,26,3,29,31,0,2,18,0,0,34,"Sabon-Birni","Sokoto","Northwest",207599
660,20,6,4,8,0,2,7,6,10,10,4,12,16,8,19,15,0,0,3,0,2,15,"Sabon-Gari","Kaduna","Northwest",286871
661,28,0,6,0,22,0,6,6,2,3,1,0,6,0,8,7,0,1,7,0,0,21,"Sabuwa","Katsina","Northwest",136050
663,28,4,12,2,2,8,16,19,0,13,4,6,0,0,19,10,17,2,0,0,1,16,"Sagbama","Bayelsa","South-South",187146
664,47,1,7,0,38,1,16,16,3,20,7,4,18,1,14,19,0,0,0,0,4,32,"Sakaba","Kebbi","Northwest",89937
665,14,2,4,5,1,2,8,7,11,12,9,5,9,2,9,9,0,0,9,0,0,9,"Saki East","Oyo","Southwest",110223
666,50,6,26,5,3,10,8,12,11,22,40,15,48,13,45,42,0,0,16,0,2,25,"Saki west","Oyo","Southwest",278002
668,3,0,0,1,2,0,0,0,0,0,0,1,3,1,3,2,0,0,0,0,0,3,"Sanga","Kaduna","Northwest",149333
669,32,9,8,4,1,10,6,8,7,11,21,27,27,16,26,24,0,2,5,2,2,14,"Sapele","Delta","South-South",171888
670,62,2,24,10,22,4,4,27,0,4,3,2,50,0,52,30,0,0,14,0,1,54,"Sardauna","Taraba","Northeast",224437
671,45,9,3,10,5,18,12,9,8,13,18,30,38,13,40,34,0,0,3,0,2,16,"Shagamu","Ogun","Southwest",253412
672,28,0,3,1,24,0,11,10,5,8,12,3,4,0,5,15,0,0,1,0,1,16,"Shagari","Sokoto","Northwest",156413
673,13,0,2,0,11,0,3,2,1,4,1,1,1,0,2,1,0,0,0,0,0,10,"Shanga","Kebbi","Northwest",127146
674,30,1,3,8,18,0,5,6,0,3,0,3,0,0,11,9,5,1,0,0,1,21,"Shani","Borno","Northeast",102317
675,27,0,1,3,23,0,18,16,4,5,2,1,1,1,11,2,0,0,21,0,1,15,"Shanono","Kano","Northwest",140607
676,48,0,4,27,15,2,12,11,4,9,3,5,27,0,36,21,0,0,11,0,3,43,"Shelleng","Adamawa","Northeast",149069
677,57,2,23,23,8,1,18,30,2,15,8,9,42,3,43,37,0,2,12,0,1,53,"Shendam","Plateau","North-Central",208017
678,37,1,5,3,28,0,18,18,6,8,1,4,5,1,14,11,0,0,2,0,0,33,"Shinkafi","Zamfara","Northwest",135649
679,17,1,0,1,10,5,5,7,3,4,6,2,7,1,7,8,0,1,7,0,1,16,"Shira","Bauchi","Northeast",234014
680,108,0,45,27,32,4,23,17,12,14,11,6,72,3,60,52,0,0,23,2,4,99,"Shiroro","Niger","North-Central",235404
681,37,0,3,12,3,19,16,20,11,20,2,2,25,1,25,27,0,0,18,1,1,33,"Shongom","Gombe","Northeast",151520
682,37,14,9,5,1,8,6,7,7,7,29,34,28,21,33,31,0,1,5,0,0,8,"Shomolu","Lagos","Southwest",402673
683,35,0,4,1,30,0,13,9,3,5,1,0,7,1,9,27,0,0,2,0,0,28,"Silame","Sokoto","Northwest",104378
684,53,0,23,19,10,1,23,17,14,18,6,1,37,1,39,29,0,0,14,0,0,44,"Soba","Kaduna","Northwest",293270
685,10,0,4,5,1,0,9,10,9,9,7,4,5,0,8,9,0,0,5,0,3,9,"Sokoto North","Sokoto","Northwest",232846
686,20,2,3,5,3,7,6,1,7,7,6,14,14,9,15,17,0,0,1,1,2,11,"Sokoto South","Sokoto","Northwest",194914
687,71,4,5,16,33,13,46,41,12,18,7,7,5,0,60,16,0,7,0,0,0,64,"Song","Adamawa","Northeast",192697
688,40,4,26,0,2,8,15,21,2,28,1,11,0,0,24,16,30,12,0,0,0,31,"Southern Ijaw","Bayelsa","South-South",319413
689,36,3,8,14,2,9,13,11,15,17,26,18,30,14,35,28,0,0,10,0,1,32,"Suleja","Niger","North-Central",216578
690,20,0,3,1,16,0,16,3,3,4,0,2,0,0,10,5,11,3,0,1,2,20,"Sule Tankakar","Jigawa","Northwest",130849
691,40,0,5,6,28,1,22,10,6,12,2,1,4,2,14,1,0,0,14,1,1,23,"Sumaila","Kano","Northwest",253661
692,34,3,12,7,11,1,9,12,2,10,0,2,0,0,12,7,8,7,0,0,0,21,"Suru","Kebbi","Northwest",150230
693,27,1,18,4,0,4,5,11,7,11,12,6,23,0,23,23,0,1,2,0,0,20,"Surulere","Oyo","Southwest",142070
694,91,28,13,28,7,15,5,9,8,9,70,59,74,50,78,73,0,0,3,0,0,14,"Surulere","Lagos","Southwest",503975
695,40,1,12,9,16,2,16,9,10,14,23,6,35,2,37,36,0,0,19,0,0,37,"Tafa","Niger","North-Central",83544
696,7,0,1,3,2,1,2,2,2,2,3,1,6,1,5,4,0,0,3,0,0,6,"Tafawa-Balewa","Bauchi","Northeast",219988
697,7,0,5,2,0,0,4,4,3,5,3,4,5,1,5,5,0,0,5,1,2,5,"Tai","Rivers","South-South",117797
698,30,1,3,4,22,0,20,17,3,10,2,2,0,0,19,5,12,8,0,0,0,13,"Takai","Kano","Northwest",202743
699,41,1,12,10,14,4,13,19,6,15,2,4,2,0,26,9,22,10,0,0,2,33,"Takum","Taraba","Northeast",135349
700,46,2,5,2,37,0,19,11,6,10,2,6,8,2,10,8,0,0,4,1,1,43,"Talata-Mafara","Zamfara","Northwest",215178
701,39,1,6,1,31,0,17,12,5,6,2,5,0,0,12,15,18,12,0,0,3,30,"Tambuwal","Sokoto","Northwest",224931
702,31,1,4,0,26,0,13,6,3,9,3,1,10,1,14,15,0,0,5,0,0,29,"Tangaza","Sokoto","Northwest",113853
703,10,1,2,4,1,2,4,5,7,7,4,3,5,2,9,8,0,0,4,0,0,8,"Tarauni","Kano","Northwest",221367
704,31,0,4,19,5,3,12,12,10,14,3,11,27,7,26,21,0,0,7,0,2,24,"Tarka","Benue","North-Central",79494
705,22,0,7,2,11,2,11,10,5,6,5,1,7,0,7,3,0,0,6,1,0,14,"Tarmuwa","Yobe","Northeast",77204
706,18,0,1,5,12,0,13,4,5,6,0,2,2,1,12,5,0,0,4,0,0,16,"Taura","Jigawa","Northwest",131757
707,32,1,0,10,21,0,9,6,1,8,1,1,15,1,12,5,0,0,4,0,0,26,"Teungo","Adamawa","Northeast",52040
708,21,0,2,2,16,1,15,8,7,8,4,1,3,0,20,11,0,0,17,1,1,19,"Tofa","Kano","Northwest",97734
709,69,2,7,8,30,22,21,18,24,27,27,12,43,6,40,48,0,1,32,1,3,59,"Toro","Bauchi","Northeast",350404
710,67,3,12,50,2,0,23,19,0,18,1,7,0,0,41,25,31,3,0,0,2,58,"Toto","Nasarawa","North-Central",119077
711,47,1,5,6,35,0,21,11,2,8,3,6,25,1,21,28,0,0,8,0,2,46,"Tsafe","Zamfara","Northwest",266008
712,30,0,1,7,20,2,16,12,12,15,3,1,4,0,11,8,0,0,21,0,0,18,"Tsanyawa","Kano","Northwest",157680
713,27,0,2,6,19,0,6,0,5,8,1,1,3,1,16,7,0,0,12,1,1,20,"Tudun-Wada","Kano","Northwest",231742
714,19,0,6,7,6,0,7,10,2,5,5,2,4,0,9,13,0,0,2,0,0,15,"Tureta","Sokoto","Northwest",68370
715,39,4,12,6,11,6,2,9,15,20,7,14,32,9,36,13,0,0,18,0,3,36,"Udenu","Enugu","Southeast",178466
716,39,5,18,5,3,8,3,12,17,21,14,17,28,8,32,22,0,0,15,0,0,20,"Udi","Enugu","Southeast",234002
717,20,2,11,3,0,4,9,10,14,14,5,13,18,1,18,14,0,0,6,0,2,13,"Udu","Delta","South-South",143361
718,7,0,4,0,3,0,2,3,4,4,0,4,2,0,6,4,0,0,5,0,0,5,"Udung Uko","Akwa Ibom","South-South",53278
719,34,6,17,6,0,5,18,20,20,20,21,22,34,15,34,30,0,0,14,0,0,21,"Ughelli North","Delta","South-South",321028
720,33,2,26,3,2,0,13,21,18,24,9,15,24,2,27,23,0,1,12,0,0,15,"Ughelli South","Delta","South-South",213576
721,29,0,22,2,5,0,22,12,10,12,1,1,19,0,26,23,0,0,11,0,0,19,"Ugwunagbo","Abia","Southeast",82618
722,34,0,32,1,0,1,13,17,13,21,7,9,26,1,32,27,0,1,12,0,0,28,"Uhunmwonde","Edo","South-South",120813
723,9,3,4,2,0,0,2,4,2,4,1,3,7,2,8,7,0,0,3,1,1,7,"Ukanafun","Akwa Ibom","South-South",127033
724,46,1,15,22,4,4,7,7,0,4,8,7,41,11,40,29,0,0,3,0,0,41,"Ukum","Benue","North-Central",216930
725,19,0,14,0,5,0,4,8,4,8,4,4,15,0,16,10,0,0,6,0,0,17,"Ukwa East","Abia","Southeast",58865
726,13,1,8,3,1,0,10,8,8,9,2,5,11,2,10,6,0,0,2,1,3,10,"Ukwa West","Abia","Southeast",88555
727,24,7,11,4,0,2,22,20,21,25,6,9,0,0,20,22,14,2,0,0,0,7,"Ukwuani","Delta","South-South",120390
728,55,8,23,16,0,8,17,25,19,31,20,25,32,8,33,27,0,3,6,0,0,16,"Umuahia North","Abia","Southeast",220660
729,18,0,14,3,1,0,12,14,11,14,6,8,15,3,17,15,0,1,3,0,1,13,"Umuahia South","Abia","Southeast",138570
730,40,2,31,4,1,2,3,24,15,24,9,7,38,4,37,22,0,0,12,0,0,31,"Umu-Neochi","Abia","Southeast",163928
731,13,2,3,2,6,0,2,9,5,9,0,4,3,1,12,7,0,0,2,0,1,7,"Ungogo","Kano","Northwest",369657
732,12,3,5,0,1,3,6,8,7,9,3,9,0,0,11,8,10,5,0,0,0,5,"Unuimo","Imo","Southeast",99247
733,13,1,10,0,1,1,6,12,11,11,3,10,9,1,13,13,0,0,9,0,0,9,"Uruan","Akwa Ibom","South-South",118300
734,11,0,6,1,4,0,4,8,5,8,0,4,9,0,10,10,0,0,3,1,2,10,"Urue Offong/Oruko","Akwa Ibom","South-South",71159
735,71,4,19,38,2,8,15,13,6,15,11,11,66,8,66,49,0,3,12,0,0,67,"Ushongo","Benue","North-Central",188341
736,38,1,5,4,18,10,13,9,1,5,3,3,27,1,26,14,0,0,7,0,0,33,"Ussa","Taraba","Northeast",92017
737,61,30,11,5,1,14,10,10,10,10,56,54,60,36,59,57,0,1,10,1,3,26,"Uvwie","Delta","South-South",191472
738,10,5,4,1,0,0,4,5,4,4,7,10,10,7,10,8,0,0,2,0,1,5,"Uyo","Akwa Ibom","South-South",309573
739,27,0,9,2,15,1,0,5,4,6,2,1,23,0,22,8,0,0,10,0,0,23,"Uzo Uwani","Enugu","Southeast",124480
740,46,2,26,10,4,4,5,8,6,9,6,13,42,7,43,37,0,0,12,0,2,41,"Vandeikya","Benue","North-Central",230120
741,26,0,3,5,18,0,9,8,2,8,10,4,4,0,10,11,0,0,0,0,1,24,"Wammako","Sokoto","Northwest",179619
742,118,2,60,47,9,0,31,22,20,30,3,8,48,3,93,82,44,5,29,1,4,108,"Wamba","Nasarawa","North-Central",72894
743,19,0,1,3,15,0,13,8,7,9,8,1,1,0,19,6,0,0,12,0,0,15,"Warawa","Kano","Northwest",128787
744,44,1,3,4,27,9,14,11,8,10,4,2,25,0,19,30,0,1,5,0,0,42,"Warji","Bauchi","Northeast",114720
745,15,2,10,3,0,0,9,8,5,9,0,8,8,4,9,7,0,0,9,2,2,8,"Warri North","Delta","South-South",137300
746,39,18,13,4,0,4,12,10,13,14,24,29,33,18,35,31,0,2,10,0,0,12,"Warri South","Delta","South-South",303417
747,9,2,5,2,0,0,2,4,3,5,0,5,0,0,7,6,6,1,0,0,0,4,"Warri South West","Delta","South-South",116681
748,34,3,8,4,18,1,14,10,4,10,14,7,24,4,17,21,0,2,7,0,4,32,"Wasagu/Danko","Kebbi","Northwest",265203
749,52,1,16,23,10,2,5,8,0,7,6,7,33,1,34,27,0,0,12,0,2,38,"Wase","Plateau","North-Central",161714
750,18,3,5,4,6,0,12,10,6,10,1,5,7,2,16,11,0,0,8,0,2,14,"Wudil","Kano","Northwest",185189
752,25,1,0,4,20,0,10,10,6,10,8,3,6,2,9,13,0,1,4,0,0,21,"Wurno","Sokoto","Northwest",162307
753,35,1,5,13,13,3,15,21,13,14,2,2,0,0,19,9,15,8,0,1,1,26,"Wushishi","Niger","North-Central",81783
754,11,1,2,0,8,0,5,3,3,4,3,3,4,0,4,8,0,1,4,0,0,8,"Yabo","Sokoto","Northwest",115011
755,36,0,24,10,1,1,16,12,21,23,9,7,26,0,29,12,0,0,0,1,1,32,"Yagba East","Kogi","North-Central",149023
756,27,3,11,6,5,2,8,8,14,16,13,7,21,1,24,20,0,1,6,0,2,22,"Yagba West","Kogi","North-Central",140150
757,36,3,15,1,15,2,22,16,11,15,9,11,30,7,34,31,0,0,20,1,3,33,"Yakurr","Cross River","South-South",196450
758,44,2,23,3,14,2,23,18,12,17,0,4,0,0,33,18,19,7,0,0,0,34,"Yala","Cross River","South-South",210843
759,56,3,7,9,18,19,26,24,26,29,20,10,26,2,33,34,0,0,38,2,2,52,"Yalmatu/Deba","Gombe","Northeast",255248
760,13,0,0,3,10,0,8,3,3,5,0,1,1,0,11,5,0,0,3,0,1,13,"Yankwashi","Jigawa","Northwest",95759
761,20,2,5,1,11,1,5,9,8,11,6,5,14,4,15,17,0,0,7,0,1,14,"Yauri","Kebbi","Northwest",88777
762,20,5,12,1,0,2,12,12,15,19,12,7,12,1,16,12,0,0,14,1,1,14,"Yenagoa","Bayelsa","South-South",353344
763,12,0,2,7,0,3,8,6,8,9,3,3,11,3,11,10,0,0,7,0,0,11,"Yola North","Adamawa","Northeast",198247
764,28,1,2,11,11,3,17,16,18,18,7,3,22,4,22,19,0,1,7,0,2,21,"Yola South","Adamawa","Northeast",194607
765,17,0,0,5,8,4,7,6,2,3,2,1,7,0,7,7,0,0,3,0,1,14,"Yorro","Taraba","Northeast",89410
766,33,1,1,3,23,5,19,11,1,7,1,3,0,0,16,4,11,6,0,0,1,18,"Yunusari","Yobe","Northeast",125821
767,5,0,0,0,4,1,3,3,0,1,0,0,1,0,1,1,0,1,0,0,0,4,"Yusufari","Yobe","Northeast",111086
769,26,0,3,6,16,1,7,13,2,4,2,3,5,0,8,5,0,1,9,1,3,22,"Zango","Katsina","Northwest",154743
770,27,0,13,8,6,0,4,3,3,6,1,1,19,0,23,21,0,0,6,0,1,23,"Zangon Kataf","Kaduna","Northwest",316370
771,36,0,15,19,1,1,19,25,15,18,11,5,23,2,34,36,0,3,21,0,1,36,"Zaria","Kaduna","Northwest",408198
772,18,1,2,0,11,4,6,4,1,3,0,4,9,2,8,7,0,1,5,0,1,15,"Zing","Taraba","Northeast",127363
773,50,2,10,3,35,0,26,23,5,10,0,2,0,0,23,17,24,21,0,0,0,20,"Zurmi","Zamfara","Northwest",293837
774,32,2,13,1,16,0,14,13,7,15,6,4,14,2,17,12,0,0,4,0,1,24,"Zuru","Kebbi","Northwest",165547
