"","X","X_id","uuid","lga","state","zone","X_lga_id","gps","formhub_photo_id","unique_lga","photo","water_point_type","Classification","water_source_type","water_scheme_type","community","ward","is_improved","lift_mechanism","functional","breakdown","pay_for_water_yn","distribution_type"
"20866",20866,"021c9a25-554d-48f2-add3-9fb9b3721c96","021c9a25-554d-48f2-add3-9fb9b3721c96","Damaturu","Yobe","Northeast",141,"11.758037209510803 12.23204791545868 391.0 4.0","1343381104424.jpg","yobe_damaturu","1343381104424.jpg","Unimproved Well",NA,"protected_dug_well","water_source","Warsala","Kukareta","No","Manual","No","Under Construction","No","Stand Alone Water Point"
"20867",20867,"aa0e04ae-40b8-4a7b-8c1b-f0d18078ad65","aa0e04ae-40b8-4a7b-8c1b-f0d18078ad65","Damaturu","Yobe","Northeast",141,"11.75296177 11.96906631 380.20001220703125 5.0","1343312145186.jpg","yobe_damaturu","1343312145186.jpg","Tap",NA,"borehole_tube_well","water_source","Pompomari","Gwange","Yes","Diesel","Yes","Functional","Yes","Stand Alone Water Point"
"20868",20868,"7e8479a1-a8d3-4ff6-ae8c-7b61757ba3ea","7e8479a1-a8d3-4ff6-ae8c-7b61757ba3ea","Damaturu","Yobe","Northeast",141,"11.75299586 11.95658324 398.29998779296875 5.0","1343298082234.jpg","yobe_damaturu","1343298082234.jpg","Tap",NA,NA,"outlet","Pawari","Pawari","Yes","Tap (unknown lift)","Yes","Functional","No","Water Scheme, Source within 100m"
"20869",20869,"f42cff3a-306a-49ca-b44e-e95447667c8a","f42cff3a-306a-49ca-b44e-e95447667c8a","Damaturu","Yobe","Northeast",141,"11.74568447 11.94433183 384.29998779296875 4.0","1343306607271.jpg","yobe_damaturu","1343306607271.jpg","Tap",NA,"borehole_tube_well","water_source","Nayinawa Nsallake 1","Nayinawa ","Yes","Diesel","No","Mechanical Issue","Yes","Stand Alone Water Point"
"20870",20870,"0c0ea0a8-aa04-44b2-8ca7-b526bcbbebb8","0c0ea0a8-aa04-44b2-8ca7-b526bcbbebb8","Damaturu","Yobe","Northeast",141,"11.911593675613403 12.259481549263 378.0 4.0","1343311336299.jpg","yobe_damaturu","1343311336299.jpg","Tap",NA,"borehole_tube_well","water_source","Gambomeri","Kukareta","Yes","Diesel","Yes","Functional","No","Stand Alone Water Point"
"20871",20871,"0d1c6995-7add-4ce8-b13d-e31ef36f6294","0d1c6995-7add-4ce8-b13d-e31ef36f6294","Damaturu","Yobe","Northeast",141,"11.633362770080566 12.007960081100464 426.0 4.0","1343390856046.jpg","yobe_damaturu","1343390856046.jpg","Unimproved Well",NA,"protected_dug_well","water_source","Kafitilowa","Gambir","No","Manual","No","Under Construction","No","Stand Alone Water Point"
"20872",20872,"cef6fec7-093a-4dd4-b648-fed57f957b3e","cef6fec7-093a-4dd4-b648-fed57f957b3e","Damaturu","Yobe","Northeast",141,"11.7203327 11.95703805 402.8999938964844 3.0","1343293990336.jpg","yobe_damaturu","1343293990336.jpg","Tap",NA,"borehole_tube_well","water_source","Malari","Damaturu central","Yes","Diesel","Yes","Functional","Yes","Stand Alone Water Point"
"20873",20873,"6703fd3f-3b86-44ce-b088-cb6384b3a82a","6703fd3f-3b86-44ce-b088-cb6384b3a82a","Damaturu","Yobe","Northeast",141,"11.84053765 11.89657848 409.3999938964844 5.0","1343382033367.jpg","yobe_damaturu","1343382033367.jpg","Tap",NA,NA,"outlet","Al_ Ishad","Kalallawa/Gubai","Yes","Tap (unknown lift)","Yes","Functional","No","Water Scheme, Source within 1km"
"20874",20874,"ab1ed6e7-0e5b-45b0-816b-840a2751e391","ab1ed6e7-0e5b-45b0-816b-840a2751e391","Damaturu","Yobe","Northeast",141,"11.74687095 11.96774506 369.0 5.0","1343309002467.jpg","yobe_damaturu","1343309002467.jpg","Tap",NA,"borehole_tube_well","water_source","Njiwaji","Nayinawa","Yes","Diesel","Yes","Functional","Yes","Stand Alone Water Point"
"20875",20875,"f5d45454-740a-4c4c-b6ea-e494eb2c3b58","f5d45454-740a-4c4c-b6ea-e494eb2c3b58","Damaturu","Yobe","Northeast",141,"11.744819283485413 12.186664938926697 415.0 4.0","1343382394642.jpg","yobe_damaturu","1343382394642.jpg","Tap",NA,"borehole_tube_well","water_source","Kukareta","Kukareta","Yes","Diesel","Yes","Functional","No","Stand Alone Water Point"
"20876",20876,"6ed84700-b902-4405-81e6-f77f2c855989","6ed84700-b902-4405-81e6-f77f2c855989","Damaturu","Yobe","Northeast",141,"11.75279008 11.95689727 388.8999938964844 5.0","1343297960383.jpg","yobe_damaturu","1343297960383.jpg","Tap",NA,NA,"outlet","Pawari","Pawari","Yes","Tap (unknown lift)","Yes","Functional","No","Water Scheme, Source within 100m"
"20877",20877,"8c40f590-4289-4ff7-89d8-17082dd40c0c","8c40f590-4289-4ff7-89d8-17082dd40c0c","Damaturu","Yobe","Northeast",141,"11.84527337551117 12.094354033470154 379.0 4.0","1343305738887.jpg","yobe_damaturu","1343305738887.jpg","Borehole",NA,"borehole_tube_well","water_source","Salari","Kukareta","Yes",NA,"Yes","Functional","No","Stand Alone Water Point"
"20878",20878,"5cb0957c-b3f9-4ba6-90ea-7ccf3d12481e","5cb0957c-b3f9-4ba6-90ea-7ccf3d12481e","Damaturu","Yobe","Northeast",141,"11.74885647 11.97130046 341.6000061035156 5.0","1343309193797.jpg","yobe_damaturu","1343309193797.jpg","Tap",NA,"borehole_tube_well","water_source","Njiwaji","Nayinawa","Yes","Diesel","Yes","Functional","Yes","Stand Alone Water Point"
"20879",20879,"65afa364-009e-433f-9e27-95322487f328","65afa364-009e-433f-9e27-95322487f328","Damaturu","Yobe","Northeast",141,"11.740785241127014 12.177507877349854 399.0 4.0","1343381015905.jpg","yobe_damaturu","1343381015905.jpg","Tap",NA,NA,"outlet","Moriki  ll","Damakosu","Yes","Tap (unknown lift)","Yes","Functional","No","Water Scheme, Source within 100m"
"20880",20880,"642223cc-39bf-4b1a-87e3-1bad7d71f9a3","642223cc-39bf-4b1a-87e3-1bad7d71f9a3","Damaturu","Yobe","Northeast",141,"11.74543289 11.95778053 374.1000061035156 5.0","1343307683077.jpg","yobe_damaturu","1343307683077.jpg","Tap",NA,"borehole_tube_well","water_source","Blind workshop","Nayinawa","Yes","Diesel","Yes","Functional","Yes","Stand Alone Water Point"
"20881",20881,"3b2592d8-4b4d-44dc-bd76-00eaea405e99","3b2592d8-4b4d-44dc-bd76-00eaea405e99","Damaturu","Yobe","Northeast",141,"11.659825444221497 12.057033777236938 389.0 4.0","1343385146033.jpg","yobe_damaturu","1343385146033.jpg","Tap",NA,NA,"outlet","Maluti","Ganbe","Yes","Tap (unknown lift)","Yes","Functional","No","Water Scheme, Source within 100m"
"20882",20882,"142a7351-bcc6-4f89-b21b-8db70a353de2","142a7351-bcc6-4f89-b21b-8db70a353de2","Damaturu","Yobe","Northeast",141,"11.74644049 11.96162288 384.1000061035156 5.0","1343308593003.jpg","yobe_damaturu","1343308593003.jpg","Tap",NA,"borehole_tube_well","water_source","Hausari","Bindigar/pawari","Yes","Diesel","Yes","Functional","Yes","Stand Alone Water Point"
"20883",20883,"61a6be4e-34d5-4890-97fd-b8b105377bd2","61a6be4e-34d5-4890-97fd-b8b105377bd2","Damaturu","Yobe","Northeast",141,"11.729289293289185 12.091285586357117 418.0 3.0","1343386845002.jpg","yobe_damaturu","1343386845002.jpg","Tap",NA,"borehole_tube_well","water_source","Fuguri","Maisandari","Yes","Diesel","Yes","Functional","No","Stand Alone Water Point"
"20884",20884,"103ae695-945d-4b8b-a296-e4b6e96cd300","103ae695-945d-4b8b-a296-e4b6e96cd300","Damaturu","Yobe","Northeast",141,"11.74943392 11.96096147 371.8999938964844 5.0","1343308795240.jpg","yobe_damaturu","1343308795240.jpg","Tap",NA,"borehole_tube_well","water_source","Hausari","Bindigari/pawari","Yes","Diesel","Yes","Functional","Yes","Stand Alone Water Point"
"20885",20885,"53dcde3f-29f6-49c4-93eb-4e96eadab869","53dcde3f-29f6-49c4-93eb-4e96eadab869","Damaturu","Yobe","Northeast",141,"11.641398668289185 12.058106660842896 405.0 4.0","1343388825213.jpg","yobe_damaturu","1343388825213.jpg","Tap",NA,"borehole_tube_well","water_source","Gambir","Gambir","Yes","Diesel","Yes","Functional","No","Stand Alone Water Point"
"20886",20886,"b740c1bb-f0f8-4483-a2ee-2c8e38a7ecf7","b740c1bb-f0f8-4483-a2ee-2c8e38a7ecf7","Damaturu","Yobe","Northeast",141,"11.73960505 12.00557359 390.0 5.0","1343297283995.jpg","yobe_damaturu","1343297283995.jpg","Tap",NA,"borehole_tube_well","water_source","Ben Kalio ","Maisandari","Yes","Diesel","Yes","Functional","Yes","Stand Alone Water Point"
"20887",20887,"4e216ec7-8e4d-4b69-b58f-f0681d4f1f81","4e216ec7-8e4d-4b69-b58f-f0681d4f1f81","Damaturu","Yobe","Northeast",141,"11.73670671 11.99706595 409.3999938964844 5.0","1343312491779.jpg","yobe_damaturu","1343312491779.jpg","Tap",NA,NA,"outlet","Don","Don","Yes","Tap (unknown lift)","No","Mechanical Issue","No","Water Scheme, Source within 100m"
"20888",20888,"33f0a57a-4436-4d92-9bd5-c88e4ac554f2","33f0a57a-4436-4d92-9bd5-c88e4ac554f2","Damaturu","Yobe","Northeast",141,"11.81822884 11.90843171 402.8999938964844 5.0","1343382392572.jpg","yobe_damaturu","1343382392572.jpg","Tap",NA,NA,"outlet","Sindiri","Kalallawa/Gubai","Yes","Tap (unknown lift)","Yes","Functional","No","Water Scheme, Source within 100m"
"20889",20889,"49445a0e-bdc6-422c-8d8c-95d85d045da8","49445a0e-bdc6-422c-8d8c-95d85d045da8","Damaturu","Yobe","Northeast",141,"11.75913367 12.00549487 368.0 5.0","1343299672986.jpg","yobe_damaturu","1343299672986.jpg","Tap",NA,"borehole_tube_well","water_source","Sunsumma","Maisandari","Yes","Diesel","No","Mechanical Issue","Yes","Stand Alone Water Point"
"20890",20890,"ba3455cf-b748-42bc-a8da-791c788af172","ba3455cf-b748-42bc-a8da-791c788af172","Damaturu","Yobe","Northeast",141,"11.73185406 12.00970427 376.70001220703125 3.0","1343297716893.jpg","yobe_damaturu","1343297716893.jpg","Tap",NA,"borehole_tube_well","water_source","Maduri","Maisandari","Yes","Diesel","Yes","Functional","Yes","Stand Alone Water Point"
"20891",20891,"c6b8f0f7-46c7-4a7f-8704-5d955eff74af","c6b8f0f7-46c7-4a7f-8704-5d955eff74af","Damaturu","Yobe","Northeast",141,"11.743183135986328 12.177271842956543 399.0 4.0","1343380844834.jpg","yobe_damaturu","1343380844834.jpg","Tap",NA,NA,"outlet","Morikimori l","Damakosu","Yes","Tap (unknown lift)","Yes","Functional","No","Water Scheme, Source within 100m"
"20892",20892,"0b5767e8-f94b-409f-be01-abe327431e82","0b5767e8-f94b-409f-be01-abe327431e82","Damaturu","Yobe","Northeast",141,"11.93902367 11.85577698 377.70001220703125 5.0","1343380858483.jpg","yobe_damaturu","1343380858483.jpg","Tap",NA,NA,"outlet","Kalallawa","Kalallawa/","Yes","Tap (unknown lift)","Yes","Functional","No","Water Scheme, Source within 1km"
"20893",20893,"d0c3b0a5-5c76-4392-8e2d-82687141b69b","d0c3b0a5-5c76-4392-8e2d-82687141b69b","Damaturu","Yobe","Northeast",141,"11.94787323474884 12.071394324302673 377.0 4.0","1343303979849.jpg","yobe_damaturu","1343303979849.jpg","Tap",NA,"borehole_tube_well","water_source","Gonihassanti","Sasawa","Yes","Diesel","Yes","Functional","No","Stand Alone Water Point"
"20894",20894,"30421a31-18bf-4a3d-a1df-3128f049535d","30421a31-18bf-4a3d-a1df-3128f049535d","Damaturu","Yobe","Northeast",141,"11.73437205 11.98359516 387.29998779296875 5.0","1343296306258.jpg","yobe_damaturu","1343296306258.jpg","Tap",NA,"borehole_tube_well","water_source","Comm. Quarter 2","Maisandari","Yes","Diesel","Yes","Functional","Yes","Stand Alone Water Point"
"20895",20895,"f29fc5ae-12fd-41c5-b670-e0934c71972b","f29fc5ae-12fd-41c5-b670-e0934c71972b","Damaturu","Yobe","Northeast",141,"12.126449346542358 12.113070487976074 361.0 4.0","1343300253898.jpg","yobe_damaturu","1343300253898.jpg","Tap",NA,"borehole_tube_well","water_source","Daukururi","Sasawa","Yes","Diesel","Yes","Functional","No","Stand Alone Water Point"
"20896",20896,"4ce63f81-58ea-4e3c-ab71-4a2d897f0f6d","4ce63f81-58ea-4e3c-ab71-4a2d897f0f6d","Damaturu","Yobe","Northeast",141,"11.830220818519592 11.994699239730835 400.0 4.0","1343294506812.jpg","yobe_damaturu","1343294506812.jpg","Unimproved Well",NA,"protected_dug_well","water_source","Damiya","Sasawa","No","Manual","Yes","Functional","No","Stand Alone Water Point"
"20897",20897,"cca1680f-c7b6-4358-b6f3-34e9903ddda6","cca1680f-c7b6-4358-b6f3-34e9903ddda6","Damaturu","Yobe","Northeast",141,"11.946698427200317 12.020464539527893 393.0 4.0","1343292916413.jpg","yobe_damaturu","1343292916413.jpg","Tap",NA,"borehole_tube_well","water_source","kabarugoni maknitari","sasawa","Yes","Diesel","Yes","Functional","No","Stand Alone Water Point"
"20898",20898,"4e3552cb-56dc-4578-abc7-e94b321f41f7","4e3552cb-56dc-4578-abc7-e94b321f41f7","Damaturu","Yobe","Northeast",141,"11.73635479 12.01401603 379.6000061035156 5.0","1343298742330.jpg","yobe_damaturu","1343298742330.jpg","Tap",NA,"borehole_tube_well","water_source","Maisandari","Maisandari","Yes","Diesel","Yes","Functional","Yes","Stand Alone Water Point"
"20899",20899,"9cd6486e-e534-48ff-a762-e62e8fa20d00","9cd6486e-e534-48ff-a762-e62e8fa20d00","Damaturu","Yobe","Northeast",141,"11.72891999 11.95797632 414.8999938964844 5.0","1343296670867.jpg","yobe_damaturu","1343296670867.jpg","Tap",NA,NA,"outlet","Pqwari","Pawari","Yes","Tap (unknown lift)","No","Mechanical Issue","No","Water Scheme, Source within 100m"
"20900",20900,"4bb6be6d-c549-4cc8-ae78-30087b870b1e","4bb6be6d-c549-4cc8-ae78-30087b870b1e","Damaturu","Yobe","Northeast",141,"11.74375495 11.95182396 367.6000061035156 5.0","1343306954541.jpg","yobe_damaturu","1343306954541.jpg","Tap",NA,"borehole_tube_well","water_source","Nayinawa","Nayinawa ","Yes","Diesel","Yes","Functional","Yes","Stand Alone Water Point"
"20901",20901,"1249ba63-fec1-47d7-a6f7-17bcfb63fa4b","1249ba63-fec1-47d7-a6f7-17bcfb63fa4b","Damaturu","Yobe","Northeast",141,"11.76669481 11.9476671 392.3999938964844 5.0","1343387417614.jpg","yobe_damaturu","1343387417614.jpg","Tap",NA,"borehole_tube_well","water_source","3 bedroom gashua road","Gwange","Yes","Diesel","Yes","Functional","Yes","Stand Alone Water Point"
"20902",20902,"e17363f0-ce4f-462c-a60d-5d580151603b","e17363f0-ce4f-462c-a60d-5d580151603b","Damaturu","Yobe","Northeast",141,"11.73307304 12.01219337 371.5 5.0","1343297836745.jpg","yobe_damaturu","1343297836745.jpg","Tap",NA,"borehole_tube_well","water_source","Maduri","Maisandari","Yes","Diesel","No","Mechanical Issue","Yes","Stand Alone Water Point"
"20903",20903,"f4af33ab-3618-4532-81da-9b38e7058602","f4af33ab-3618-4532-81da-9b38e7058602","Damaturu","Yobe","Northeast",141,"11.758718490600586 12.23053514957428 387.0 4.0","1343381486393.jpg","yobe_damaturu","1343381486393.jpg","Tap",NA,"borehole_tube_well","water_source","Warsala","Kukareta","Yes","Diesel","Yes","Functional","No","Stand Alone Water Point"
"20904",20904,"bddfa976-71ff-4dc3-be83-70d2a0a904fd","bddfa976-71ff-4dc3-be83-70d2a0a904fd","Damaturu","Yobe","Northeast",141,"12.054024338722229 12.100029587745667 363.0 4.0","1343298202734.jpg","yobe_damaturu","1343298202734.jpg","Tap",NA,NA,"outlet","sasawa","sasawa","Yes","Tap (unknown lift)","Yes","Functional","Yes","Water Scheme, Source within 100m"
"20905",20905,"18f6a631-9bdb-4b8a-85a1-0fb91dc006ef","18f6a631-9bdb-4b8a-85a1-0fb91dc006ef","Damaturu","Yobe","Northeast",141,"11.72415018081665 12.220911383628845 399.0 4.0","1343380463614.jpg","yobe_damaturu","1343380463614.jpg","Unimproved Well",NA,"protected_dug_well","water_source","Ligaliri","Kukareta","No","Manual","No","Under Construction","No","Stand Alone Water Point"
"20906",20906,"6cc46514-7edc-4d23-87c1-6897997db447","6cc46514-7edc-4d23-87c1-6897997db447","Damaturu","Yobe","Northeast",141,"11.73569685 11.95296744 372.3999938964844 5.0","1343303471134.jpg","yobe_damaturu","1343303471134.jpg","Tap",NA,"borehole_tube_well","water_source","Nasarawa","Damaturu central","Yes","Diesel","Yes","Functional","Yes","Stand Alone Water Point"
"20907",20907,"01e58621-af3f-476e-a944-0c7294155a56","01e58621-af3f-476e-a944-0c7294155a56","Damaturu","Yobe","Northeast",141,"11.72737801 11.98212523 395.6000061035156 5.0","1343295866624.jpg","yobe_damaturu","1343295866624.jpg","Tap",NA,"borehole_tube_well","water_source","GRA","Damaturu central","Yes","Diesel","Yes","Functional","Yes","Stand Alone Water Point"
"20908",20908,"8e4a8108-c01a-4751-ba82-629872684ce5","8e4a8108-c01a-4751-ba82-629872684ce5","Damaturu","Yobe","Northeast",141,"11.73862131 11.96671612 366.6000061035156 5.0","1343302415241.jpg","yobe_damaturu","1343302415241.jpg","Tap",NA,"borehole_tube_well","water_source","Lowcost","Damaturu central","Yes","Diesel","Yes","Functional","Yes","Stand Alone Water Point"
"20909",20909,"22fe2190-8cc7-4d60-a56d-4f1430ae9da4","22fe2190-8cc7-4d60-a56d-4f1430ae9da4","Damaturu","Yobe","Northeast",141,"11.70509347 11.83728748 407.79998779296875 5.0","1343391421220.jpg","yobe_damaturu","1343391421220.jpg","Tap",NA,NA,"outlet","Murfa kalam","Murfa","Yes","Tap (unknown lift)","Yes","Functional","No","Water Scheme, Source within 100m"
"20910",20910,"7cadc1a9-fef0-4bc5-8299-e5416284e84e","7cadc1a9-fef0-4bc5-8299-e5416284e84e","Damaturu","Yobe","Northeast",141,"11.6862299 11.94705832 423.6000061035156 5.0","1343308943913.jpg","yobe_damaturu","1343308943913.jpg","Tap",NA,NA,"outlet","Ysu","Kasasa","Yes","Tap (unknown lift)","No","Mechanical Issue","No","Water Scheme, Source within 100m"
"20911",20911,"d7942c30-1b22-440b-9fef-f2d0c747e570","d7942c30-1b22-440b-9fef-f2d0c747e570","Damaturu","Yobe","Northeast",141,"11.74582773 11.97378486 385.0 5.0","1343310335622.jpg","yobe_damaturu","1343310335622.jpg","Tap",NA,"borehole_tube_well","water_source","Sabon fegi","Gwange","Yes","Diesel","Yes","Functional","Yes","Stand Alone Water Point"
"20912",20912,"3b20325a-a21d-4fb9-b325-2182c4d177e6","3b20325a-a21d-4fb9-b325-2182c4d177e6","Damaturu","Yobe","Northeast",141,"11.75936208 11.95189798 379.0 5.0","1343388135518.jpg","yobe_damaturu","1343388135518.jpg","Borehole",NA,"borehole_tube_well","water_source","Shagari","Nayinawa","Yes",NA,"No","Mechanical Issue","Yes","Stand Alone Water Point"
"20913",20913,"e43561e9-4b7e-4dcc-a55a-b8640d2efa2f","e43561e9-4b7e-4dcc-a55a-b8640d2efa2f","Damaturu","Yobe","Northeast",141,"11.73155373 12.01985305 380.8999938964844 5.0","1343298105502.jpg","yobe_damaturu","1343298105502.jpg","Tap",NA,"borehole_tube_well","water_source","Maduri","Maisandari","Yes","Diesel","Yes","Functional","Yes","Stand Alone Water Point"
"20914",20914,"8a0723ff-fe91-40b4-8df4-cb2f5415ca0e","8a0723ff-fe91-40b4-8df4-cb2f5415ca0e","Damaturu","Yobe","Northeast",141,"11.74851103 11.98427971 360.0 5.0","1343310715849.jpg","yobe_damaturu","1343310715849.jpg","Tap",NA,"borehole_tube_well","water_source","Federal Polythecnic","Gwange","Yes","Diesel","No","Mechanical Issue","No","Stand Alone Water Point"
"20915",20915,"402692e7-4349-411c-bb09-cfe7217ee5d8","402692e7-4349-411c-bb09-cfe7217ee5d8","Damaturu","Yobe","Northeast",141,"11.74634494 11.95022265 378.1000061035156 5.0","1343306810529.jpg","yobe_damaturu","1343306810529.jpg","Tap",NA,"borehole_tube_well","water_source","Nayinawa","Nayinawa ","Yes","Diesel","No","Mechanical Issue","Yes","Stand Alone Water Point"
"20916",20916,"1f05272d-1979-4227-ae3d-65d92e8957f2","1f05272d-1979-4227-ae3d-65d92e8957f2","Damaturu","Yobe","Northeast",141,"11.73306983 12.01208928 404.6000061035156 5.0","1343303393064.jpg","yobe_damaturu","1343303393064.jpg","Tap",NA,NA,"outlet","Maisadari","Maisadari","Yes","Tap (unknown lift)","No","Mechanical Issue","No","Water Scheme, Source within 100m"
"20917",20917,"9d905596-1fda-49c0-b965-950aedcde40d","9d905596-1fda-49c0-b965-950aedcde40d","Damaturu","Yobe","Northeast",141,"11.75224526 11.9638571 379.0 5.0","1343312429885.jpg","yobe_damaturu","1343312429885.jpg","Tap",NA,"borehole_tube_well","water_source","Lawanti","Gwange","Yes","Diesel","Yes","Functional","Yes","Stand Alone Water Point"
"20918",20918,"377cbd31-25a6-42cb-9b52-50e92aad1ebc","377cbd31-25a6-42cb-9b52-50e92aad1ebc","Damaturu","Yobe","Northeast",141,"11.77061064 11.94598103 397.6000061035156 5.0","1343387123023.jpg","yobe_damaturu","1343387123023.jpg","Tap",NA,"borehole_tube_well","water_source","3 bedroom gashua road","Gwange","Yes","Diesel","Yes","Functional","Yes","Stand Alone Water Point"
"20919",20919,"2d406975-078b-4745-80f8-5e7a3bd7cff7","2d406975-078b-4745-80f8-5e7a3bd7cff7","Damaturu","Yobe","Northeast",141,"11.7339575 11.94015798 358.79998779296875 5.0","1343305357972.jpg","yobe_damaturu","1343305357972.jpg","Tap",NA,"borehole_tube_well","water_source","Sani Daura Estate","Nayinawa","Yes","Diesel","Yes","Functional","Yes","Stand Alone Water Point"
"20920",20920,"f977c912-36d6-4975-80d2-c205aa2834df","f977c912-36d6-4975-80d2-c205aa2834df","Damaturu","Yobe","Northeast",141,"11.78325186 11.9444588 400.70001220703125 5.0","1343313491049.jpg","yobe_damaturu","1343313491049.jpg","Tap",NA,"borehole_tube_well","water_source","Zanna Zakariya","Pawari","Yes","Diesel","Yes","Functional","Yes","Stand Alone Water Point"
"20921",20921,"e491c968-812e-430f-9c35-2dd32d810614","e491c968-812e-430f-9c35-2dd32d810614","Damaturu","Yobe","Northeast",141,"12.053573727607727 12.101778388023376 362.0 4.0","1343301765811.jpg","yobe_damaturu","1343301765811.jpg","Tap",NA,"borehole_tube_well","water_source","Sasawa","Sasawa","Yes","Diesel","Yes","Functional","Yes","Stand Alone Water Point"
"20922",20922,"87032c4c-2d04-48b3-a775-e0a40d55d11d","87032c4c-2d04-48b3-a775-e0a40d55d11d","Damaturu","Yobe","Northeast",141,"11.75350285 11.97824445 392.70001220703125 5.0","1343311155761.jpg","yobe_damaturu","1343311155761.jpg","Tap",NA,"borehole_tube_well","water_source","Sabon pegi","Gwange","Yes","Diesel","Yes","Functional","Yes","Stand Alone Water Point"
"20923",20923,"e6709e39-bcd2-4256-8f09-eb605ea2a36e","e6709e39-bcd2-4256-8f09-eb605ea2a36e","Damaturu","Yobe","Northeast",141,"11.75475717 11.94656063 376.29998779296875 5.0","1343385774375.jpg","yobe_damaturu","1343385774375.jpg","Borehole",NA,"borehole_tube_well","water_source","Nayinawa","Nayinawa","Yes",NA,"Yes","Functional","Don't Know","Stand Alone Water Point"
"20924",20924,"6f1b685e-614b-4cd7-8c76-b9b84b895786","6f1b685e-614b-4cd7-8c76-b9b84b895786","Damaturu","Yobe","Northeast",141,"11.74298115 11.92249693 393.0 5.0","1343305946598.jpg","yobe_damaturu","1343305946598.jpg","Tap",NA,"borehole_tube_well","water_source","Afganistan","Nayinawa","Yes","Diesel","Yes","Functional","Yes","Stand Alone Water Point"
"20925",20925,"f0bbe86c-31f7-4ddf-b493-d85e4d1d54e8","f0bbe86c-31f7-4ddf-b493-d85e4d1d54e8","Damaturu","Yobe","Northeast",141,"11.73905281 12.01207147 398.3999938964844 5.0","1343302810345.jpg","yobe_damaturu","1343302810345.jpg","Tap",NA,NA,"outlet","Maisandari","Maisandari","Yes","Tap (unknown lift)","No","Mechanical Issue","No","Water Scheme, Source within 100m"
"20926",20926,"8814760d-90ae-46b1-b6c1-ce50cb031169","8814760d-90ae-46b1-b6c1-ce50cb031169","Damaturu","Yobe","Northeast",141,"11.73029428 11.91822654 385.8999938964844 5.0","1343395376610.jpg","yobe_damaturu","1343395376610.jpg","Tap",NA,NA,"outlet","Dukumari","Murfa","Yes","Tap (unknown lift)","Yes","Functional","No","Water Scheme, Source within 1km"
"20927",20927,"102907ca-0f70-4f46-9598-3460c5f1fb2c","102907ca-0f70-4f46-9598-3460c5f1fb2c","Damaturu","Yobe","Northeast",141,"11.75762457 11.97468417 373.8999938964844 5.0","1343311412999.jpg","yobe_damaturu","1343311412999.jpg","Tap",NA,"borehole_tube_well","water_source","Pompomari","Gwange","Yes","Diesel","Yes","Functional","Yes","Stand Alone Water Point"
"20928",20928,"4ef84249-9d65-4de6-9c62-b70a5c1a1e6c","4ef84249-9d65-4de6-9c62-b70a5c1a1e6c","Damaturu","Yobe","Northeast",141,"11.73393341 11.98685099 383.6000061035156 5.0","1343296499647.jpg","yobe_damaturu","1343296499647.jpg","Tap",NA,"borehole_tube_well","water_source","Comm Quarter","Maisandari","Yes","Diesel","Yes","Functional","Yes","Stand Alone Water Point"
"20929",20929,"c05e1d0b-de71-4090-acae-77234cbb3561","c05e1d0b-de71-4090-acae-77234cbb3561","Damaturu","Yobe","Northeast",141,"11.77969247 11.94335548 405.8999938964844 5.0","1343314003261.jpg","yobe_damaturu","1343314003261.jpg","Borehole",NA,"borehole_tube_well","water_source","Zanna Zakariya","Pawari","Yes",NA,"No","Under Construction","Don't Know","Stand Alone Water Point"
"20930",20930,"14cf794a-424d-4aaf-9346-0979cc6fb291","14cf794a-424d-4aaf-9346-0979cc6fb291","Damaturu","Yobe","Northeast",141,"11.74508673 11.99610512 379.8999938964844 4.0","1343301044343.jpg","yobe_damaturu","1343301044343.jpg","Tap",NA,"borehole_tube_well","water_source","House of Assemble","Maisandari","Yes","Diesel","Yes","Functional","Yes","Stand Alone Water Point"
"20931",20931,"4dbd80ec-4075-4c05-9c2d-5810f87f42a5","4dbd80ec-4075-4c05-9c2d-5810f87f42a5","Damaturu","Yobe","Northeast",141,"11.74747521 11.99474857 377.79998779296875 5.0","1343300468520.jpg","yobe_damaturu","1343300468520.jpg","Tap",NA,"borehole_tube_well","water_source","Secteriat","Maisandari","Yes","Diesel","Yes","Functional","Yes","Stand Alone Water Point"
"20932",20932,"a7d3c7f3-a618-465a-bee4-0c9836d635c0","a7d3c7f3-a618-465a-bee4-0c9836d635c0","Damaturu","Yobe","Northeast",141,"11.75793494 11.95497912 388.3999938964844 5.0","1343298399671.jpg","yobe_damaturu","1343298399671.jpg","Tap",NA,NA,"outlet","Paari","Pawari","Yes","Tap (unknown lift)","Yes","Functional","No","Water Scheme, Source within 100m"
"20933",20933,"e81cffdc-6a79-498f-9c48-681566c3439f","e81cffdc-6a79-498f-9c48-681566c3439f","Damaturu","Yobe","Northeast",141,"11.743075847625732 12.181177139282227 414.0 3.0","1343383324603.jpg","yobe_damaturu","1343383324603.jpg","Tap",NA,"borehole_tube_well","water_source","Kukareta","Kukareta","Yes","Solar","Yes","Functional","No","Stand Alone Water Point"
"20934",20934,"1c552981-c94e-4ccd-9d60-df6736107d26","1c552981-c94e-4ccd-9d60-df6736107d26","Damaturu","Yobe","Northeast",141,"11.74070161 11.94751621 371.3999938964844 5.0","1343307117278.jpg","yobe_damaturu","1343307117278.jpg","Tap",NA,"borehole_tube_well","water_source","Nayinawa","Nayinawa","Yes","Diesel","Yes","Functional","Yes","Stand Alone Water Point"
"20935",20935,"48ebeb12-34b6-4a75-9662-348eb54e78cb","48ebeb12-34b6-4a75-9662-348eb54e78cb","Damaturu","Yobe","Northeast",141,"11.74534176 11.94009099 382.0 5.0","1343306400892.jpg","yobe_damaturu","1343306400892.jpg","Borehole",NA,"borehole_tube_well","water_source","Nayinawa Nsallake 2","Nayinawa","Yes",NA,"No","Mechanical Issue","Yes","Stand Alone Water Point"
"20936",20936,"af975528-47ea-4858-a5bf-5ba68e65a5bd","af975528-47ea-4858-a5bf-5ba68e65a5bd","Damaturu","Yobe","Northeast",141,"11.74314297 11.94829148 385.79998779296875 5.0","1343307282900.jpg","yobe_damaturu","1343307282900.jpg","Tap",NA,"borehole_tube_well","water_source","Nayinawa","Nayinawa","Yes","Diesel","No","Mechanical Issue","Yes","Stand Alone Water Point"
"20937",20937,"1591440f-5953-420c-92a7-31b9c1d09d63","1591440f-5953-420c-92a7-31b9c1d09d63","Damaturu","Yobe","Northeast",141,"11.73248671 11.96047841 397.8999938964844 5.0","1343310528341.jpg","yobe_damaturu","1343310528341.jpg","Tap",NA,NA,"outlet","Karukasamma","Dt central","Yes","Tap (unknown lift)","No","Mechanical Issue","No","Water Scheme, Source within 100m"
"20938",20938,"e9c6a2d7-c083-4f83-94b4-3964dec79a66","e9c6a2d7-c083-4f83-94b4-3964dec79a66","Damaturu","Yobe","Northeast",141,"11.808934807777405 12.07145869731903 378.0 4.0","1343317771824.jpg","yobe_damaturu","1343317771824.jpg","Tap",NA,"borehole_tube_well","water_source","Dapsa","Damakasu","Yes","Diesel","Yes","Functional","No","Stand Alone Water Point"
"20939",20939,"c8e8ce66-cae2-472f-9bfa-f27a2126dd5b","c8e8ce66-cae2-472f-9bfa-f27a2126dd5b","Damaturu","Yobe","Northeast",141,"11.75026837 11.98438866 376.29998779296875 5.0","1343310895647.jpg","yobe_damaturu","1343310895647.jpg","Tap",NA,"borehole_tube_well","water_source","Federal Polythecnic","Gwange","Yes","Diesel","No","Mechanical Issue","No","Stand Alone Water Point"
"20940",20940,"25fc2154-0b03-46b5-ae9f-98f8966815ff","25fc2154-0b03-46b5-ae9f-98f8966815ff","Damaturu","Yobe","Northeast",141,"11.96787178516388 12.054319381713867 398.0 4.0","1343297224206.jpg","yobe_damaturu","1343297224206.jpg","Tap",NA,"borehole_tube_well","water_source","Kabaru Lawanti","Sasawa","Yes","Diesel","Yes","Functional","No","Stand Alone Water Point"
"20941",20941,"73da35ed-1b79-4e6e-8536-d984af36a02b","73da35ed-1b79-4e6e-8536-d984af36a02b","Damaturu","Yobe","Northeast",141,"11.76760196685791 12.082938551902771 397.0 4.0","1343316927055.jpg","yobe_damaturu","1343316927055.jpg","Tap",NA,"borehole_tube_well","water_source","Damakasu 2","Damakasu ","Yes","Diesel","Yes","Functional","No","Stand Alone Water Point"
"20942",20942,"ea7e986e-d749-43e2-8609-9e39619101b1","ea7e986e-d749-43e2-8609-9e39619101b1","Damaturu","Yobe","Northeast",141,"11.75260185 11.97426357 388.20001220703125 5.0","1343311939137.jpg","yobe_damaturu","1343311939137.jpg","Tap",NA,"borehole_tube_well","water_source","Sabon pegi","Gwange","Yes","Diesel","Yes","Functional","Yes","Stand Alone Water Point"
"20943",20943,"78bb4d34-f635-4b8a-b8e6-bdc01bb30e68","78bb4d34-f635-4b8a-b8e6-bdc01bb30e68","Damaturu","Yobe","Northeast",141,"11.73624693 11.99245876 418.79998779296875 5.0","1343312280211.jpg","yobe_damaturu","1343312280211.jpg","Tap",NA,NA,"outlet","Don","Don","Yes","Tap (unknown lift)","Yes","Functional","No","Water Scheme, Source within 100m"
"20944",20944,"d5aa8dd0-4fb2-49bb-99a2-cb4362047c4d","d5aa8dd0-4fb2-49bb-99a2-cb4362047c4d","Damaturu","Yobe","Northeast",141,"11.70458131 11.83651668 379.1000061035156 5.0","1343391565470.jpg","yobe_damaturu","1343391565470.jpg","Tap",NA,NA,"outlet","Murfa kalam","Murfa","Yes","Tap (unknown lift)","No","Mechanical Issue","No","Water Scheme, Source within 100m"
"20945",20945,"c64180cb-d11e-48dd-a8be-65b9d65e82b8","c64180cb-d11e-48dd-a8be-65b9d65e82b8","Damaturu","Yobe","Northeast",141,"11.71633859 11.95636625 390.5 5.0","1343294459604.jpg","yobe_damaturu","1343294459604.jpg","Tap",NA,"borehole_tube_well","water_source","3 bedroom Gujba road","Damaturu central","Yes","Diesel","Yes","Functional","Yes","Stand Alone Water Point"
"20946",20946,"02a7fff7-850d-42f1-baba-64e9839632eb","02a7fff7-850d-42f1-baba-64e9839632eb","Damaturu","Yobe","Northeast",141,"11.7364572 12.00483526 393.1000061035156 5.0","1343303980745.jpg","yobe_damaturu","1343303980745.jpg","Tap",NA,NA,"outlet","Benkaliyo","Maisandari ","Yes","Tap (unknown lift)","No","Mechanical Issue","No","Water Scheme, Source within 100m"
"20947",20947,"0bccc809-46ec-4b94-9cae-1210e780bb99","0bccc809-46ec-4b94-9cae-1210e780bb99","Damaturu","Yobe","Northeast",141,"11.74709726 11.96076712 381.70001220703125 5.0","1343308021681.jpg","yobe_damaturu","1343308021681.jpg","Tap",NA,"borehole_tube_well","water_source","Hausari","Pawari","Yes","Diesel","Yes","Functional","Yes","Stand Alone Water Point"
"20948",20948,"1a9663de-ce10-4003-a845-fd674a8326b6","1a9663de-ce10-4003-a845-fd674a8326b6","Damaturu","Yobe","Northeast",141,"11.721875667572021 12.12616503238678 403.0 4.0","1343386355984.jpg","yobe_damaturu","1343386355984.jpg","Tap",NA,"borehole_tube_well","water_source","Garburawa","Kukareta","Yes","Diesel","Yes","Functional","No","Stand Alone Water Point"
"20949",20949,"7e9f4ef0-d91b-48f3-acb3-8bb829e48092","7e9f4ef0-d91b-48f3-acb3-8bb829e48092","Damaturu","Yobe","Northeast",141,"11.73076824 11.91658489 384.79998779296875 5.0","1343395506943.jpg","yobe_damaturu","1343395506943.jpg","Tap",NA,NA,"outlet","Dikumari","Murfa","Yes","Tap (unknown lift)","Yes","Functional","No","Water Scheme, Source within 1km"
"20950",20950,"67706506-6b96-485c-9c4f-5574dbd187a9","67706506-6b96-485c-9c4f-5574dbd187a9","Damaturu","Yobe","Northeast",141,"11.74683843 11.96016115 383.20001220703125 5.0","1343307862838.jpg","yobe_damaturu","1343307862838.jpg","Tap",NA,"borehole_tube_well","water_source","Alajiri","Nayinawa","Yes","Diesel","Yes","Functional","Yes","Stand Alone Water Point"
"20951",20951,"f3ab30fb-6746-485b-9a72-accc99da2a79","f3ab30fb-6746-485b-9a72-accc99da2a79","Damaturu","Yobe","Northeast",141,"11.845048069953918 12.208669781684875 387.0 4.0","1343312955874.jpg","yobe_damaturu","1343312955874.jpg","Tap",NA,"borehole_tube_well","water_source","Dabugu","Kukareta","Yes","Diesel","Yes","Functional","No","Stand Alone Water Point"
"20952",20952,"efbf2625-5a7e-449d-b514-de42338ab46f","efbf2625-5a7e-449d-b514-de42338ab46f","Damaturu","Yobe","Northeast",141,"11.76192498 11.94637038 402.3999938964844 5.0","1343300398749.jpg","yobe_damaturu","1343300398749.jpg","Tap",NA,NA,"outlet","Ali matami","Ali mzrami","Yes","Tap (unknown lift)","Yes","Functional","No","Water Scheme, Source within 100m"
"20953",20953,"3a4019d0-300c-4b16-a588-34bad215215f","3a4019d0-300c-4b16-a588-34bad215215f","Damaturu","Yobe","Northeast",141,"11.75934773 11.97125925 380.5 5.0","1343311606265.jpg","yobe_damaturu","1343311606265.jpg","Tap",NA,"borehole_tube_well","water_source","Pompomari","Gwange","Yes","Diesel","Yes","Functional","Yes","Stand Alone Water Point"
"20954",20954,"f9690d81-edb1-46fd-8335-1a32a6e36234","f9690d81-edb1-46fd-8335-1a32a6e36234","Damaturu","Yobe","Northeast",141,"12.053788304328918 12.100265622138977 364.0 4.0","1343301546867.jpg","yobe_damaturu","1343301546867.jpg","Tap",NA,"borehole_tube_well","water_source","Sasawa","Sasawa","Yes","Diesel","No","Mechanical Issue","No","Stand Alone Water Point"
"20955",20955,"f1d355df-c5ae-400a-a7db-3271b4e20f89","f1d355df-c5ae-400a-a7db-3271b4e20f89","Damaturu","Yobe","Northeast",141,"11.73906495 12.0120377 378.0 5.0","1343298911750.jpg","yobe_damaturu","1343298911750.jpg","Tap",NA,"borehole_tube_well","water_source","Maisandari","Maisandari","Yes","Diesel","No","Mechanical Issue","Yes","Stand Alone Water Point"
"20956",20956,"d2f36b2e-86d8-4a1e-a7dc-ecff05175a6c","d2f36b2e-86d8-4a1e-a7dc-ecff05175a6c","Damaturu","Yobe","Northeast",141,"11.74999334 11.99565595 379.79998779296875 5.0","1343300768861.jpg","yobe_damaturu","1343300768861.jpg","Tap",NA,"borehole_tube_well","water_source","Secreteriat","Maisandari","Yes","Diesel","No","Don't Know","Yes","Stand Alone Water Point"
"20957",20957,"743d363f-6e36-4833-bd7b-45924cc0fb4b","743d363f-6e36-4833-bd7b-45924cc0fb4b","Damaturu","Yobe","Northeast",141,"11.73401943 11.97057927 384.1000061035156 5.0","1343302075150.jpg","yobe_damaturu","1343302075150.jpg","Tap",NA,"borehole_tube_well","water_source","GRA","Damaturu central","Yes","Diesel","Yes","Functional","Yes","Stand Alone Water Point"
"20958",20958,"90bd1368-6887-45be-bf84-92a844d99857","90bd1368-6887-45be-bf84-92a844d99857","Damaturu","Yobe","Northeast",141,"11.75557052 11.99156708 390.29998779296875 5.0","1343301399450.jpg","yobe_damaturu","1343301399450.jpg","Tap",NA,NA,"outlet","Waziri i rahim","Waziri ibrahim","Yes","Tap (unknown lift)","Yes","Functional","No","Water Scheme, Source within 100m"
"20959",20959,"3922f470-e9f4-45ad-9e5f-b4b3cdc21188","3922f470-e9f4-45ad-9e5f-b4b3cdc21188","Damaturu","Yobe","Northeast",141,"11.71185502 11.96440826 397.79998779296875 5.0","1343294899879.jpg","yobe_damaturu","1343294899879.jpg","Tap",NA,"borehole_tube_well","water_source","Yaya","Damaturu central","Yes","Diesel","Yes","Functional","Yes","Stand Alone Water Point"
"20960",20960,"1fa7d086-3982-497d-b32d-7987bd32cf9b","1fa7d086-3982-497d-b32d-7987bd32cf9b","Damaturu","Yobe","Northeast",141,"12.002424001693726 12.127436399459839 371.0 4.0","1343301688305.jpg","yobe_damaturu","1343301688305.jpg","Tap",NA,"borehole_tube_well","water_source","Yetimiri","sasawa","Yes","Diesel","Yes","Functional","No","Stand Alone Water Point"
"20961",20961,"3f21bb8b-7780-4086-ab9a-e748b05cf261","3f21bb8b-7780-4086-ab9a-e748b05cf261","Damaturu","Yobe","Northeast",141,"11.77530824 11.95074645 393.3999938964844 5.0","1343313136520.jpg","yobe_damaturu","1343313136520.jpg","Tap",NA,"borehole_tube_well","water_source","Works","Pawari","Yes","Diesel","Yes","Functional","Yes","Stand Alone Water Point"
"20962",20962,"2ab19a84-421c-4645-a665-bb0b0a34fb45","2ab19a84-421c-4645-a665-bb0b0a34fb45","Damaturu","Yobe","Northeast",141,"11.745581030845642 11.966428756713867 412.0 4.0","1343218574972.jpg","yobe_damaturu","1343218574972.jpg","Tap",NA,"borehole_tube_well","water_source","Gwange","Njiwaji","Yes","Diesel","Yes","Functional","No","Stand Alone Water Point"
"20963",20963,"d439917c-1403-43d9-a5b9-aa994e55f644","d439917c-1403-43d9-a5b9-aa994e55f644","Damaturu","Yobe","Northeast",141,"11.686856746673584 12.047227621078491 406.0 4.0","1343387974108.jpg","yobe_damaturu","1343387974108.jpg","Tap",NA,"borehole_tube_well","water_source","Mistiri","Gambir","Yes","Diesel","Yes","Functional","No","Stand Alone Water Point"
"20964",20964,"c3938d49-43d8-4005-b3a5-50280679698a","c3938d49-43d8-4005-b3a5-50280679698a","Damaturu","Yobe","Northeast",141,"11.73249461 11.96102639 380.29998779296875 5.0","1343302745427.jpg","yobe_damaturu","1343302745427.jpg","Tap",NA,"borehole_tube_well","water_source","Jerusalam","Damaturu central","Yes","Diesel","Yes","Functional","Yes","Stand Alone Water Point"
"20965",20965,"d91d6d79-59ed-443c-b026-09f68c7ee6c3","d91d6d79-59ed-443c-b026-09f68c7ee6c3","Damaturu","Yobe","Northeast",141,"11.74493843 11.99901116 377.79998779296875 5.0","1343299260994.jpg","yobe_damaturu","1343299260994.jpg","Tap",NA,"borehole_tube_well","water_source","3 bedroom Maiduguri rd","Maisandari","Yes","Diesel","Yes","Functional","Yes","Stand Alone Water Point"
"20966",20966,"80a21f15-31c3-4c59-b5c2-cf5a390c4c9b","80a21f15-31c3-4c59-b5c2-cf5a390c4c9b","Damaturu","Yobe","Northeast",141,"11.859204769134521 12.13413655757904 372.0 4.0","1343309504911.jpg","yobe_damaturu","1343309504911.jpg","Tap",NA,"borehole_tube_well","water_source","Kusumeri","Kukareta","Yes","Diesel","Yes","Functional","No","Stand Alone Water Point"
"20967",20967,"28e54b52-054f-4ba8-b81b-62385558b400","28e54b52-054f-4ba8-b81b-62385558b400","Damaturu","Yobe","Northeast",141,"11.73287915 11.94216864 389.5 5.0","1343305123946.jpg","yobe_damaturu","1343305123946.jpg","Tap",NA,"borehole_tube_well","water_source","Sani Daura Estate","Nayinawa","Yes","Diesel","Yes","Functional","Yes","Stand Alone Water Point"
"20968",20968,"079bbc4d-7946-43ef-8bb6-4f813bc73f69","079bbc4d-7946-43ef-8bb6-4f813bc73f69","Damaturu","Yobe","Northeast",141,"11.74763285 11.95728439 374.20001220703125 5.0","1343307506183.jpg","yobe_damaturu","1343307506183.jpg","Tap",NA,"borehole_tube_well","water_source","Nayinawa","Nayinawa","Yes","Diesel","Yes","Functional","Yes","Stand Alone Water Point"
"20969",20969,"0ee7dc3d-84eb-4971-bc4f-53d5dd7f993f","0ee7dc3d-84eb-4971-bc4f-53d5dd7f993f","Damaturu","Yobe","Northeast",141,"11.7706533 11.9429131 391.79998779296875 5.0","1343386601115.jpg","yobe_damaturu","1343386601115.jpg","Borehole",NA,"borehole_tube_well","water_source","3 bedroom gashua road","Nayinawa","Yes",NA,"No","Poorly Constructed","Yes","Stand Alone Water Point"
"20970",20970,"bf2f45fc-4deb-48a2-a944-fb444d9807ae","bf2f45fc-4deb-48a2-a944-fb444d9807ae","Damaturu","Yobe","Northeast",141,"11.73640181 11.99241683 390.70001220703125 5.0","1343296808981.jpg","yobe_damaturu","1343296808981.jpg","Tap",NA,"borehole_tube_well","water_source","Don Etiebet","Maisandari","Yes","Diesel","Yes","Functional","Yes","Stand Alone Water Point"
"20971",20971,"48fb6756-d11f-4076-819e-908a034b1a08","48fb6756-d11f-4076-819e-908a034b1a08","Damaturu","Yobe","Northeast",141,"11.75478504 11.96622747 397.3999938964844 5.0","1343312277812.jpg","yobe_damaturu","1343312277812.jpg","Tap",NA,"borehole_tube_well","water_source","Pompomari","Gwange","Yes","Diesel","Yes","Functional","Yes","Stand Alone Water Point"
"20972",20972,"582ef9ed-24aa-4ef4-9c38-6f2049c40e82","582ef9ed-24aa-4ef4-9c38-6f2049c40e82","Damaturu","Yobe","Northeast",141,"11.72691353 11.95360857 399.70001220703125 5.0","1343293418525.jpg","yobe_damaturu","1343293418525.jpg","Tap",NA,"borehole_tube_well","water_source","Bukar Abba Ibrahim","Damaturu central","Yes","Diesel","Yes","Functional","Yes","Stand Alone Water Point"
"20973",20973,"2b46c646-3334-48da-9760-cc5cc7b92131","2b46c646-3334-48da-9760-cc5cc7b92131","Damaturu","Yobe","Northeast",141,"11.770648956298828 12.081602811813354 394.0 4.0","1343317145714.jpg","yobe_damaturu","1343317145714.jpg","Tap",NA,"borehole_tube_well","water_source","Damakasu 1","Damakasu","Yes","Diesel","Yes","Functional","No","Stand Alone Water Point"
"20974",20974,"cf47b60f-e64a-4c73-b4a7-13c022be0feb","cf47b60f-e64a-4c73-b4a7-13c022be0feb","Damaturu","Yobe","Northeast",141,"11.74002569 12.00043754 400.20001220703125 5.0","1343312773499.jpg","yobe_damaturu","1343312773499.jpg","Tap",NA,NA,"outlet","Dabo aliyu","Maisandari","Yes","Tap (unknown lift)","Yes","Functional","No","Water Scheme, Source within 1km"
"20975",20975,"11545fd9-cbcc-4181-b644-21db6ea019f7","11545fd9-cbcc-4181-b644-21db6ea019f7","Damaturu","Yobe","Northeast",141,"11.74354695 11.99122086 382.79998779296875 5.0","1343301306599.jpg","yobe_damaturu","1343301306599.jpg","Tap",NA,"borehole_tube_well","water_source","Stadium","Maisandari","Yes","Diesel","Yes","Functional","Yes","Stand Alone Water Point"
"20976",20976,"fa810133-2028-4bda-9852-e72d9873cbc2","fa810133-2028-4bda-9852-e72d9873cbc2","Damaturu","Yobe","Northeast",141,"11.75568957 11.99169284 373.3999938964844 5.0","1343300111158.jpg","yobe_damaturu","1343300111158.jpg","Tap",NA,"borehole_tube_well","water_source","Waziri Ibrahim","Maisandari","Yes","Diesel","Yes","Functional","Yes","Stand Alone Water Point"
"20977",20977,"1929644b-b50b-4895-b4e3-fd2901cf0209","1929644b-b50b-4895-b4e3-fd2901cf0209","Damaturu","Yobe","Northeast",141,"11.73994497 12.00038017 391.5 5.0","1343297103030.jpg","yobe_damaturu","1343297103030.jpg","Tap",NA,"borehole_tube_well","water_source","Dabu Aliyu","Maisandari","Yes","Diesel","Yes","Functional","Yes","Stand Alone Water Point"
"20978",20978,"0e0dabb6-183f-4cf1-89cd-a0b8afb3ca58","0e0dabb6-183f-4cf1-89cd-a0b8afb3ca58","Damaturu","Yobe","Northeast",141,"12.052806615829468 12.095233798027039 361.0 4.0","1343301984000.jpg","yobe_damaturu","1343301984000.jpg","Tap",NA,"borehole_tube_well","water_source","Sasawa","Sasawa","Yes","Diesel","Yes","Functional","No","Stand Alone Water Point"
"20979",20979,"d31ca987-9c93-4bec-a7b2-e5cea84b63c6","d31ca987-9c93-4bec-a7b2-e5cea84b63c6","Damaturu","Yobe","Northeast",141,"11.70468270778656 11.958661079406738 395.0 4.0","1343211893737.jpg","yobe_damaturu","1343211893737.jpg","Tap",NA,NA,"outlet","malamata
 i","damaturu central","Yes","Tap (unknown lift)","Yes","Functional","No","Water Scheme, Source within 100m"
"20980",20980,"0ae5e2f9-914c-4f93-972c-7d2e9e0db0e8","0ae5e2f9-914c-4f93-972c-7d2e9e0db0e8","Damaturu","Yobe","Northeast",141,"11.74927748 11.97817165 391.29998779296875 5.0","1343309629457.jpg","yobe_damaturu","1343309629457.jpg","Tap",NA,"borehole_tube_well","water_source","Sabon pegi","Gwange","Yes","Diesel","Yes","Functional","Yes","Stand Alone Water Point"
"20981",20981,"27b79899-d73f-4793-8589-347ce1e68be8","27b79899-d73f-4793-8589-347ce1e68be8","Damaturu","Yobe","Northeast",141,"11.74677124 11.96798462 396.70001220703125 5.0","1343296154382.jpg","yobe_damaturu","1343296154382.jpg","Tap",NA,NA,"outlet","Gunge","Gunge","Yes","Tap (unknown lift)","No","Mechanical Issue","No","Water Scheme, Source within 100m"
"20982",20982,"c3720cb3-d700-4ef5-87f5-30dd26777ff1","c3720cb3-d700-4ef5-87f5-30dd26777ff1","Damaturu","Yobe","Northeast",141,"11.7320055 12.00975407 398.3999938964844 5.0","1343303613858.jpg","yobe_damaturu","1343303613858.jpg","Tap",NA,NA,"outlet","Maduri","Maisandari","Yes","Tap (unknown lift)","Yes","Functional","No","Water Scheme, Source within 100m"
"20983",20983,"6487f8f8-d5d1-4309-9efd-3f74ca792f67","6487f8f8-d5d1-4309-9efd-3f74ca792f67","Damaturu","Yobe","Northeast",141,"11.82626724243164 12.136099934577942 387.0 4.0","1343315677231.jpg","yobe_damaturu","1343315677231.jpg","Tap",NA,"borehole_tube_well","water_source","Aisori","Kukareta","Yes","Diesel","Yes","Functional","No","Stand Alone Water Point"
"20984",20984,"ff059a82-e877-459a-a494-b88494bbff81","ff059a82-e877-459a-a494-b88494bbff81","Damaturu","Yobe","Northeast",141,"11.73211881 12.02734189 393.1000061035156 5.0","1343298433401.jpg","yobe_damaturu","1343298433401.jpg","Tap",NA,"borehole_tube_well","water_source","Red brick","Maisandari","Yes","Diesel","Yes","Functional","Yes","Stand Alone Water Point"
"20985",20985,"00a97969-d577-4047-93a0-ac1e31a8a4e1","00a97969-d577-4047-93a0-ac1e31a8a4e1","Damaturu","Yobe","Northeast",141,"11.73667961 11.99705543 389.70001220703125 5.0","1343296947951.jpg","yobe_damaturu","1343296947951.jpg","Tap",NA,"borehole_tube_well","water_source","Don Etiebet","Maisandari","Yes","Diesel","Yes","Functional","Yes","Stand Alone Water Point"
"20986",20986,"481c35e7-e2fb-4bc2-b016-da5a7ef7b567","481c35e7-e2fb-4bc2-b016-da5a7ef7b567","Damaturu","Yobe","Northeast",141,"11.73962953 12.00580834 394.6000061035156 5.0","1343304266327.jpg","yobe_damaturu","1343304266327.jpg","Tap",NA,NA,"outlet","Benkalio 2","Maisandri","Yes","Tap (unknown lift)","No","Mechanical Issue","No","Water Scheme, Source within 100m"
"20987",20987,"7af7de12-298b-46e7-b347-61351cec69f1","7af7de12-298b-46e7-b347-61351cec69f1","Damaturu","Yobe","Northeast",141,"11.70551889 11.8389695 404.8999938964844 5.0","1343390018232.jpg","yobe_damaturu","1343390018232.jpg","Tap",NA,NA,"outlet","Murfakalam","Murfakalam","Yes","Tap (unknown lift)","Yes","Functional","No","Water Scheme, Source within 100m"
"20988",20988,"cd7f8e6e-84de-4cad-950c-9538150e2358","cd7f8e6e-84de-4cad-950c-9538150e2358","Damaturu","Yobe","Northeast",141,"11.76164048 11.94657118 385.8999938964844 5.0","1343387804858.jpg","yobe_damaturu","1343387804858.jpg","Tap",NA,"borehole_tube_well","water_source","Mairo Amshi","Pawari","Yes","Diesel","Yes","Functional","Yes","Stand Alone Water Point"
"20989",20989,"9d540b96-56d5-42d3-a53a-dc17ac34e23b","9d540b96-56d5-42d3-a53a-dc17ac34e23b","Damaturu","Yobe","Northeast",141,"11.71195755 11.96594306 410.0 5.0","1343295297430.jpg","yobe_damaturu","1343295297430.jpg","Tap",NA,"borehole_tube_well","water_source","Yaya","Damaturu central","Yes","Diesel","Yes","Functional","Yes","Stand Alone Water Point"
"20990",20990,"a2f4412a-96c5-461a-af32-08aaf61ac22f","a2f4412a-96c5-461a-af32-08aaf61ac22f","Damaturu","Yobe","Northeast",141,"12.051867842674255 12.096049189567566 354.0 4.0","1343303385706.jpg","yobe_damaturu","1343303385706.jpg","Tap",NA,"borehole_tube_well","water_source","Sasawa","Sasawa","Yes","Solar","Yes","Functional","No","Stand Alone Water Point"
"20991",20991,"7cff2286-1938-4e8e-8c34-60a4954b8c03","7cff2286-1938-4e8e-8c34-60a4954b8c03","Damaturu","Yobe","Northeast",141,"11.75819017 11.99599394 373.5 5.0","1343299892029.jpg","yobe_damaturu","1343299892029.jpg","Tap",NA,"borehole_tube_well","water_source","Waziri Ibrahim","Maisandari","Yes","Diesel","Yes","Functional","Yes","Stand Alone Water Point"
"20992",20992,"21a0edca-5579-4dcf-a532-316003ffd86c","21a0edca-5579-4dcf-a532-316003ffd86c","Damaturu","Yobe","Northeast",141,"11.848304271697998 12.208342552185059 379.0 4.0","1343312740632.jpg","yobe_damaturu","1343312740632.jpg","Unimproved Well",NA,"protected_dug_well","water_source","Dabugu","Kulareta","No","Manual","No","Dry Well","No","Stand Alone Water Point"
"20993",20993,"53c6385c-2ed1-4e50-b60d-036761fed212","53c6385c-2ed1-4e50-b60d-036761fed212","Damaturu","Yobe","Northeast",141,"11.70752194 11.94983352 406.29998779296875 5.0","1343309965010.jpg","yobe_damaturu","1343309965010.jpg","Tap",NA,NA,"outlet","Kasesa","Kasesa","Yes","Tap (unknown lift)","No","Mechanical Issue","No","Water Scheme, Source within 100m"
"20994",20994,"af9dbae6-376b-482a-8eb6-f008a7ab01ea","af9dbae6-376b-482a-8eb6-f008a7ab01ea","Damaturu","Yobe","Northeast",141,"11.664894819259644 12.194615006446838 399.0 4.0","1343376118862.jpg","yobe_damaturu","1343376118862.jpg","Tap",NA,"borehole_tube_well","water_source","gudare","Damakosu","Yes","Diesel","Yes","Functional","No","Stand Alone Water Point"
"20995",20995,"c6c4ea08-1284-48a4-a7a4-6f12ad875dac","c6c4ea08-1284-48a4-a7a4-6f12ad875dac","Damaturu","Yobe","Northeast",141,"11.74700503 11.97423693 379.5 5.0","1343309380087.jpg","yobe_damaturu","1343309380087.jpg","Tap",NA,"borehole_tube_well","water_source","Sabon pegi","Gwange","Yes","Diesel","Yes","Functional","Yes","Stand Alone Water Point"
"20996",20996,"773de665-be7e-4fbb-9ce3-05c039abe4af","773de665-be7e-4fbb-9ce3-05c039abe4af","Damaturu","Yobe","Northeast",141,"11.7321916 12.03004344 385.20001220703125 5.0","1343298288867.jpg","yobe_damaturu","1343298288867.jpg","Tap",NA,"borehole_tube_well","water_source","Red bricks","Maisandari","Yes","Diesel","Yes","Functional","Yes","Stand Alone Water Point"
"20997",20997,"7d7dfee9-72eb-4d5a-9c4a-6e35972e8bc9","7d7dfee9-72eb-4d5a-9c4a-6e35972e8bc9","Damaturu","Yobe","Northeast",141,"11.749341487884521 11.95239543914795 395.0 4.0","1343214505747.jpg","yobe_damaturu","1343214505747.jpg","Tap",NA,NA,"outlet","nayenawa","nayenawa","Yes","Tap (unknown lift)","No","Mechanical Issue","No","Water Scheme, Source within 100m"
"20998",20998,"8a879a2e-cb99-48e2-8038-d03b6cdc7fce","8a879a2e-cb99-48e2-8038-d03b6cdc7fce","Damaturu","Yobe","Northeast",141,"12.106096744537354 12.119078636169434 382.0 4.0","1343299584333.jpg","yobe_damaturu","1343299584333.jpg","Tap",NA,"borehole_tube_well","water_source","Sungul Buduwa","Sasawa","Yes","Diesel","Yes","Functional","No","Stand Alone Water Point"
"20999",20999,"57a2cabb-6514-45ab-b7b1-1d133766f8b5","57a2cabb-6514-45ab-b7b1-1d133766f8b5","Damaturu","Yobe","Northeast",141,"11.68202164 11.94738532 433.20001220703125 5.0","1343308673339.jpg","yobe_damaturu","1343308673339.jpg","Tap",NA,NA,"outlet","Ysu","Kasasz","Yes","Tap (unknown lift)","No","Mechanical Issue","No","Water Scheme, Source within 100m"
"21000",21000,"5264ae0b-ec5b-4e3d-9309-d5e78d0a0560","5264ae0b-ec5b-4e3d-9309-d5e78d0a0560","Damaturu","Yobe","Northeast",141,"11.73646965 12.0050611 381.29998779296875 5.0","1343297469667.jpg","yobe_damaturu","1343297469667.jpg","Tap",NA,"borehole_tube_well","water_source","Ben Kalio","Maisandari","Yes","Diesel","Yes","Functional","Yes","Stand Alone Water Point"
"21001",21001,"a967c3da-7808-4278-8fc4-f15bf1a28205","a967c3da-7808-4278-8fc4-f15bf1a28205","Damaturu","Yobe","Northeast",141,"11.78064987 11.94570284 406.79998779296875 5.0","1343313346972.jpg","yobe_damaturu","1343313346972.jpg","Tap",NA,"borehole_tube_well","water_source","Zanna Zakariya","Pawari","Yes","Diesel","Yes","Functional","Yes","Stand Alone Water Point"
"21002",21002,"b1cf2ef7-8298-452e-b8fe-5805a20d36c3","b1cf2ef7-8298-452e-b8fe-5805a20d36c3","Damaturu","Yobe","Northeast",141,"11.75687392 11.95874315 384.8999938964844 5.0","1343312678179.jpg","yobe_damaturu","1343312678179.jpg","Tap",NA,"borehole_tube_well","water_source","Hausari","Pawari","Yes","Diesel","Yes","Functional","Yes","Stand Alone Water Point"
"21003",21003,"b1254162-cc3d-41c5-8565-95a435d33501","b1254162-cc3d-41c5-8565-95a435d33501","Damaturu","Yobe","Northeast",141,"11.633845567703247 12.007707953453064 420.0 3.0","1343390708713.jpg","yobe_damaturu","1343390708713.jpg","Tap",NA,"borehole_tube_well","water_source","Kafitilowa","Gambir","Yes","Diesel","Yes","Functional","No","Stand Alone Water Point"
"21004",21004,"75f9f99c-5a33-44a5-9073-0f4c26d86f3a","75f9f99c-5a33-44a5-9073-0f4c26d86f3a","Damaturu","Yobe","Northeast",141,"11.71299253 11.95975044 397.8999938964844 3.0","1343294707394.jpg","yobe_damaturu","1343294707394.jpg","Tap",NA,"borehole_tube_well","water_source","Obasanjo Estate","Damaturu central","Yes","Diesel","Yes","Functional","Yes","Stand Alone Water Point"
"21005",21005,"ac302c45-b88a-45eb-b5b9-109282efd8fc","ac302c45-b88a-45eb-b5b9-109282efd8fc","Damaturu","Yobe","Northeast",141,"11.7565862 11.94405959 373.29998779296875 5.0","1343386063519.jpg","yobe_damaturu","1343386063519.jpg","Tap",NA,"borehole_tube_well","water_source","Ali Marami","Nayinawa","Yes","Diesel","No","Poorly Constructed","Yes","Stand Alone Water Point"
