"","X","uuid","mylga","mylga_state","mylga_zone","X_lga_id","photo","unique_lga","X_id","formhub_photo_id","gps","facility_name","facility_type","maternal_health_delivery_services_24_7","facility_open_247_yn","essential_meds_stockout","emergency_transport_currently_functioning","skilled_birth_attendant","num_chews_and_chos","power_access_and_functional","comprehensive_obstetrics_yn","num_chews_total","num_nurses_fulltime","num_nursemidwives_fulltime","num_doctors_fulltime","num_lab_techs_fulltime","staff_paid_lastmth_yn","sulpha_and_antenatal","has_itns","medication_iron_tablets","medication_folic_acid","scale_yn","equipment_bp_machine","hiv_tx_srvcs_pmtct_services_calc","lab_tests_hemoglobin_testing_calc","lab_tests_urine_testing_calc","mobile_signal_funct_yn","iv_antibiotics_yn_calc","emoc_vacuum_extractor","emoc_forceps","compr_oc_c_sections","uterotonics_yn_calc","antishock_garment_yn","emoc_parenteral_anticonvulsant","at_least_two_skilled_birth_attendants","at_least_three_skilled_birth_attendants","at_least_four_skilled_birth_attendants","compr_oc_blood_transfusions","condoms_yn","family_planning_pill_calc_calc","family_planning_injectables_calc_calc","family_planning_iud_calc","family_planning_implants_calc","sterilization_yn_calc","child_health_growth_monitor","child_health_measles_immun_calc","child_health_opv_immuization_calc","child_health_dpt_immunization_calc","child_health_tetanus_immun_calc","child_health_hepb_immunization_calc","child_health_bcg_immunization_calc","child_health_yellow_fever_immun_calc","child_health_csm_immunization_calc","vaccines_icepack_calc","equipment_refrigerator","malaria_testing","malaria_treatment_artemisinin","malaria_treatment_sulphadoxine","paid_services_malaria_treatment","medication_anti_malarials","oral_antibiotics_calc","medication_antihistamines","medication_iv_fluid","lab_tests_pregnancy_calc","lab_tests_stool_calc","potable_water_access","improved_sanitation_and_functional","lab_tests_tb_microscopy_calc","tb_treatment_yn","lab_tests_hiv_testing_calc","hiv_treatment_yn","health_no_user_fees","iv_medications_yn","inpatient_care_yn"
"1",16998,"00a63294-173b-4bf1-bbd0-66cb8ed4def1","rafi","niger","north_central",649,"1347092058358.jpg","niger_rafi","00a63294-173b-4bf1-bbd0-66cb8ed4def1","1347092058358.jpg","10.0961134 6.14830012 303.6000061035156 5.0","Gimi health centre","healthpostdispensary",FALSE,NA,NA,TRUE,FALSE,1,FALSE,FALSE,1,0,0,0,0,TRUE,TRUE,FALSE,TRUE,TRUE,FALSE,FALSE,FALSE,FALSE,FALSE,FALSE,NA,NA,FALSE,FALSE,FALSE,FALSE,NA,FALSE,FALSE,FALSE,NA,FALSE,FALSE,FALSE,FALSE,FALSE,FALSE,FALSE,TRUE,TRUE,TRUE,TRUE,TRUE,TRUE,TRUE,FALSE,NA,NA,TRUE,TRUE,FALSE,NA,FALSE,FALSE,FALSE,FALSE,FALSE,FALSE,NA,NA,FALSE,FALSE,FALSE,FALSE,FALSE,FALSE,TRUE
"2",16999,"bdf5c029-bba6-4cfc-802e-2fbc30006709","rafi","niger","north_central",649,"1347177059327.jpg","niger_rafi","bdf5c029-bba6-4cfc-802e-2fbc30006709","1347177059327.jpg","10.30000423 6.24020497 307.6000061035156 5.0","Primary health care tungan bako","primaryhealthcarecentre",TRUE,TRUE,NA,TRUE,FALSE,1,TRUE,FALSE,1,0,0,0,0,TRUE,TRUE,FALSE,TRUE,TRUE,TRUE,TRUE,FALSE,FALSE,FALSE,FALSE,TRUE,FALSE,TRUE,FALSE,FALSE,FALSE,TRUE,FALSE,FALSE,FALSE,NA,TRUE,TRUE,TRUE,FALSE,FALSE,FALSE,FALSE,TRUE,TRUE,TRUE,FALSE,TRUE,FALSE,FALSE,FALSE,NA,NA,FALSE,TRUE,FALSE,NA,FALSE,TRUE,FALSE,TRUE,FALSE,FALSE,TRUE,NA,FALSE,FALSE,FALSE,FALSE,FALSE,TRUE,FALSE
"3",17000,"2e492b10-4aee-427e-a0b7-0f061ceeb573","rafi","niger","north_central",649,"1347532223083.jpg","niger_rafi","2e492b10-4aee-427e-a0b7-0f061ceeb573","1347532223083.jpg","10.266509056091309 6.2867385149002075 340.0 4.0","xxx","healthpostdispensary",FALSE,NA,NA,TRUE,FALSE,4,FALSE,FALSE,4,0,0,0,0,TRUE,TRUE,FALSE,TRUE,TRUE,FALSE,FALSE,FALSE,FALSE,TRUE,FALSE,TRUE,NA,FALSE,FALSE,FALSE,FALSE,NA,FALSE,FALSE,FALSE,NA,FALSE,TRUE,FALSE,FALSE,FALSE,FALSE,FALSE,TRUE,TRUE,TRUE,FALSE,FALSE,FALSE,FALSE,FALSE,NA,NA,FALSE,TRUE,FALSE,TRUE,FALSE,FALSE,FALSE,TRUE,TRUE,TRUE,FALSE,NA,FALSE,FALSE,FALSE,FALSE,TRUE,TRUE,TRUE
"4",17001,"08431e04-3090-40c6-b9a4-3538c98bb803","rafi","niger","north_central",649,"1347269135269.jpg","niger_rafi","08431e04-3090-40c6-b9a4-3538c98bb803","1347269135269.jpg","10.54482553 6.5103658 460.8999938964844 5.0","Unguwan danmayana health centre","healthpostdispensary",FALSE,NA,NA,TRUE,FALSE,0,FALSE,FALSE,0,0,0,0,0,FALSE,NA,FALSE,FALSE,FALSE,FALSE,FALSE,FALSE,FALSE,FALSE,FALSE,NA,NA,FALSE,FALSE,FALSE,FALSE,NA,FALSE,FALSE,FALSE,NA,FALSE,NA,NA,FALSE,FALSE,NA,FALSE,FALSE,FALSE,FALSE,FALSE,FALSE,FALSE,FALSE,FALSE,NA,NA,FALSE,FALSE,FALSE,NA,FALSE,FALSE,FALSE,FALSE,FALSE,FALSE,NA,NA,FALSE,FALSE,FALSE,FALSE,FALSE,FALSE,FALSE
"5",17002,"16b8c7b8-9801-4cef-b545-b29c2b331bbf","rafi","niger","north_central",649,"1347183639051.jpg","niger_rafi","16b8c7b8-9801-4cef-b545-b29c2b331bbf","1347183639051.jpg","10.29925233 6.24309496 314.3999938964844 5.0","Rafi primary health care","primaryhealthcarecentre",FALSE,NA,NA,TRUE,FALSE,0,NA,FALSE,0,0,0,0,0,NA,FALSE,NA,NA,NA,NA,NA,NA,NA,NA,NA,NA,NA,NA,FALSE,NA,NA,NA,FALSE,FALSE,FALSE,NA,NA,TRUE,FALSE,NA,NA,FALSE,NA,NA,NA,NA,NA,NA,NA,NA,NA,NA,NA,NA,TRUE,NA,NA,NA,NA,NA,NA,NA,NA,NA,NA,NA,FALSE,NA,NA,NA,NA,TRUE
"6",17003,"2cd32a3c-797c-462b-857d-d638aa7d7634","rafi","niger","north_central",649,"1347027581719.jpg","niger_rafi","2cd32a3c-797c-462b-857d-d638aa7d7634","1347027581719.jpg","9.882566928863525 5.92386782169342 145.0 4.0","Xxx","primaryhealthclinic",FALSE,FALSE,TRUE,TRUE,FALSE,2,FALSE,FALSE,2,0,0,0,0,TRUE,NA,FALSE,TRUE,TRUE,TRUE,TRUE,FALSE,FALSE,FALSE,FALSE,TRUE,NA,FALSE,FALSE,FALSE,FALSE,NA,FALSE,FALSE,FALSE,NA,FALSE,TRUE,TRUE,FALSE,FALSE,FALSE,TRUE,TRUE,TRUE,TRUE,TRUE,FALSE,TRUE,TRUE,TRUE,NA,NA,FALSE,FALSE,FALSE,TRUE,FALSE,TRUE,FALSE,FALSE,TRUE,FALSE,TRUE,NA,FALSE,FALSE,FALSE,FALSE,TRUE,FALSE,TRUE
"7",17004,"8f874eaf-ca19-4ddb-920d-d4240e9be495","rafi","niger","north_central",649,"1347282978208.jpg","niger_rafi","8f874eaf-ca19-4ddb-920d-d4240e9be495","1347282978208.jpg","10.412324666976929 6.398672461509705 448.0 4.0","PHC Clinic Pandogari","primaryhealthcarecentre",TRUE,TRUE,NA,TRUE,TRUE,2,NA,TRUE,2,1,1,2,1,NA,TRUE,NA,NA,NA,NA,NA,NA,NA,NA,NA,TRUE,TRUE,NA,TRUE,NA,NA,TRUE,TRUE,TRUE,FALSE,TRUE,NA,TRUE,TRUE,NA,NA,TRUE,NA,NA,NA,NA,NA,NA,NA,NA,NA,NA,NA,NA,TRUE,NA,NA,NA,NA,NA,NA,NA,NA,NA,NA,NA,FALSE,NA,NA,NA,NA,TRUE
"8",17005,"094edcab-5ba2-4521-843a-5433a6844d37","rafi","niger","north_central",649,"1347363724517.jpg","niger_rafi","094edcab-5ba2-4521-843a-5433a6844d37","1347363724517.jpg","10.20502949 6.36873039 314.29998779296875 5.0","LEEMP HEALTH POST/DISPENSARY","healthpostdispensary",FALSE,NA,TRUE,TRUE,FALSE,1,FALSE,FALSE,1,0,0,0,0,TRUE,TRUE,FALSE,TRUE,TRUE,TRUE,TRUE,FALSE,FALSE,FALSE,FALSE,TRUE,FALSE,FALSE,FALSE,FALSE,FALSE,FALSE,FALSE,FALSE,FALSE,NA,FALSE,NA,NA,FALSE,FALSE,NA,FALSE,TRUE,TRUE,TRUE,TRUE,TRUE,FALSE,TRUE,FALSE,NA,NA,FALSE,TRUE,TRUE,TRUE,TRUE,TRUE,TRUE,TRUE,TRUE,FALSE,NA,NA,FALSE,FALSE,FALSE,FALSE,TRUE,TRUE,TRUE
"9",17006,"17311877-e227-42c0-b1ad-5688e3662578","rafi","niger","north_central",649,"1347177443001.jpg","niger_rafi","17311877-e227-42c0-b1ad-5688e3662578","1347177443001.jpg","9.903037548065186 6.120060682296753 229.0 4.0","Health Post Gari Gabas ","healthpostdispensary",FALSE,NA,TRUE,TRUE,FALSE,1,TRUE,FALSE,1,0,0,0,0,TRUE,NA,FALSE,TRUE,TRUE,TRUE,TRUE,FALSE,TRUE,FALSE,FALSE,TRUE,NA,TRUE,FALSE,TRUE,FALSE,NA,FALSE,FALSE,FALSE,NA,TRUE,TRUE,TRUE,FALSE,FALSE,FALSE,TRUE,TRUE,TRUE,TRUE,TRUE,TRUE,TRUE,TRUE,FALSE,NA,NA,TRUE,TRUE,TRUE,TRUE,TRUE,TRUE,TRUE,TRUE,FALSE,FALSE,TRUE,TRUE,FALSE,FALSE,FALSE,FALSE,TRUE,TRUE,TRUE
"10",17007,"0a18a79e-8a32-408b-b918-176deedd89d3","rafi","niger","north_central",649,"1347266252012.jpg","niger_rafi","0a18a79e-8a32-408b-b918-176deedd89d3","1347266252012.jpg","10.35167953 6.31579089 402.6000061035156 5.0","Pri. Health Care clinic","healthpostdispensary",FALSE,NA,TRUE,TRUE,FALSE,1,FALSE,FALSE,1,0,0,0,0,TRUE,FALSE,FALSE,TRUE,TRUE,TRUE,TRUE,FALSE,FALSE,FALSE,FALSE,TRUE,NA,TRUE,FALSE,FALSE,FALSE,NA,FALSE,FALSE,FALSE,NA,FALSE,NA,NA,FALSE,FALSE,NA,TRUE,TRUE,TRUE,TRUE,TRUE,TRUE,FALSE,TRUE,TRUE,NA,NA,TRUE,FALSE,TRUE,FALSE,FALSE,TRUE,FALSE,TRUE,FALSE,FALSE,TRUE,TRUE,FALSE,FALSE,FALSE,FALSE,TRUE,TRUE,FALSE
"11",17008,"e24e8846-7e3f-4579-a802-f2dd4cd0f5b4","rafi","niger","north_central",649,"1347202310412.jpg","niger_rafi","e24e8846-7e3f-4579-a802-f2dd4cd0f5b4","1347202310412.jpg","10.319101810455322 6.324203610420227 406.0 4.0","Sauki PHC ","primaryhealthclinic",TRUE,TRUE,NA,TRUE,TRUE,1,NA,FALSE,1,1,0,1,0,NA,TRUE,NA,NA,NA,NA,NA,NA,NA,NA,NA,NA,NA,NA,FALSE,NA,NA,NA,TRUE,FALSE,FALSE,NA,NA,NA,NA,NA,NA,NA,NA,NA,NA,NA,NA,NA,NA,NA,NA,NA,NA,NA,FALSE,NA,NA,NA,NA,NA,NA,NA,NA,NA,NA,NA,FALSE,NA,NA,NA,NA,TRUE
"12",17009,"d6f1928a-acfe-4318-966d-b6c75455df60","rafi","niger","north_central",649,"1347521739254.jpg","niger_rafi","d6f1928a-acfe-4318-966d-b6c75455df60","1347521739254.jpg","10.165046453475952 6.223191618919373 326.0 4.0","xxx","healthpostdispensary",FALSE,NA,TRUE,TRUE,FALSE,2,FALSE,FALSE,2,0,0,0,NA,TRUE,FALSE,FALSE,TRUE,TRUE,TRUE,TRUE,FALSE,FALSE,TRUE,FALSE,NA,NA,FALSE,FALSE,FALSE,FALSE,NA,FALSE,FALSE,FALSE,NA,FALSE,FALSE,FALSE,FALSE,FALSE,FALSE,FALSE,FALSE,TRUE,FALSE,FALSE,FALSE,FALSE,FALSE,FALSE,NA,NA,FALSE,TRUE,FALSE,TRUE,FALSE,TRUE,FALSE,FALSE,FALSE,FALSE,TRUE,NA,FALSE,FALSE,FALSE,FALSE,TRUE,FALSE,TRUE
"13",17010,"047eebd9-c04b-4514-b341-54410d6efe29","rafi","niger","north_central",649,"1347449037487.jpg","niger_rafi","047eebd9-c04b-4514-b341-54410d6efe29","1347449037487.jpg","10.012337565422058 6.458759307861328 288.0 4.0","madaka","primaryhealthclinic",TRUE,TRUE,NA,TRUE,TRUE,1,NA,FALSE,1,1,0,0,0,NA,TRUE,NA,NA,NA,NA,NA,NA,NA,NA,NA,NA,NA,NA,FALSE,NA,NA,NA,FALSE,FALSE,FALSE,NA,NA,TRUE,TRUE,NA,NA,TRUE,NA,NA,NA,NA,NA,NA,NA,NA,NA,NA,NA,NA,TRUE,NA,NA,NA,NA,NA,NA,NA,NA,NA,NA,NA,TRUE,NA,NA,NA,NA,TRUE
"14",17011,"3865fb02-c8fe-4967-ba58-03e51cba7873","rafi","niger","north_central",649,"1347540481470.jpg","niger_rafi","3865fb02-c8fe-4967-ba58-03e51cba7873","1347540481470.jpg","10.189958810806274 6.252272129058838 326.0 4.0","xxx","primaryhealthclinic",FALSE,FALSE,NA,TRUE,TRUE,0,NA,FALSE,0,0,3,0,0,NA,TRUE,NA,NA,NA,NA,NA,NA,NA,NA,NA,NA,FALSE,NA,FALSE,NA,NA,FALSE,TRUE,TRUE,FALSE,NA,NA,TRUE,TRUE,NA,NA,FALSE,NA,NA,NA,NA,NA,NA,NA,NA,NA,NA,NA,NA,TRUE,NA,NA,NA,NA,NA,NA,NA,NA,NA,NA,NA,FALSE,NA,NA,NA,NA,TRUE
"15",17012,"2c0b769e-1d7d-4aa5-815a-b10ba1200bc7","rafi","niger","north_central",649,"1347031823424.jpg","niger_rafi","2c0b769e-1d7d-4aa5-815a-b10ba1200bc7","1347031823424.jpg","10.132913589477539 6.039819717407227 267.0 3.0","xxx","healthpostdispensary",FALSE,NA,TRUE,TRUE,FALSE,3,TRUE,FALSE,3,0,0,0,0,TRUE,TRUE,FALSE,TRUE,TRUE,TRUE,TRUE,FALSE,FALSE,FALSE,FALSE,TRUE,NA,FALSE,FALSE,FALSE,FALSE,NA,FALSE,FALSE,FALSE,NA,FALSE,FALSE,FALSE,FALSE,FALSE,FALSE,TRUE,TRUE,TRUE,TRUE,TRUE,TRUE,TRUE,TRUE,FALSE,NA,NA,TRUE,FALSE,FALSE,TRUE,FALSE,TRUE,FALSE,TRUE,TRUE,FALSE,TRUE,TRUE,FALSE,FALSE,FALSE,FALSE,TRUE,TRUE,TRUE
"16",17013,"7fe1b40e-6375-4939-b947-3b716f187010","rafi","niger","north_central",649,"1347269511909.jpg","niger_rafi","7fe1b40e-6375-4939-b947-3b716f187010","1347269511909.jpg","10.38760797 6.26605885 379.29998779296875 5.0","Afitamaza Health Post","healthpostdispensary",FALSE,NA,TRUE,TRUE,FALSE,1,FALSE,FALSE,1,0,0,0,0,TRUE,FALSE,FALSE,TRUE,TRUE,TRUE,TRUE,FALSE,FALSE,FALSE,FALSE,TRUE,NA,TRUE,FALSE,FALSE,FALSE,NA,FALSE,FALSE,FALSE,NA,TRUE,NA,NA,FALSE,FALSE,NA,TRUE,TRUE,TRUE,TRUE,TRUE,TRUE,FALSE,TRUE,FALSE,NA,NA,FALSE,FALSE,TRUE,FALSE,TRUE,TRUE,TRUE,TRUE,FALSE,FALSE,NA,NA,FALSE,FALSE,FALSE,FALSE,TRUE,TRUE,FALSE
"17",17014,"4a435a02-8676-4189-bea3-54670889c8b8","rafi","niger","north_central",649,"1347111930577.jpg","niger_rafi","4a435a02-8676-4189-bea3-54670889c8b8","1347111930577.jpg","10.056835412979126 6.036906838417053 265.0 3.0","health center","healthpostdispensary",FALSE,NA,TRUE,TRUE,FALSE,1,TRUE,FALSE,1,0,0,0,0,TRUE,FALSE,FALSE,TRUE,TRUE,TRUE,TRUE,FALSE,FALSE,TRUE,FALSE,TRUE,NA,FALSE,FALSE,FALSE,FALSE,NA,FALSE,FALSE,FALSE,NA,FALSE,FALSE,FALSE,FALSE,FALSE,FALSE,FALSE,TRUE,TRUE,TRUE,FALSE,FALSE,TRUE,FALSE,FALSE,NA,NA,FALSE,TRUE,FALSE,TRUE,FALSE,TRUE,FALSE,FALSE,TRUE,TRUE,NA,NA,FALSE,TRUE,FALSE,FALSE,TRUE,FALSE,TRUE
"18",17015,"fc7aa33e-3162-4af2-adbe-501c45c57ad8","rafi","niger","north_central",649,"1347515386150.jpg","niger_rafi","fc7aa33e-3162-4af2-adbe-501c45c57ad8","1347515386150.jpg","10.18585602 6.25977182 299.79998779296875 5.0","Nasiha clinic ","wardmodelphccentre",FALSE,TRUE,NA,TRUE,TRUE,5,NA,FALSE,4,1,0,0,0,NA,TRUE,NA,NA,NA,NA,NA,NA,NA,NA,NA,TRUE,FALSE,NA,FALSE,NA,NA,TRUE,FALSE,FALSE,FALSE,NA,NA,TRUE,TRUE,NA,NA,FALSE,NA,NA,NA,NA,NA,NA,NA,NA,NA,NA,NA,NA,TRUE,NA,NA,NA,NA,NA,NA,NA,NA,NA,NA,NA,FALSE,NA,NA,NA,NA,TRUE
"19",17016,"3f1ac746-0250-4804-a3c7-da1199370d6a","rafi","niger","north_central",649,"1347026442818.jpg","niger_rafi","3f1ac746-0250-4804-a3c7-da1199370d6a","1347026442818.jpg","10.05950163 6.04051562 268.20001220703125 5.0","Nakowa clinic","healthpostdispensary",FALSE,NA,NA,TRUE,FALSE,1,NA,FALSE,0,0,0,0,0,NA,NA,NA,NA,NA,NA,NA,NA,NA,NA,NA,NA,NA,NA,FALSE,NA,NA,NA,FALSE,FALSE,FALSE,NA,NA,NA,NA,NA,NA,NA,NA,NA,NA,NA,NA,NA,NA,NA,NA,NA,NA,NA,FALSE,NA,NA,NA,NA,NA,NA,NA,NA,NA,NA,NA,FALSE,NA,NA,NA,NA,TRUE
"20",17017,"5e3e97da-e1e1-40e9-9ef5-b3678c5ff55f","rafi","niger","north_central",649,"1347113091094.jpg","niger_rafi","5e3e97da-e1e1-40e9-9ef5-b3678c5ff55f","1347113091094.jpg","9.94386514 6.14077777 261.29998779296875 5.0","Basic health center","primaryhealthclinic",TRUE,TRUE,TRUE,TRUE,TRUE,4,TRUE,FALSE,2,2,11,0,2,TRUE,TRUE,FALSE,TRUE,TRUE,TRUE,TRUE,FALSE,TRUE,TRUE,FALSE,TRUE,TRUE,FALSE,FALSE,FALSE,FALSE,TRUE,TRUE,TRUE,TRUE,NA,TRUE,TRUE,TRUE,TRUE,FALSE,FALSE,TRUE,TRUE,TRUE,TRUE,FALSE,FALSE,TRUE,TRUE,FALSE,NA,NA,TRUE,TRUE,FALSE,TRUE,FALSE,TRUE,TRUE,TRUE,TRUE,TRUE,TRUE,TRUE,FALSE,FALSE,TRUE,FALSE,TRUE,TRUE,TRUE
"21",17018,"86eeca32-27ea-4de8-a363-3af80353cbe1","rafi","niger","north_central",649,"1347286126637.jpg","niger_rafi","86eeca32-27ea-4de8-a363-3af80353cbe1","1347286126637.jpg","10.39796386 6.38927341 428.6000061035156 5.0","Comprehensive Pri. Health care","comprehensivehealthcentre",TRUE,TRUE,TRUE,TRUE,TRUE,9,TRUE,FALSE,8,1,2,1,2,TRUE,TRUE,TRUE,TRUE,TRUE,TRUE,FALSE,FALSE,FALSE,TRUE,FALSE,TRUE,NA,TRUE,FALSE,TRUE,FALSE,NA,TRUE,FALSE,FALSE,NA,TRUE,TRUE,TRUE,TRUE,FALSE,FALSE,TRUE,TRUE,TRUE,TRUE,TRUE,TRUE,TRUE,TRUE,FALSE,FALSE,TRUE,TRUE,TRUE,TRUE,TRUE,TRUE,TRUE,TRUE,TRUE,TRUE,FALSE,TRUE,TRUE,FALSE,TRUE,TRUE,FALSE,TRUE,TRUE,TRUE
"22",17019,"faca18c1-c475-432e-8c22-183bb0a006bf","rafi","niger","north_central",649,"1347442882686.jpg","niger_rafi","faca18c1-c475-432e-8c22-183bb0a006bf","1347442882686.jpg","10.03779614 6.38174205 308.70001220703125 5.0","Ribo clinic","healthpostdispensary",FALSE,FALSE,NA,FALSE,FALSE,0,FALSE,FALSE,0,0,0,0,0,TRUE,NA,FALSE,TRUE,TRUE,FALSE,FALSE,FALSE,FALSE,FALSE,FALSE,NA,NA,FALSE,FALSE,FALSE,FALSE,NA,FALSE,FALSE,FALSE,NA,FALSE,FALSE,FALSE,FALSE,FALSE,FALSE,FALSE,TRUE,TRUE,TRUE,TRUE,TRUE,TRUE,TRUE,TRUE,NA,NA,FALSE,TRUE,FALSE,TRUE,FALSE,FALSE,FALSE,FALSE,FALSE,FALSE,NA,NA,FALSE,FALSE,FALSE,FALSE,TRUE,FALSE,TRUE
"23",17020,"03e525eb-e89a-4745-8bc0-301acd14d5b1","rafi","niger","north_central",649,"1347266213459.jpg","niger_rafi","03e525eb-e89a-4745-8bc0-301acd14d5b1","1347266213459.jpg","10.56584098 6.50102023 450.3999938964844 5.0","Leemp danâ€˜azumi","primaryhealthcarecentre",FALSE,NA,TRUE,TRUE,FALSE,1,FALSE,FALSE,1,0,0,0,0,TRUE,NA,FALSE,TRUE,TRUE,FALSE,FALSE,FALSE,FALSE,FALSE,FALSE,TRUE,NA,FALSE,FALSE,TRUE,FALSE,NA,FALSE,FALSE,FALSE,NA,FALSE,NA,NA,FALSE,FALSE,NA,FALSE,TRUE,TRUE,TRUE,TRUE,TRUE,TRUE,TRUE,TRUE,NA,NA,FALSE,FALSE,FALSE,TRUE,TRUE,TRUE,TRUE,TRUE,FALSE,FALSE,NA,NA,FALSE,FALSE,FALSE,FALSE,TRUE,TRUE,FALSE
"24",17021,"e6e1eafd-4b4c-4668-a8ff-ed719d1c8f29","rafi","niger","north_central",649,"1347271285407.jpg","niger_rafi","e6e1eafd-4b4c-4668-a8ff-ed719d1c8f29","1347271285407.jpg","10.53352119 6.43763955 434.5 5.0","PHC Kusherki","primaryhealthcarecentre",TRUE,TRUE,TRUE,TRUE,TRUE,4,TRUE,FALSE,4,0,3,0,1,FALSE,TRUE,FALSE,TRUE,TRUE,TRUE,TRUE,TRUE,TRUE,TRUE,TRUE,TRUE,TRUE,TRUE,FALSE,TRUE,FALSE,TRUE,FALSE,FALSE,FALSE,NA,TRUE,TRUE,TRUE,FALSE,FALSE,FALSE,TRUE,TRUE,TRUE,TRUE,TRUE,TRUE,TRUE,FALSE,TRUE,NA,NA,TRUE,TRUE,TRUE,TRUE,FALSE,TRUE,TRUE,TRUE,TRUE,TRUE,NA,NA,FALSE,FALSE,TRUE,TRUE,TRUE,TRUE,TRUE
"25",17022,"ac4b64f3-539a-4071-9e09-649284372c52","rafi","niger","north_central",649,"1347449346277.jpg","niger_rafi","ac4b64f3-539a-4071-9e09-649284372c52","1347449346277.jpg","10.011329054832458 6.4579761028289795 287.0 4.0","dache clinic","healthpostdispensary",TRUE,TRUE,NA,TRUE,TRUE,2,NA,FALSE,2,1,0,0,0,NA,FALSE,NA,NA,NA,NA,NA,NA,NA,NA,NA,NA,NA,NA,FALSE,NA,NA,NA,FALSE,FALSE,FALSE,NA,NA,TRUE,TRUE,NA,NA,TRUE,NA,NA,NA,NA,NA,NA,NA,NA,NA,NA,NA,NA,TRUE,NA,NA,NA,NA,NA,NA,NA,NA,NA,NA,NA,FALSE,NA,NA,NA,NA,TRUE
"26",17023,"020b16e2-6948-4229-b0b3-730309b54b31","rafi","niger","north_central",649,"1347196742808.jpg","niger_rafi","020b16e2-6948-4229-b0b3-730309b54b31","1347196742808.jpg","10.26808577 6.16265898 302.3999938964844 5.0","Xxx ","healthpostdispensary",FALSE,NA,TRUE,TRUE,FALSE,1,FALSE,FALSE,1,0,0,0,0,TRUE,NA,FALSE,TRUE,TRUE,TRUE,FALSE,FALSE,FALSE,FALSE,FALSE,NA,NA,TRUE,FALSE,FALSE,FALSE,NA,FALSE,FALSE,FALSE,NA,FALSE,NA,NA,FALSE,FALSE,NA,TRUE,FALSE,TRUE,TRUE,TRUE,TRUE,TRUE,TRUE,FALSE,NA,NA,TRUE,TRUE,TRUE,TRUE,TRUE,TRUE,TRUE,FALSE,FALSE,FALSE,TRUE,NA,FALSE,FALSE,FALSE,FALSE,TRUE,FALSE,FALSE
"27",17024,"86f8b474-81f8-4f31-a605-4a231914cdac","rafi","niger","north_central",649,"1347269911796.jpg","niger_rafi","86f8b474-81f8-4f31-a605-4a231914cdac","1347269911796.jpg","10.56961679 6.45882156 448.8999938964844 5.0","XXX","primaryhealthcarecentre",FALSE,NA,TRUE,TRUE,FALSE,1,FALSE,FALSE,1,0,0,0,0,TRUE,TRUE,FALSE,TRUE,TRUE,TRUE,TRUE,FALSE,TRUE,FALSE,TRUE,NA,NA,FALSE,FALSE,FALSE,FALSE,NA,FALSE,FALSE,FALSE,NA,TRUE,TRUE,FALSE,FALSE,FALSE,FALSE,TRUE,TRUE,TRUE,TRUE,TRUE,TRUE,FALSE,TRUE,FALSE,NA,NA,FALSE,FALSE,FALSE,TRUE,FALSE,TRUE,FALSE,TRUE,TRUE,FALSE,TRUE,NA,FALSE,FALSE,TRUE,FALSE,TRUE,TRUE,TRUE
"28",17025,"aefbe841-8978-4dc9-bf9d-27238f6138bb","rafi","niger","north_central",649,"1347521634256.jpg","niger_rafi","aefbe841-8978-4dc9-bf9d-27238f6138bb","1347521634256.jpg","10.208632349967957 6.236173510551453 346.0 3.0","LEEMP HEALTH CENTER","primaryhealthcarecentre",FALSE,NA,TRUE,TRUE,FALSE,2,FALSE,FALSE,2,0,0,0,0,TRUE,TRUE,FALSE,TRUE,TRUE,TRUE,TRUE,FALSE,TRUE,FALSE,FALSE,TRUE,TRUE,TRUE,FALSE,FALSE,FALSE,FALSE,FALSE,FALSE,FALSE,NA,FALSE,FALSE,TRUE,FALSE,FALSE,FALSE,TRUE,TRUE,FALSE,TRUE,FALSE,FALSE,FALSE,FALSE,FALSE,FALSE,FALSE,FALSE,TRUE,FALSE,FALSE,FALSE,FALSE,FALSE,TRUE,TRUE,FALSE,FALSE,FALSE,FALSE,FALSE,FALSE,FALSE,TRUE,TRUE,TRUE
"29",17026,"5217b5db-f412-424d-b69e-0a5f7b9ac083","rafi","niger","north_central",649,"1347541447938.jpg","niger_rafi","5217b5db-f412-424d-b69e-0a5f7b9ac083","1347541447938.jpg","10.18982470035553 6.2513816356658936 316.0 4.0","sauki primary  health care","primaryhealthclinic",FALSE,NA,NA,TRUE,TRUE,5,NA,FALSE,5,1,0,0,0,NA,FALSE,NA,NA,NA,NA,NA,NA,NA,NA,NA,NA,NA,NA,FALSE,NA,NA,NA,FALSE,FALSE,FALSE,NA,NA,NA,NA,NA,NA,NA,NA,NA,NA,NA,NA,NA,NA,NA,NA,NA,NA,NA,TRUE,NA,NA,NA,NA,NA,NA,NA,NA,NA,NA,NA,FALSE,NA,NA,NA,NA,TRUE
"30",17027,"2e461af1-749b-4a0a-99e1-a989d152cbbf","rafi","niger","north_central",649,"1347535796725.jpg","niger_rafi","2e461af1-749b-4a0a-99e1-a989d152cbbf","1347535796725.jpg","10.19052991 6.25137645 325.20001220703125 5.0","Mch Tudun Wada Kagara","primaryhealthclinic",FALSE,FALSE,TRUE,TRUE,FALSE,9,TRUE,FALSE,9,0,0,0,1,TRUE,TRUE,TRUE,TRUE,TRUE,TRUE,TRUE,FALSE,FALSE,FALSE,FALSE,TRUE,NA,TRUE,FALSE,FALSE,FALSE,NA,FALSE,FALSE,FALSE,NA,TRUE,TRUE,TRUE,FALSE,TRUE,FALSE,FALSE,FALSE,FALSE,FALSE,FALSE,FALSE,FALSE,FALSE,FALSE,NA,NA,FALSE,TRUE,TRUE,TRUE,TRUE,TRUE,TRUE,TRUE,FALSE,FALSE,NA,TRUE,FALSE,FALSE,FALSE,FALSE,TRUE,TRUE,TRUE
"31",17028,"e147cadf-e8d5-45b2-b2b0-abf869a0cbcc","rafi","niger","north_central",649,"1347096075582.jpg","niger_rafi","e147cadf-e8d5-45b2-b2b0-abf869a0cbcc","1347096075582.jpg","10.07120079 6.18121052 305.20001220703125 5.0","Peoples clinic and maternity tegina","primaryhealthclinic",TRUE,TRUE,NA,TRUE,TRUE,1,NA,TRUE,1,0,0,1,0,NA,TRUE,NA,NA,NA,NA,NA,NA,NA,NA,NA,TRUE,TRUE,NA,TRUE,NA,NA,FALSE,FALSE,FALSE,FALSE,TRUE,NA,FALSE,TRUE,NA,NA,FALSE,NA,NA,NA,NA,NA,NA,NA,NA,NA,NA,NA,NA,TRUE,NA,NA,NA,NA,NA,NA,NA,NA,NA,NA,NA,FALSE,NA,NA,NA,NA,TRUE
"32",17029,"d276f3e2-54ab-4700-8f99-00f302e84eef","rafi","niger","north_central",649,"1347092771776.jpg","niger_rafi","d276f3e2-54ab-4700-8f99-00f302e84eef","1347092771776.jpg","10.124121308326721 6.080353260040283 273.0 4.0","xxx","healthpostdispensary",FALSE,NA,TRUE,TRUE,TRUE,2,TRUE,FALSE,2,9,0,0,0,TRUE,FALSE,FALSE,TRUE,TRUE,TRUE,TRUE,FALSE,FALSE,TRUE,FALSE,TRUE,NA,FALSE,FALSE,FALSE,FALSE,NA,TRUE,TRUE,TRUE,NA,FALSE,NA,NA,FALSE,FALSE,NA,TRUE,FALSE,FALSE,TRUE,FALSE,FALSE,FALSE,FALSE,FALSE,NA,NA,FALSE,FALSE,FALSE,TRUE,FALSE,TRUE,FALSE,FALSE,TRUE,TRUE,NA,NA,FALSE,FALSE,FALSE,FALSE,TRUE,FALSE,TRUE
"33",17030,"c4a3e7cd-6cce-4ec7-9b00-ef95f1d9e62a","rafi","niger","north_central",649,"1347208655545.jpg","niger_rafi","c4a3e7cd-6cce-4ec7-9b00-ef95f1d9e62a","1347208655545.jpg","10.36835253238678 6.0840922594070435 284.0 4.0","uregi heath  center","primaryhealthcarecentre",TRUE,TRUE,NA,TRUE,FALSE,1,FALSE,FALSE,1,0,0,0,0,TRUE,TRUE,TRUE,TRUE,TRUE,TRUE,TRUE,FALSE,FALSE,TRUE,FALSE,TRUE,TRUE,FALSE,FALSE,TRUE,FALSE,TRUE,FALSE,FALSE,FALSE,NA,TRUE,TRUE,TRUE,FALSE,FALSE,FALSE,TRUE,TRUE,TRUE,TRUE,FALSE,FALSE,TRUE,TRUE,FALSE,NA,NA,FALSE,TRUE,FALSE,TRUE,FALSE,TRUE,FALSE,TRUE,TRUE,TRUE,TRUE,NA,FALSE,FALSE,FALSE,FALSE,TRUE,TRUE,TRUE
"34",17031,"607b9549-1110-4a12-aca2-68fc489251a1","rafi","niger","north_central",649,"1347281081301.jpg","niger_rafi","607b9549-1110-4a12-aca2-68fc489251a1","1347281081301.jpg","10.408242344856262 6.395207047462463 443.0 4.0","Pandogari Medical Center (Gamji)","comprehensivehealthcentre",TRUE,TRUE,NA,FALSE,TRUE,5,NA,TRUE,5,2,2,1,1,NA,TRUE,NA,NA,NA,NA,NA,NA,NA,NA,NA,TRUE,FALSE,NA,TRUE,NA,NA,TRUE,TRUE,TRUE,TRUE,FALSE,NA,TRUE,TRUE,NA,NA,TRUE,NA,NA,NA,NA,NA,NA,NA,NA,NA,NA,NA,NA,TRUE,NA,NA,NA,NA,NA,NA,NA,NA,NA,NA,NA,TRUE,NA,NA,NA,NA,TRUE
"35",17032,"4b60a1ea-9005-4e19-9508-28a7f724dfd2","rafi","niger","north_central",649,"1347356421368.jpg","niger_rafi","4b60a1ea-9005-4e19-9508-28a7f724dfd2","1347356421368.jpg","10.18690284 6.25513271 332.29998779296875 5.0","Adamu Turaki PHC","primaryhealthcarecentre",FALSE,NA,TRUE,TRUE,FALSE,5,TRUE,FALSE,5,0,0,0,0,TRUE,FALSE,FALSE,TRUE,TRUE,TRUE,TRUE,FALSE,TRUE,TRUE,FALSE,TRUE,NA,FALSE,FALSE,FALSE,FALSE,NA,FALSE,FALSE,FALSE,NA,TRUE,TRUE,TRUE,FALSE,TRUE,FALSE,TRUE,TRUE,TRUE,TRUE,TRUE,TRUE,TRUE,TRUE,FALSE,NA,NA,FALSE,TRUE,TRUE,TRUE,TRUE,TRUE,FALSE,TRUE,TRUE,FALSE,TRUE,TRUE,FALSE,FALSE,FALSE,FALSE,TRUE,TRUE,TRUE
"36",17033,"5769a57d-5cc0-4768-9787-4d823385c8b5","rafi","niger","north_central",649,"1347446916471.jpg","niger_rafi","5769a57d-5cc0-4768-9787-4d823385c8b5","1347446916471.jpg","10.01155436038971 6.459987759590149 286.0 4.0","xxx","primaryhealthclinic",TRUE,TRUE,TRUE,TRUE,TRUE,2,TRUE,FALSE,2,0,6,0,0,TRUE,TRUE,FALSE,TRUE,TRUE,TRUE,TRUE,FALSE,FALSE,TRUE,FALSE,TRUE,FALSE,FALSE,FALSE,FALSE,FALSE,FALSE,TRUE,TRUE,TRUE,NA,TRUE,TRUE,TRUE,FALSE,FALSE,TRUE,FALSE,TRUE,TRUE,FALSE,FALSE,FALSE,TRUE,FALSE,FALSE,FALSE,TRUE,FALSE,TRUE,FALSE,TRUE,FALSE,FALSE,FALSE,FALSE,TRUE,FALSE,TRUE,NA,FALSE,FALSE,FALSE,FALSE,TRUE,FALSE,TRUE
"37",17034,"cf71a793-4e3c-4d0e-9b9a-0dc636c0dd06","rafi","niger","north_central",649,"1347091782022.jpg","niger_rafi","cf71a793-4e3c-4d0e-9b9a-0dc636c0dd06","1347091782022.jpg","10.00110773 6.24788518 212.6999969482422 87.0","Majanjan healthclinic.","primaryhealthclinic",FALSE,NA,NA,TRUE,FALSE,1,TRUE,FALSE,1,0,0,0,0,TRUE,FALSE,FALSE,TRUE,TRUE,TRUE,TRUE,FALSE,FALSE,FALSE,FALSE,NA,NA,TRUE,FALSE,FALSE,FALSE,NA,FALSE,FALSE,FALSE,NA,FALSE,NA,NA,FALSE,FALSE,NA,FALSE,TRUE,TRUE,TRUE,TRUE,TRUE,TRUE,TRUE,TRUE,NA,NA,FALSE,FALSE,FALSE,TRUE,FALSE,TRUE,TRUE,TRUE,FALSE,FALSE,NA,NA,FALSE,FALSE,FALSE,FALSE,TRUE,TRUE,FALSE
"38",17035,"761df264-7d49-425d-beda-b0ea603a5c3a","rafi","niger","north_central",649,"1347119267688.jpg","niger_rafi","761df264-7d49-425d-beda-b0ea603a5c3a","1347119267688.jpg","9.82681382 6.14618482 157.1999969482422 5.0","PHC KUNDU","healthpostdispensary",FALSE,NA,TRUE,TRUE,FALSE,2,TRUE,FALSE,2,0,0,0,0,TRUE,TRUE,TRUE,TRUE,TRUE,TRUE,TRUE,FALSE,FALSE,FALSE,FALSE,TRUE,FALSE,TRUE,FALSE,FALSE,FALSE,FALSE,FALSE,FALSE,FALSE,NA,FALSE,NA,NA,FALSE,FALSE,NA,FALSE,TRUE,TRUE,TRUE,TRUE,TRUE,FALSE,TRUE,FALSE,NA,NA,TRUE,TRUE,TRUE,TRUE,TRUE,TRUE,TRUE,TRUE,FALSE,FALSE,TRUE,TRUE,FALSE,FALSE,FALSE,FALSE,TRUE,TRUE,TRUE
"39",17036,"d4185642-2feb-4301-a8ea-57f15cae5cb7","rafi","niger","north_central",649,"1347524931122.jpg","niger_rafi","d4185642-2feb-4301-a8ea-57f15cae5cb7","1347524931122.jpg","10.18478916 6.24624802 335.79998779296875 5.0","Immunixation unit","healthpostdispensary",FALSE,NA,NA,TRUE,FALSE,4,TRUE,FALSE,4,0,0,0,0,TRUE,NA,FALSE,FALSE,FALSE,FALSE,FALSE,FALSE,FALSE,FALSE,FALSE,NA,NA,FALSE,FALSE,FALSE,FALSE,NA,FALSE,FALSE,FALSE,NA,FALSE,NA,NA,FALSE,FALSE,NA,FALSE,TRUE,TRUE,TRUE,FALSE,FALSE,TRUE,TRUE,FALSE,FALSE,TRUE,FALSE,FALSE,FALSE,NA,FALSE,FALSE,FALSE,FALSE,FALSE,FALSE,NA,TRUE,FALSE,FALSE,FALSE,FALSE,FALSE,FALSE,FALSE
"40",17037,"c98e3957-c13f-4ce4-b740-d2e4bb2f21f8","rafi","niger","north_central",649,"1347191077613.jpg","niger_rafi","c98e3957-c13f-4ce4-b740-d2e4bb2f21f8","1347191077613.jpg","10.35358921 6.16751488 308.1000061035156 5.0","Rural health clinic","primaryhealthclinic",FALSE,NA,TRUE,TRUE,FALSE,1,TRUE,FALSE,1,0,0,0,0,TRUE,NA,FALSE,TRUE,TRUE,TRUE,TRUE,FALSE,FALSE,FALSE,FALSE,TRUE,NA,TRUE,FALSE,TRUE,FALSE,NA,FALSE,FALSE,FALSE,NA,FALSE,FALSE,TRUE,FALSE,FALSE,FALSE,TRUE,TRUE,TRUE,TRUE,TRUE,TRUE,FALSE,TRUE,FALSE,NA,NA,TRUE,TRUE,TRUE,FALSE,TRUE,TRUE,TRUE,TRUE,FALSE,FALSE,TRUE,TRUE,FALSE,FALSE,FALSE,FALSE,TRUE,TRUE,FALSE
"41",17038,"5d5df2fd-bb7a-497a-bc98-434c823604a8","rafi","niger","north_central",649,"1347278368607.jpg","niger_rafi","5d5df2fd-bb7a-497a-bc98-434c823604a8","1347278368607.jpg","10.4155206 6.40073164 449.5 5.0","Kongoma Clinic & maternity","primaryhealthclinic",TRUE,TRUE,NA,TRUE,TRUE,3,NA,TRUE,3,1,1,1,0,NA,NA,NA,NA,NA,NA,NA,NA,NA,NA,NA,TRUE,FALSE,NA,TRUE,NA,NA,FALSE,TRUE,FALSE,FALSE,TRUE,NA,TRUE,TRUE,NA,NA,FALSE,NA,NA,NA,NA,NA,NA,NA,NA,NA,NA,NA,NA,TRUE,NA,NA,NA,NA,NA,NA,NA,NA,NA,NA,NA,FALSE,NA,NA,NA,NA,TRUE
"42",17039,"da2b87c2-0013-4514-834d-3a27afd2f3fb","rafi","niger","north_central",649,"1347453192346.jpg","niger_rafi","da2b87c2-0013-4514-834d-3a27afd2f3fb","1347453192346.jpg","10.05999155 6.5057688 287.3999938964844 5.0","Ungwan shagayya dispensary","healthpostdispensary",FALSE,FALSE,TRUE,FALSE,FALSE,1,FALSE,FALSE,0,0,0,0,0,FALSE,NA,FALSE,TRUE,TRUE,FALSE,FALSE,FALSE,FALSE,FALSE,FALSE,NA,NA,FALSE,FALSE,FALSE,FALSE,NA,FALSE,FALSE,FALSE,NA,TRUE,NA,NA,FALSE,FALSE,NA,FALSE,FALSE,TRUE,FALSE,FALSE,FALSE,FALSE,FALSE,FALSE,NA,NA,FALSE,TRUE,FALSE,TRUE,FALSE,TRUE,FALSE,FALSE,FALSE,FALSE,TRUE,NA,FALSE,FALSE,FALSE,FALSE,TRUE,FALSE,FALSE
"43",17040,"fa53f6df-4473-4ef6-a168-606754ba40d3","rafi","niger","north_central",649,"1347189105409.jpg","niger_rafi","fa53f6df-4473-4ef6-a168-606754ba40d3","1347189105409.jpg","10.3141763 6.16750243 280.6000061035156 5.0","Nagari Nakowa","healthpostdispensary",FALSE,FALSE,NA,TRUE,FALSE,2,NA,FALSE,2,0,1,0,0,NA,FALSE,NA,NA,NA,NA,NA,NA,NA,NA,NA,NA,NA,NA,FALSE,NA,NA,NA,FALSE,FALSE,FALSE,NA,NA,NA,NA,NA,NA,NA,NA,NA,NA,NA,NA,NA,NA,NA,NA,NA,NA,NA,TRUE,NA,NA,NA,NA,NA,NA,NA,NA,NA,NA,NA,FALSE,NA,NA,NA,NA,TRUE
"44",17041,"453d26ac-56a1-40b0-be9d-dd0eccfdd799","rafi","niger","north_central",649,"1347367553731.jpg","niger_rafi","453d26ac-56a1-40b0-be9d-dd0eccfdd799","1347367553731.jpg","10.17944306 6.24535692 344.29998779296875 5.0","Asmau clinic and maternity","primaryhealthclinic",TRUE,TRUE,NA,TRUE,TRUE,2,NA,TRUE,2,1,1,1,1,NA,TRUE,NA,NA,NA,NA,NA,NA,NA,NA,NA,TRUE,TRUE,NA,TRUE,NA,NA,TRUE,TRUE,TRUE,FALSE,TRUE,NA,TRUE,TRUE,NA,NA,FALSE,NA,NA,NA,NA,NA,NA,NA,NA,NA,NA,NA,NA,TRUE,NA,NA,NA,NA,NA,NA,NA,NA,NA,NA,NA,FALSE,NA,NA,NA,NA,TRUE
"45",17042,"1dcbef54-dfcd-444a-8853-297cf85e613d","rafi","niger","north_central",649,"1347096976863.jpg","niger_rafi","1dcbef54-dfcd-444a-8853-297cf85e613d","1347096976863.jpg","10.01850338 6.27442561 206.3000030517578 5.0","Health clinic","primaryhealthclinic",FALSE,FALSE,TRUE,TRUE,FALSE,3,TRUE,FALSE,3,0,0,0,0,TRUE,TRUE,FALSE,TRUE,TRUE,TRUE,TRUE,FALSE,FALSE,FALSE,TRUE,NA,NA,FALSE,FALSE,TRUE,FALSE,NA,FALSE,FALSE,FALSE,NA,FALSE,NA,NA,FALSE,FALSE,NA,FALSE,TRUE,TRUE,TRUE,FALSE,FALSE,TRUE,FALSE,FALSE,NA,NA,FALSE,TRUE,FALSE,TRUE,FALSE,TRUE,FALSE,TRUE,FALSE,FALSE,TRUE,TRUE,FALSE,FALSE,FALSE,FALSE,TRUE,TRUE,FALSE
"46",17043,"7c41e5fb-425c-46e6-af34-3a0abb75b68f","rafi","niger","north_central",649,"1347266127771.jpg","niger_rafi","7c41e5fb-425c-46e6-af34-3a0abb75b68f","1347266127771.jpg","10.438191890716553 6.521962881088257 514.0 3.0","Health Post","healthpostdispensary",FALSE,FALSE,NA,TRUE,FALSE,1,FALSE,FALSE,1,0,0,0,0,TRUE,NA,FALSE,TRUE,TRUE,FALSE,FALSE,FALSE,FALSE,FALSE,FALSE,NA,NA,FALSE,FALSE,FALSE,FALSE,NA,FALSE,FALSE,FALSE,NA,FALSE,TRUE,TRUE,FALSE,FALSE,FALSE,FALSE,TRUE,TRUE,TRUE,TRUE,TRUE,TRUE,TRUE,FALSE,NA,NA,FALSE,TRUE,FALSE,TRUE,FALSE,FALSE,FALSE,FALSE,FALSE,FALSE,NA,TRUE,FALSE,FALSE,FALSE,FALSE,TRUE,FALSE,FALSE
"47",17044,"4d8ed03d-75bf-45bb-b116-e556bd5f3183","rafi","niger","north_central",649,"1347373310280.jpg","niger_rafi","4d8ed03d-75bf-45bb-b116-e556bd5f3183","1347373310280.jpg","10.185785293579102 6.2597233057022095 306.0 4.0","xxx","healthpostdispensary",FALSE,FALSE,NA,TRUE,TRUE,3,NA,FALSE,3,1,0,0,0,NA,TRUE,NA,NA,NA,NA,NA,NA,NA,NA,NA,NA,NA,NA,FALSE,NA,NA,NA,FALSE,FALSE,FALSE,NA,NA,TRUE,FALSE,NA,NA,FALSE,NA,NA,NA,NA,NA,NA,NA,NA,NA,NA,NA,NA,FALSE,NA,NA,NA,NA,NA,NA,NA,NA,NA,NA,NA,FALSE,NA,NA,NA,NA,TRUE
"48",17045,"8470f391-3ab6-4eee-86fd-c61854959285","rafi","niger","north_central",649,"1347285359158.jpg","niger_rafi","8470f391-3ab6-4eee-86fd-c61854959285","1347285359158.jpg","10.45299232006073 6.418279409408569 446.0 3.0","p h c","primaryhealthcarecentre",FALSE,NA,NA,TRUE,FALSE,1,TRUE,FALSE,1,0,0,0,0,TRUE,FALSE,FALSE,FALSE,FALSE,FALSE,FALSE,FALSE,FALSE,FALSE,FALSE,NA,NA,FALSE,FALSE,FALSE,FALSE,NA,FALSE,FALSE,FALSE,NA,FALSE,NA,NA,FALSE,FALSE,NA,FALSE,FALSE,FALSE,FALSE,FALSE,FALSE,FALSE,FALSE,FALSE,NA,NA,FALSE,TRUE,FALSE,TRUE,FALSE,FALSE,FALSE,FALSE,FALSE,FALSE,NA,NA,FALSE,FALSE,FALSE,FALSE,TRUE,FALSE,FALSE
"49",17046,"9722ca80-2dec-4a9c-9f0b-3faef69384f2","rafi","niger","north_central",649,"1347461508556.jpg","niger_rafi","9722ca80-2dec-4a9c-9f0b-3faef69384f2","1347461508556.jpg","10.18453037 6.42596157 353.5 5.0","Nasiha maternity clinic","healthpostdispensary",FALSE,TRUE,NA,TRUE,FALSE,1,NA,FALSE,0,0,0,0,0,NA,TRUE,NA,NA,NA,NA,NA,NA,NA,NA,NA,TRUE,TRUE,NA,FALSE,NA,NA,TRUE,FALSE,FALSE,FALSE,NA,NA,TRUE,TRUE,NA,NA,FALSE,NA,NA,NA,NA,NA,NA,NA,NA,NA,NA,NA,NA,TRUE,NA,NA,NA,NA,NA,NA,NA,NA,NA,NA,NA,FALSE,NA,NA,NA,NA,TRUE
"50",17047,"c3fb60f1-11b1-41e6-ab06-5360b67c6e7e","rafi","niger","north_central",649,"1347200619258.jpg","niger_rafi","c3fb60f1-11b1-41e6-ab06-5360b67c6e7e","1347200619258.jpg","10.34231583 6.34924581 394.5 5.0","Amdo primary health care","primaryhealthcarecentre",FALSE,NA,NA,TRUE,FALSE,2,NA,FALSE,1,0,0,0,0,NA,FALSE,NA,NA,NA,NA,NA,NA,NA,NA,NA,NA,NA,NA,FALSE,NA,NA,NA,FALSE,FALSE,FALSE,NA,NA,TRUE,TRUE,NA,NA,FALSE,NA,NA,NA,NA,NA,NA,NA,NA,NA,NA,NA,NA,TRUE,NA,NA,NA,NA,NA,NA,NA,NA,NA,NA,NA,FALSE,NA,NA,NA,NA,TRUE
"51",17048,"e36a994e-7b2a-4738-825c-388393b0c57d","rafi","niger","north_central",649,"1347103356308.jpg","niger_rafi","e36a994e-7b2a-4738-825c-388393b0c57d","1347103356308.jpg","10.06903854 6.18855034 299.0 5.0","Ayetunde medical centre tegina","primaryhealthclinic",FALSE,FALSE,NA,TRUE,TRUE,0,NA,FALSE,0,1,0,0,0,NA,FALSE,NA,NA,NA,NA,NA,NA,NA,NA,NA,NA,NA,NA,FALSE,NA,NA,NA,FALSE,FALSE,FALSE,NA,NA,FALSE,TRUE,NA,NA,FALSE,NA,NA,NA,NA,NA,NA,NA,NA,NA,NA,NA,NA,TRUE,NA,NA,NA,NA,NA,NA,NA,NA,NA,NA,NA,FALSE,NA,NA,NA,NA,TRUE
"52",17049,"7ff598ec-7e22-4a35-b5e1-1465374908c1","rafi","niger","north_central",649,"1347093731032.jpg","niger_rafi","7ff598ec-7e22-4a35-b5e1-1465374908c1","1347093731032.jpg","10.11892318725586 6.105995178222656 292.0 4.0","xxx","healthpostdispensary",FALSE,NA,TRUE,TRUE,FALSE,1,TRUE,FALSE,1,0,0,0,0,TRUE,FALSE,FALSE,TRUE,TRUE,TRUE,TRUE,FALSE,FALSE,FALSE,FALSE,TRUE,NA,FALSE,FALSE,FALSE,FALSE,NA,FALSE,FALSE,FALSE,NA,FALSE,FALSE,FALSE,FALSE,FALSE,FALSE,TRUE,FALSE,FALSE,TRUE,FALSE,FALSE,FALSE,FALSE,FALSE,NA,NA,FALSE,FALSE,FALSE,TRUE,FALSE,TRUE,FALSE,FALSE,TRUE,TRUE,NA,NA,FALSE,FALSE,FALSE,FALSE,TRUE,FALSE,TRUE
"53",17050,"e7c2cdf3-00e4-40e7-abb8-e1658268bf0f","rafi","niger","north_central",649,"1347015650438.jpg","niger_rafi","e7c2cdf3-00e4-40e7-abb8-e1658268bf0f","1347015650438.jpg","10.21077275276184 6.110211610794067 276.0 2.0","hakuri clinic","healthpostdispensary",FALSE,TRUE,NA,TRUE,FALSE,2,NA,FALSE,1,0,0,0,0,NA,FALSE,NA,NA,NA,NA,NA,NA,NA,NA,NA,NA,FALSE,NA,FALSE,NA,NA,FALSE,FALSE,FALSE,FALSE,NA,NA,FALSE,FALSE,NA,NA,TRUE,NA,NA,NA,NA,NA,NA,NA,NA,NA,NA,NA,NA,TRUE,NA,NA,NA,NA,NA,NA,NA,NA,NA,NA,NA,FALSE,NA,NA,NA,NA,TRUE
"54",17051,"48949ced-3c12-43a2-8084-58ae175cff27","rafi","niger","north_central",649,"1347342902096.jpg","niger_rafi","48949ced-3c12-43a2-8084-58ae175cff27","1347342902096.jpg","10.1488665 6.34563551 263.8999938964844 5.0","Health post waya","healthpostdispensary",TRUE,TRUE,TRUE,TRUE,FALSE,1,FALSE,FALSE,1,0,0,0,0,TRUE,TRUE,TRUE,TRUE,TRUE,TRUE,TRUE,FALSE,FALSE,FALSE,FALSE,TRUE,NA,TRUE,FALSE,FALSE,FALSE,NA,FALSE,FALSE,FALSE,NA,FALSE,NA,NA,FALSE,FALSE,NA,TRUE,TRUE,TRUE,TRUE,TRUE,TRUE,TRUE,TRUE,FALSE,NA,NA,FALSE,TRUE,TRUE,TRUE,TRUE,TRUE,FALSE,TRUE,FALSE,FALSE,FALSE,NA,FALSE,FALSE,FALSE,FALSE,TRUE,TRUE,TRUE
"55",17052,"d3f65b15-e3ea-4b51-abff-38d4f67d4b46","rafi","niger","north_central",649,"1347037541464.jpg","niger_rafi","d3f65b15-e3ea-4b51-abff-38d4f67d4b46","1347037541464.jpg","9.790771007537842 5.9832680225372314 218.0 4.0","Health Post Anguwa Bamaiyi","healthpostdispensary",FALSE,FALSE,NA,TRUE,FALSE,1,NA,FALSE,1,0,0,0,0,NA,NA,NA,NA,NA,NA,NA,NA,NA,NA,NA,NA,NA,NA,FALSE,NA,NA,NA,FALSE,FALSE,FALSE,NA,NA,NA,NA,NA,NA,NA,NA,NA,NA,NA,NA,NA,NA,NA,NA,NA,NA,NA,FALSE,NA,NA,NA,NA,NA,NA,NA,NA,NA,NA,NA,FALSE,NA,NA,NA,NA,TRUE
"56",17053,"8558eb56-0d7b-4e88-9b47-bc48aad014bb","rafi","niger","north_central",649,"1347206550982.jpg","niger_rafi","8558eb56-0d7b-4e88-9b47-bc48aad014bb","1347206550982.jpg","10.366394519805908 6.062060594558716 272.0 3.0","kerebo leemp heath clinic","healthpostdispensary",FALSE,NA,TRUE,TRUE,FALSE,3,TRUE,FALSE,2,0,0,0,0,TRUE,NA,FALSE,TRUE,TRUE,TRUE,TRUE,FALSE,FALSE,TRUE,FALSE,TRUE,NA,FALSE,FALSE,FALSE,FALSE,NA,FALSE,FALSE,FALSE,NA,FALSE,NA,NA,FALSE,FALSE,NA,TRUE,TRUE,TRUE,FALSE,FALSE,FALSE,TRUE,FALSE,FALSE,NA,NA,FALSE,FALSE,FALSE,TRUE,FALSE,TRUE,FALSE,TRUE,TRUE,TRUE,TRUE,NA,FALSE,FALSE,FALSE,FALSE,TRUE,TRUE,TRUE
"57",17054,"6582ae8f-a180-49aa-94ed-2f4d7f9e61d5","rafi","niger","north_central",649,"1347105735308.jpg","niger_rafi","6582ae8f-a180-49aa-94ed-2f4d7f9e61d5","1347105735308.jpg","10.06737308 6.1847035 310.29998779296875 5.0","Maraba health centre tegina","primaryhealthclinic",FALSE,NA,NA,TRUE,TRUE,3,NA,FALSE,3,0,0,1,0,NA,NA,NA,NA,NA,NA,NA,NA,NA,NA,NA,NA,NA,NA,FALSE,NA,NA,NA,FALSE,FALSE,FALSE,NA,NA,TRUE,TRUE,NA,NA,FALSE,NA,NA,NA,NA,NA,NA,NA,NA,NA,NA,NA,NA,TRUE,NA,NA,NA,NA,NA,NA,NA,NA,NA,NA,NA,FALSE,NA,NA,NA,NA,TRUE
"58",17055,"f54084ea-173d-4091-8770-b43b924071ba","rafi","niger","north_central",649,"1347370144751.jpg","niger_rafi","f54084ea-173d-4091-8770-b43b924071ba","1347370144751.jpg","10.184224247932434 6.266085505485535 296.0 3.0","p h c","primaryhealthclinic",FALSE,NA,TRUE,TRUE,FALSE,5,TRUE,FALSE,5,0,0,0,0,TRUE,TRUE,FALSE,TRUE,TRUE,FALSE,FALSE,FALSE,FALSE,TRUE,FALSE,NA,NA,FALSE,FALSE,FALSE,FALSE,NA,FALSE,FALSE,FALSE,NA,FALSE,FALSE,FALSE,FALSE,FALSE,FALSE,FALSE,FALSE,TRUE,TRUE,FALSE,FALSE,FALSE,FALSE,FALSE,NA,NA,FALSE,TRUE,FALSE,NA,FALSE,TRUE,FALSE,FALSE,TRUE,TRUE,NA,NA,FALSE,FALSE,FALSE,FALSE,FALSE,FALSE,TRUE
"59",17056,"93bb3d37-ea17-4e44-aa1d-af702bd16d69","rafi","niger","north_central",649,"1347011235709.jpg","niger_rafi","93bb3d37-ea17-4e44-aa1d-af702bd16d69","1347011235709.jpg","10.07405186 6.1900608 282.8999938964844 5.0","Ecwa health clinic","healthpostdispensary",FALSE,FALSE,NA,TRUE,TRUE,1,NA,FALSE,0,2,0,0,1,NA,FALSE,NA,NA,NA,NA,NA,NA,NA,NA,NA,NA,NA,NA,FALSE,NA,NA,NA,TRUE,FALSE,FALSE,NA,NA,FALSE,TRUE,NA,NA,FALSE,NA,NA,NA,NA,NA,NA,NA,NA,NA,NA,NA,NA,TRUE,NA,NA,NA,NA,NA,NA,NA,NA,NA,NA,NA,FALSE,NA,NA,NA,NA,TRUE
"60",17057,"289138ab-1b81-40ef-b064-aeb9de4501f7","rafi","niger","north_central",649,"1347179396722.jpg","niger_rafi","289138ab-1b81-40ef-b064-aeb9de4501f7","1347179396722.jpg","10.30601756 6.23583936 310.29998779296875 5.0","Health post","healthpostdispensary",TRUE,TRUE,TRUE,TRUE,FALSE,1,FALSE,FALSE,1,0,0,0,0,TRUE,NA,FALSE,TRUE,TRUE,TRUE,FALSE,FALSE,FALSE,FALSE,FALSE,NA,NA,TRUE,FALSE,FALSE,FALSE,NA,FALSE,FALSE,FALSE,NA,FALSE,NA,NA,TRUE,FALSE,NA,TRUE,TRUE,TRUE,TRUE,TRUE,TRUE,TRUE,TRUE,FALSE,NA,NA,TRUE,TRUE,TRUE,TRUE,TRUE,TRUE,FALSE,FALSE,FALSE,FALSE,TRUE,NA,FALSE,FALSE,FALSE,FALSE,TRUE,FALSE,TRUE
"61",17058,"fbb87ffc-6d37-4019-82f2-6258bcc64b29","rafi","niger","north_central",649,"1347271967353.jpg","niger_rafi","fbb87ffc-6d37-4019-82f2-6258bcc64b29","1347271967353.jpg","10.393393635749817 6.463383436203003 483.0 4.0","Health Post Ringa","healthpostdispensary",FALSE,NA,NA,TRUE,FALSE,1,FALSE,FALSE,1,0,0,0,0,FALSE,NA,FALSE,FALSE,FALSE,FALSE,FALSE,FALSE,FALSE,FALSE,FALSE,NA,NA,FALSE,FALSE,FALSE,FALSE,NA,FALSE,FALSE,FALSE,NA,FALSE,NA,NA,FALSE,FALSE,NA,FALSE,FALSE,FALSE,FALSE,FALSE,FALSE,FALSE,FALSE,FALSE,NA,NA,FALSE,FALSE,FALSE,NA,FALSE,FALSE,FALSE,FALSE,FALSE,FALSE,NA,NA,FALSE,FALSE,FALSE,FALSE,FALSE,FALSE,FALSE
"62",17059,"f55800e6-622e-4cb0-a686-199508f64c44","rafi","niger","north_central",649,"1347011268083.jpg","niger_rafi","f55800e6-622e-4cb0-a686-199508f64c44","1347011268083.jpg","9.87622618675232 6.027899980545044 176.0 4.0","XXX","primaryhealthcarecentre",TRUE,TRUE,TRUE,TRUE,FALSE,0,FALSE,FALSE,0,0,1,0,1,TRUE,TRUE,FALSE,FALSE,TRUE,TRUE,TRUE,FALSE,FALSE,FALSE,FALSE,TRUE,NA,TRUE,FALSE,TRUE,FALSE,NA,FALSE,FALSE,FALSE,NA,FALSE,TRUE,TRUE,FALSE,FALSE,FALSE,FALSE,TRUE,TRUE,TRUE,TRUE,TRUE,TRUE,TRUE,TRUE,NA,NA,TRUE,FALSE,TRUE,TRUE,FALSE,TRUE,TRUE,TRUE,TRUE,TRUE,FALSE,TRUE,FALSE,FALSE,FALSE,FALSE,TRUE,TRUE,FALSE
"63",17060,"c9e76495-dc09-4c72-9ffa-db0acca09726","rafi","niger","north_central",649,"1347104166476.jpg","niger_rafi","c9e76495-dc09-4c72-9ffa-db0acca09726","1347104166476.jpg","10.06754577 6.18754349 302.1000061035156 5.0","Basic health centre tegina","primaryhealthclinic",FALSE,FALSE,TRUE,TRUE,FALSE,10,TRUE,FALSE,5,0,4,0,1,TRUE,TRUE,FALSE,TRUE,TRUE,TRUE,TRUE,FALSE,TRUE,TRUE,FALSE,TRUE,NA,TRUE,FALSE,TRUE,FALSE,NA,FALSE,FALSE,FALSE,NA,TRUE,TRUE,TRUE,FALSE,FALSE,FALSE,FALSE,TRUE,TRUE,TRUE,TRUE,TRUE,TRUE,TRUE,FALSE,NA,NA,TRUE,TRUE,FALSE,NA,FALSE,TRUE,FALSE,TRUE,TRUE,FALSE,NA,TRUE,FALSE,FALSE,TRUE,FALSE,FALSE,TRUE,TRUE
"64",17061,"820b5e97-ed2b-4260-a8b3-f809200b3080","rafi","niger","north_central",649,"1347204094534.jpg","niger_rafi","820b5e97-ed2b-4260-a8b3-f809200b3080","1347204094534.jpg","10.319493412971497 6.323077082633972 397.0 4.0","Health Post","primaryhealthclinic",FALSE,NA,NA,TRUE,FALSE,1,FALSE,FALSE,1,0,0,0,0,TRUE,TRUE,FALSE,FALSE,FALSE,FALSE,FALSE,FALSE,FALSE,FALSE,FALSE,NA,NA,FALSE,FALSE,FALSE,FALSE,NA,FALSE,FALSE,FALSE,NA,FALSE,TRUE,TRUE,FALSE,FALSE,FALSE,FALSE,TRUE,TRUE,TRUE,TRUE,TRUE,TRUE,TRUE,FALSE,NA,NA,TRUE,TRUE,FALSE,TRUE,FALSE,FALSE,FALSE,FALSE,FALSE,FALSE,NA,NA,FALSE,FALSE,FALSE,FALSE,TRUE,FALSE,FALSE
"65",17062,"5e32a6fb-de64-45c6-bb21-3cd64992ca89","rafi","niger","north_central",649,"1347360442178.jpg","niger_rafi","5e32a6fb-de64-45c6-bb21-3cd64992ca89","1347360442178.jpg","10.1917456 6.25819415 310.3999938964844 5.0","General hospital kagara","generalhospital",TRUE,TRUE,NA,TRUE,TRUE,2,TRUE,TRUE,1,NA,12,2,2,TRUE,TRUE,TRUE,TRUE,TRUE,TRUE,TRUE,TRUE,TRUE,TRUE,TRUE,TRUE,TRUE,TRUE,TRUE,TRUE,FALSE,TRUE,TRUE,TRUE,TRUE,TRUE,TRUE,TRUE,TRUE,TRUE,FALSE,TRUE,TRUE,TRUE,TRUE,TRUE,TRUE,TRUE,TRUE,TRUE,TRUE,NA,NA,TRUE,TRUE,TRUE,TRUE,TRUE,TRUE,TRUE,TRUE,TRUE,TRUE,TRUE,NA,TRUE,TRUE,TRUE,TRUE,TRUE,TRUE,TRUE
"66",17063,"0ce43ed9-7462-4061-a06a-fc45c1ceffb0","rafi","niger","north_central",649,"1347191097030.jpg","niger_rafi","0ce43ed9-7462-4061-a06a-fc45c1ceffb0","1347191097030.jpg","10.27546712 6.29174541 339.3999938964844 5.0","Yawo memorial clinic maikujeri","primaryhealthclinic",FALSE,FALSE,NA,TRUE,TRUE,0,NA,FALSE,0,1,0,0,0,NA,TRUE,NA,NA,NA,NA,NA,NA,NA,NA,NA,NA,NA,NA,FALSE,NA,NA,NA,FALSE,FALSE,FALSE,NA,NA,NA,NA,NA,NA,NA,NA,NA,NA,NA,NA,NA,NA,NA,NA,NA,NA,NA,TRUE,NA,NA,NA,NA,NA,NA,NA,NA,NA,NA,NA,FALSE,NA,NA,NA,NA,TRUE
"67",17065,"e1c0536a-acde-42c7-9965-d007a831cc29","rafi","niger","north_central",649,"1347207817059.jpg","niger_rafi","e1c0536a-acde-42c7-9965-d007a831cc29","1347207817059.jpg","10.33299385 6.28636709 373.79998779296875 5.0","Health centre tugwama","primaryhealthcarecentre",FALSE,FALSE,NA,TRUE,FALSE,1,TRUE,FALSE,0,0,0,0,0,TRUE,TRUE,FALSE,FALSE,FALSE,TRUE,TRUE,FALSE,FALSE,FALSE,FALSE,NA,NA,FALSE,FALSE,FALSE,FALSE,NA,FALSE,FALSE,FALSE,NA,FALSE,NA,NA,FALSE,FALSE,NA,FALSE,TRUE,TRUE,FALSE,TRUE,TRUE,TRUE,TRUE,TRUE,NA,NA,FALSE,TRUE,FALSE,NA,FALSE,FALSE,FALSE,FALSE,FALSE,FALSE,NA,FALSE,FALSE,FALSE,FALSE,FALSE,FALSE,FALSE,TRUE
"68",17066,"9606637f-0c59-4637-9080-d2e4e2f86876","rafi","niger","north_central",649,"1347100212371.jpg","niger_rafi","9606637f-0c59-4637-9080-d2e4e2f86876","1347100212371.jpg","9.98239617 6.16059319 281.3999938964844 5.0","Modern health post katako","healthpostdispensary",FALSE,NA,NA,TRUE,FALSE,1,FALSE,FALSE,1,0,0,0,0,TRUE,NA,FALSE,TRUE,TRUE,FALSE,FALSE,FALSE,FALSE,FALSE,FALSE,NA,NA,FALSE,FALSE,FALSE,FALSE,NA,FALSE,FALSE,FALSE,NA,FALSE,TRUE,TRUE,FALSE,FALSE,FALSE,FALSE,FALSE,FALSE,FALSE,FALSE,FALSE,FALSE,FALSE,FALSE,NA,NA,FALSE,FALSE,FALSE,TRUE,FALSE,FALSE,FALSE,FALSE,FALSE,FALSE,NA,NA,FALSE,FALSE,FALSE,FALSE,TRUE,FALSE,FALSE
"69",17067,"6dd67c6a-3b2a-47f3-a971-935635623b55","rafi","niger","north_central",649,"1347446123332.jpg","niger_rafi","6dd67c6a-3b2a-47f3-a971-935635623b55","1347446123332.jpg","10.021666288375854 6.510552763938904 303.0 3.0","Health post ","healthpostdispensary",TRUE,TRUE,TRUE,TRUE,FALSE,1,TRUE,FALSE,1,0,0,0,0,TRUE,NA,FALSE,FALSE,FALSE,TRUE,FALSE,FALSE,FALSE,TRUE,FALSE,NA,NA,TRUE,FALSE,FALSE,FALSE,NA,FALSE,FALSE,FALSE,NA,FALSE,TRUE,FALSE,FALSE,FALSE,FALSE,FALSE,FALSE,TRUE,FALSE,FALSE,FALSE,FALSE,FALSE,FALSE,NA,NA,TRUE,FALSE,FALSE,TRUE,FALSE,TRUE,FALSE,FALSE,TRUE,TRUE,TRUE,TRUE,FALSE,FALSE,FALSE,FALSE,TRUE,FALSE,TRUE
"70",17068,"8fc0406e-4a70-4469-a752-d26de9033b19","rafi","niger","north_central",649,"1347285055501.jpg","niger_rafi","8fc0406e-4a70-4469-a752-d26de9033b19","1347285055501.jpg","10.40572803 6.39388307 432.20001220703125 5.0","Halimat Clinic","comprehensivehealthcentre",TRUE,TRUE,NA,TRUE,TRUE,5,NA,TRUE,5,2,1,1,1,NA,TRUE,NA,NA,NA,NA,NA,NA,NA,NA,NA,TRUE,FALSE,NA,TRUE,NA,NA,TRUE,TRUE,TRUE,FALSE,FALSE,NA,TRUE,TRUE,NA,NA,FALSE,NA,NA,NA,NA,NA,NA,NA,NA,NA,NA,NA,NA,TRUE,NA,NA,NA,NA,NA,NA,NA,NA,NA,NA,NA,FALSE,NA,NA,NA,NA,TRUE
"71",17069,"1a3b9fcc-9f39-4cfa-8101-a566e56a01a2","rafi","niger","north_central",649,"1347282903311.jpg","niger_rafi","1a3b9fcc-9f39-4cfa-8101-a566e56a01a2","1347282903311.jpg","10.51421203 6.43066061 415.8999938964844 5.0","Zara basic health centre      ","primaryhealthclinic",FALSE,TRUE,TRUE,TRUE,FALSE,4,TRUE,FALSE,3,0,0,0,0,TRUE,TRUE,FALSE,TRUE,TRUE,TRUE,TRUE,FALSE,TRUE,FALSE,FALSE,NA,NA,FALSE,FALSE,FALSE,FALSE,NA,FALSE,FALSE,FALSE,NA,TRUE,TRUE,TRUE,FALSE,FALSE,FALSE,TRUE,TRUE,TRUE,TRUE,TRUE,TRUE,FALSE,TRUE,TRUE,NA,NA,TRUE,TRUE,TRUE,TRUE,TRUE,TRUE,FALSE,FALSE,TRUE,FALSE,TRUE,TRUE,FALSE,FALSE,TRUE,FALSE,TRUE,FALSE,TRUE
"72",17070,"98d4ab8c-2a06-46c7-a73f-4964f461e3ae","rafi","niger","north_central",649,"1347201293784.jpg","niger_rafi","98d4ab8c-2a06-46c7-a73f-4964f461e3ae","1347201293784.jpg","10.31650178 6.16359983 294.1000061035156 5.0","Model pri. Health care centre","primaryhealthcarecentre",FALSE,NA,NA,FALSE,FALSE,0,FALSE,FALSE,0,0,0,0,0,FALSE,NA,FALSE,FALSE,FALSE,FALSE,FALSE,FALSE,FALSE,FALSE,FALSE,NA,NA,FALSE,FALSE,FALSE,FALSE,NA,FALSE,FALSE,FALSE,NA,FALSE,NA,NA,FALSE,FALSE,NA,FALSE,FALSE,FALSE,FALSE,FALSE,FALSE,FALSE,FALSE,FALSE,NA,NA,FALSE,FALSE,FALSE,NA,FALSE,FALSE,FALSE,FALSE,FALSE,FALSE,TRUE,TRUE,FALSE,FALSE,FALSE,FALSE,FALSE,FALSE,TRUE
"73",17071,"422d46ed-7ca7-41ac-a75f-be6db374c4b3","rafi","niger","north_central",649,"1347090255745.jpg","niger_rafi","422d46ed-7ca7-41ac-a75f-be6db374c4b3","1347090255745.jpg","10.1250435 6.08252403 258.79998779296875 5.0","Sauki clinic","healthpostdispensary",FALSE,FALSE,NA,TRUE,TRUE,3,NA,FALSE,0,1,0,0,0,NA,FALSE,NA,NA,NA,NA,NA,NA,NA,NA,NA,NA,NA,NA,FALSE,NA,NA,NA,FALSE,FALSE,FALSE,NA,NA,NA,NA,NA,NA,NA,NA,NA,NA,NA,NA,NA,NA,NA,NA,NA,NA,NA,TRUE,NA,NA,NA,NA,NA,NA,NA,NA,NA,NA,NA,FALSE,NA,NA,NA,NA,TRUE
"74",17072,"747df395-81d9-4302-94fd-d8c1fb9c3685","rafi","niger","north_central",649,"1347358288217.jpg","niger_rafi","747df395-81d9-4302-94fd-d8c1fb9c3685","1347358288217.jpg","10.23166768 6.26813947 336.1000061035156 5.0","Xxx","primaryhealthclinic",FALSE,NA,NA,FALSE,FALSE,0,FALSE,FALSE,0,0,0,0,0,FALSE,NA,FALSE,FALSE,FALSE,FALSE,FALSE,FALSE,FALSE,FALSE,FALSE,NA,NA,FALSE,FALSE,FALSE,FALSE,NA,FALSE,FALSE,FALSE,NA,FALSE,NA,NA,FALSE,FALSE,NA,FALSE,FALSE,FALSE,FALSE,FALSE,FALSE,FALSE,FALSE,FALSE,NA,NA,FALSE,FALSE,FALSE,NA,FALSE,FALSE,FALSE,FALSE,FALSE,FALSE,NA,NA,FALSE,FALSE,FALSE,FALSE,FALSE,FALSE,FALSE
"75",17073,"2f820ae3-ec50-4a2a-8325-277c54089856","rafi","niger","north_central",649,"1347522478900.jpg","niger_rafi","2f820ae3-ec50-4a2a-8325-277c54089856","1347522478900.jpg","10.159762501716614 6.222977042198181 329.0 4.0","xxx","healthpostdispensary",FALSE,FALSE,TRUE,TRUE,FALSE,2,TRUE,FALSE,2,0,0,0,0,TRUE,NA,FALSE,TRUE,TRUE,TRUE,TRUE,FALSE,FALSE,TRUE,FALSE,TRUE,NA,FALSE,FALSE,FALSE,FALSE,NA,FALSE,FALSE,FALSE,NA,FALSE,NA,NA,FALSE,FALSE,NA,FALSE,TRUE,FALSE,FALSE,FALSE,FALSE,FALSE,FALSE,FALSE,NA,NA,FALSE,TRUE,FALSE,NA,FALSE,TRUE,FALSE,FALSE,TRUE,FALSE,NA,NA,FALSE,FALSE,FALSE,FALSE,FALSE,FALSE,FALSE
"76",17074,"0a0becad-e7ad-42b3-8475-29ae7909accd","rafi","niger","north_central",649,"1347021131735.jpg","niger_rafi","0a0becad-e7ad-42b3-8475-29ae7909accd","1347021131735.jpg","9.825816750526428 5.919753313064575 138.0 4.0","Xxx","primaryhealthcarecentre",FALSE,FALSE,TRUE,TRUE,FALSE,1,TRUE,FALSE,1,0,0,0,0,TRUE,NA,FALSE,TRUE,TRUE,TRUE,TRUE,FALSE,FALSE,FALSE,FALSE,TRUE,NA,FALSE,FALSE,FALSE,FALSE,NA,FALSE,FALSE,FALSE,NA,FALSE,TRUE,TRUE,FALSE,FALSE,FALSE,TRUE,TRUE,TRUE,TRUE,TRUE,TRUE,TRUE,TRUE,TRUE,NA,NA,FALSE,FALSE,FALSE,TRUE,FALSE,TRUE,TRUE,TRUE,TRUE,FALSE,FALSE,NA,FALSE,FALSE,FALSE,FALSE,TRUE,TRUE,TRUE
"77",17075,"927c9356-2297-4cf3-90bc-887053a26ba0","rafi","niger","north_central",649,"1347200750751.jpg","niger_rafi","927c9356-2297-4cf3-90bc-887053a26ba0","1347200750751.jpg","10.342158079147339 6.35084331035614 412.0 4.0","Lafia Arziki PHC","primaryhealthcarecentre",TRUE,TRUE,NA,TRUE,TRUE,0,NA,FALSE,0,0,1,0,0,NA,TRUE,NA,NA,NA,NA,NA,NA,NA,NA,NA,NA,NA,NA,FALSE,NA,NA,NA,FALSE,FALSE,FALSE,NA,NA,TRUE,TRUE,NA,NA,FALSE,NA,NA,NA,NA,NA,NA,NA,NA,NA,NA,NA,NA,TRUE,NA,NA,NA,NA,NA,NA,NA,NA,NA,NA,NA,FALSE,NA,NA,NA,NA,TRUE
"78",17076,"3e41df95-96b6-4b13-90e8-b243160b6e1f","rafi","niger","north_central",649,"1347193591427.jpg","niger_rafi","3e41df95-96b6-4b13-90e8-b243160b6e1f","1347193591427.jpg","10.27668332 6.2922169 362.8999938964844 5.0","Basic health centre maikujeri","primaryhealthclinic",FALSE,TRUE,NA,TRUE,FALSE,4,TRUE,FALSE,4,0,0,0,0,TRUE,TRUE,TRUE,TRUE,TRUE,FALSE,FALSE,FALSE,FALSE,FALSE,FALSE,NA,NA,FALSE,FALSE,FALSE,FALSE,NA,FALSE,FALSE,FALSE,NA,FALSE,TRUE,TRUE,FALSE,FALSE,FALSE,FALSE,TRUE,TRUE,TRUE,TRUE,TRUE,TRUE,TRUE,FALSE,FALSE,TRUE,FALSE,TRUE,TRUE,NA,TRUE,TRUE,FALSE,TRUE,TRUE,FALSE,TRUE,FALSE,FALSE,FALSE,FALSE,FALSE,FALSE,TRUE,TRUE
"79",17077,"6cf843c5-c60d-4075-b756-24ada7b8c381","rafi","niger","north_central",649,"1347187279138.jpg","niger_rafi","6cf843c5-c60d-4075-b756-24ada7b8c381","1347187279138.jpg","10.31484833 6.16593404 298.1000061035156 5.0","Kowu Health post","healthpostdispensary",TRUE,TRUE,TRUE,TRUE,FALSE,2,TRUE,FALSE,2,0,0,0,0,TRUE,TRUE,FALSE,TRUE,TRUE,TRUE,TRUE,FALSE,FALSE,TRUE,FALSE,NA,NA,TRUE,FALSE,FALSE,FALSE,NA,FALSE,FALSE,FALSE,NA,FALSE,FALSE,TRUE,FALSE,FALSE,FALSE,FALSE,TRUE,TRUE,TRUE,TRUE,TRUE,TRUE,TRUE,FALSE,NA,NA,TRUE,FALSE,TRUE,NA,FALSE,TRUE,FALSE,FALSE,TRUE,FALSE,TRUE,TRUE,FALSE,FALSE,FALSE,FALSE,FALSE,FALSE,TRUE
