"lga_id","pop_2006","lga","state","zone","area_sq_km","surveying_effort","pop_density_2006","unique_lga"
1,100180,"Abadam","Borno","Northeast",3967.05423,"Others",25.2529948399521,"borno_abadam"
2,58444,"Abaji","FCT","North-Central",992.3612415,"113",58.8938760966311,"fct_abaji"
3,139090,"Abak","Akwa Ibom","South-South",189.9845631,"Others",732.112113376226,"akwa_ibom_abak"
4,151723,"Abakaliki","Ebonyi","Southeast",584.0551672,"Others",259.775118037856,"ebonyi_abakaliki"
5,107488,"Aba North","Abia","Southeast",22.77506109,"Others",4719.5482626914,"abia_aba_north"
6,423852,"Aba South","Abia","Southeast",49.16654183,"Others",8620.74053256635,"abia_aba_south"
7,201329,"Abeokuta North","Ogun","Southwest",808.8314933,"Others",248.913403678912,"ogun_abeokuta_north"
8,250278,"Abeokuta South","Ogun","Southwest",71.47153479,"Others",3501.7857212018,"ogun_abeokuta_south"
9,144802,"Abi","Cross River","South-South",281.7728248,"Others",513.896257038908,"cross_river_abi"
10,195652,"Aboh Mbaise","Imo","Southeast",184.4838696,"Others",1060.5371647083,"imo_aboh_mbaise"
11,282988,"Abua Odual","Rivers","South-South",704.3381151,"Others",401.778625823511,"rivers_abua_odual"
12,202194,"Adavi","Kogi","North-Central",718.5035981,"Others",281.409864243796,"kogi_adavi"
13,308621,"Ado-Ekiti","Ekiti","Southwest",293.6513001,"Others",1050.97780903712,"ekiti_ado_ekiti"
14,526565,"Ado-Odo/Ota","Ogun","Southwest",878.9164562,"148",599.106998492902,"ogun_ado_odo_ota"
15,134173,"Afijio","Oyo","Southwest",722.6936659,"Others",185.656809144589,"oyo_afijio"
16,156611,"Afikpo North","Ebonyi","Southeast",240.1574665,"Others",652.117971939049,"ebonyi_afikpo_north"
17,157072,"Afikpo South","Ebonyi","Southeast",377.6751961,"113",415.891754666385,"ebonyi_afikpo_south"
18,132907,"Agaie","Niger","North-Central",1904.354705,"Others",69.7910949315506,"niger_agaie"
19,115523,"Agatu","Benue","North-Central",1014.608427,"Others",113.859689044353,"benue_agatu"
20,57413,"Agwara","Niger","North-Central",1539.668996,"148",37.2891836811397,"niger_agwara"
21,459939,"Agege","Lagos","Southwest",11.21455704,"Others",41012.6765024684,"lagos_agege"
22,370172,"Aguata","Anambra","Southeast",195.1025738,"Others",1897.31992146584,"anambra_aguata"
23,170902,"Ahiazu-Mbaise","Imo","Southeast",113.7162833,"Others",1502.8806345098,"imo_ahiazu_mbaise"
24,166747,"Ahoada East","Rivers","South-South",341.173834,"Others",488.744983884081,"rivers_ahoada_east"
25,249425,"Ahoada West","Rivers","South-South",403.4593903,"Others",618.215874996825,"rivers_ahoada_west"
26,122321,"Ajaokuta","Kogi","North-Central",1362.399481,"113",89.7835045490597,"kogi_ajaokuta"
27,684105,"Ajeromi-Ifelodun","Lagos","Southwest",12.34939094,"148",55395.8493438058,"lagos_ajeromi_ifelodun"
28,174137,"Ajingi","Kano","Northwest",713.7992546,"Others",243.957945988026,"kano_ajingi"
29,151125,"Akamkpa","Cross River","South-South",5001.719905,"Others",30.2146067493557,"cross_river_akamkpa"
30,211359,"Akinyele","Oyo","Southwest",518.8703114,"Others",407.344562516436,"oyo_akinyele"
31,337853,"Akko","Gombe","Northeast",2624.324378,"113",128.739039591393,"gombe_akko"
32,262110,"Akoko-Edo","Edo","South-South",1371.71971,"148",191.081310627227,"edo_akoko_edo"
33,175409,"Akoko North East","Ondo","Southwest",372.5399552,"113",470.846140263883,"ondo_akoko_north_east"
34,213792,"Akoko North West","Ondo","Southwest",512.7781109,"Pilot",416.928873240638,"ondo_akoko_north_west"
35,229486,"Akoko South West","Ondo","Southwest",530.374779,"Others",432.686487152889,"ondo_akoko_south_west"
36,82426,"Akoko South East","Ondo","Southwest",225.6997583,"Others",365.201986129021,"ondo_akoko_south_east"
37,271395,"Akpabuyo","Cross River","South-South",807.2272151,"Others",336.206454543755,"cross_river_akpabuyo"
38,156006,"Akuku Toru","Rivers","South-South",1443.84585,"113",108.0489305697,"rivers_akuku_toru"
39,131587,"Akure North","Ondo","Southwest",660.5878138,"148",199.196832353071,"ondo_akure_north"
40,353211,"Akure South","Ondo","Southwest",331.7273761,"Others",1064.76289099976,"ondo_akure_south"
41,113430,"Akwanga","Nasarawa","North-Central",995.9315374,"113",113.893370919976,"nasarawa_akwanga"
42,190153,"Albasu","Kano","Northwest",398.1321219,"Others",477.612806252697,"kano_albasu"
43,65972,"Aliero","Kebbi","Northwest",350.836564,"Others",188.041973869063,"kebbi_aliero"
44,1277714,"Alimosho","Lagos","Southwest",185.4670447,"Others",6889.1699981889,"lagos_alimosho"
45,329424,"Alkaleri","Bauchi","Northeast",5913.769484,"148",55.7045723360157,"bauchi_alkaleri"
46,318166,"Amuwo-Odofin","Lagos","Southwest",134.7728785,"Others",2360.75687884043,"lagos_amuwo_odofin"
47,153331,"Anambra East","Anambra","Southeast",250.7540066,"148",611.479760898066,"anambra_anambra_east"
48,167416,"Anambra West","Anambra","Southeast",953.9856429,"113",175.49111063252,"anambra_anambra_west"
49,285002,"Anaocha","Anambra","Southeast",104.3814037,"Others",2730.39056668674,"anambra_anaocha"
50,211009,"Andoni","Rivers","South-South",232.8566638,"148",906.175483907281,"rivers_andoni"
51,133723,"Aninri","Enugu","Southeast",363.620773,"113",367.754017177671,"enugu_aninri"
52,104711,"Aniocha North","Delta","South-South",406.4548554,"Others",257.620246403384,"delta_aniocha_north"
53,140604,"Aniocha South","Delta","South-South",868.3593697,"Others",161.919137290562,"delta_aniocha_south"
54,142280,"Anka","Zamfara","Northwest",2747.685621,"148",51.7817609527753,"zamfara_anka"
55,267353,"Ankpa","Kogi","North-Central",1199.642852,"Others",222.860495150102,"kogi_ankpa"
56,96765,"Apa","Benue","North-Central",995.3105558,"Others",97.2209120420945,"benue_apa"
57,217362,"Apapa","Lagos","Southwest",26.69798227,"148",8141.51413398178,"lagos_apapa"
58,178882,"Ado","Benue","North-Central",1220.34734,"113",146.582857303561,"benue_ado"
59,86921,"Ardo-Kola","Taraba","Northeast",2259.677362,"Others",38.4661108978265,"taraba_ardo_kola"
60,184030,"Arewa-Dandi","Kebbi","Northwest",3905.053023,"148",47.1261206739318,"kebbi_arewa_dandi"
61,195484,"Argungu","Kebbi","Northwest",1296.852371,"Others",150.737280797245,"kebbi_argungu"
62,170206,"Arochukwu","Abia","Southeast",524.2567225,"148",324.661549762006,"abia_arochukwu"
63,126435,"Asa","Kwara","North-Central",1287.347609,"113",98.2135664960092,"kwara_asa"
64,220100,"Asari Toru","Rivers","South-South",112.6520335,"148",1953.80405627565,"rivers_asari_toru"
65,138091,"Askira/Uba","Borno","Northeast",2358.381062,"Others",58.553302612977,"borno_askira_uba"
66,76197,"Atakunmosa East","Osun","Southwest",238.2650173,"113",319.799359819827,"osun_atakunmosa_east"
67,68643,"Atakunmosa West","Osun","Southwest",577.5501469,"Others",118.852017211737,"osun_atakunmosa_west"
68,169702,"Atiba","Oyo","Southwest",1758.790555,"Others",96.4878959109489,"oyo_atiba"
69,110792,"Atisbo","Oyo","Southwest",3001.526959,"Others",36.9118790247054,"oyo_atisbo"
70,117287,"Augie","Kebbi","Northwest",1186.471422,"113",98.8536241372698,"kebbi_augie"
71,132001,"Auyo","Jigawa","Northwest",512.172425,"Others",257.727658805528,"jigawa_auyo"
72,112574,"Awe","Nasarawa","North-Central",2556.076115,"148",44.0417244773636,"nasarawa_awe"
73,198134,"Awgu","Enugu","Southeast",446.2643807,"Others",443.983451444661,"enugu_awgu"
74,112608,"Awka North","Anambra","Southeast",351.8354191,"113",320.0587373723,"anambra_awka_north"
75,189049,"Awka South","Anambra","Southeast",170.2695131,"Others",1110.29271510849,"anambra_awka_south"
76,158410,"Ayamelum","Anambra","Southeast",588.7147858,"148",269.077665146014,"anambra_ayamelum"
77,150392,"Ayedaade","Osun","Southwest",1114.304827,"148",134.964864510993,"osun_ayedaade"
78,75846,"Ayedire","Osun","Southwest",262.7702763,"Others",288.639952234963,"osun_ayedire"
79,208101,"Babura","Jigawa","Northwest",992.2082479,"Others",209.735204721835,"jigawa_babura"
80,241093,"Badagry","Lagos","Southwest",442.0402377,"148",545.409624369135,"lagos_badagry"
81,237817,"Bagudo","Kebbi","Northwest",4787.4212,"Others",49.6753868241215,"kebbi_bagudo"
82,162847,"Bagwai","Kano","Northwest",404.9529866,"148",402.138039201215,"kano_bagwai"
83,32385,"Bakassi","Cross River","South-South",459.2999514,"Others",70.5094783948632,"cross_river_bakassi"
84,178454,"Bokkos","Plateau","North-Central",1681.848926,"Others",106.10584413454,"plateau_bokkos"
85,149371,"Bakori","Katsina","Northwest",678.9700465,"Others",219.996450167408,"katsina_bakori"
86,186905,"Bakura","Zamfara","Northwest",1367.151368,"148",136.71127014518,"zamfara_bakura"
87,212549,"Balanga","Gombe","Northeast",1624.482141,"113",130.841081373267,"gombe_balanga"
88,208935,"Bali","Taraba","Northeast",9137.655586,"113",22.8652741431964,"taraba_bali"
89,269986,"Bama","Borno","Northeast",4987.631862,"Others",54.1311001834321,"borno_bama"
90,139782,"Barde","Yobe","Northeast",770.8328737,"Others",181.338918939777,"yobe_barde"
91,175267,"Barkin-Ladi","Plateau","North-Central",1031.680894,"148",169.884894660073,"plateau_barkin_ladi"
92,209459,"Baruten","Kwara","North-Central",9762.197441,"Others",21.4561323171255,"kwara_baruten"
93,139993,"Bassa","Kogi","North-Central",1925.799483,"148",72.6934456239025,"kogi_bassa"
94,186859,"Bassa","Plateau","North-Central",1718.597314,"148",108.727622508085,"plateau_bassa"
95,184575,"Batagarawa","Katsina","Northwest",432.5809934,"Others",426.683101699123,"katsina_batagarawa"
96,208978,"Batsari","Katsina","Northwest",1107.146394,"Others",188.753719591666,"katsina_batsari"
97,493810,"Bauchi","Bauchi","Northeast",3685.260294,"Others",133.995962457245,"bauchi_bauchi"
98,197425,"Baure","Katsina","Northwest",706.4039737,"Others",279.478892178265,"katsina_baure"
99,78978,"Bayo","Borno","Northeast",955.1491099,"Others",82.6865660883762,"borno_bayo"
100,188859,"Bebeji","Kano","Northwest",716.7853126,"Others",263.480566189269,"kano_bebeji"
101,105822,"Bekwara","Cross River","South-South",305.5696255,"Others",346.310598858917,"cross_river_bekwara"
102,192111,"Bende","Abia","Southeast",601.5304693,"Others",319.370355791884,"abia_bende"
103,169183,"Biase","Cross River","South-South",1310.419734,"Others",129.105961708602,"cross_river_biase"
104,277099,"Bichi","Kano","Northwest",611.7439466,"Others",452.9656591456,"kano_bichi"
105,188181,"Bida","Niger","North-Central",51.05643395,"Others",3685.7450754255,"niger_bida"
106,202144,"Billiri","Gombe","Northeast",735.9631105,"Others",274.665940610348,"gombe_billiri"
107,152356,"Bindawa","Katsina","Northwest",398.1057134,"Others",382.702369927856,"katsina_bindawa"
108,105027,"Binji","Sokoto","Northwest",559.2668578,"113",187.794070997067,"sokoto_binji"
109,142329,"Biriniwa","Jigawa","Northwest",1566.520263,"148",90.8567883618879,"jigawa_biriniwa"
110,252363,"Birnin Gwari","Kaduna","Northwest",6187.88964,"113",40.7833711785461,"kaduna_birnin_gwari"
111,268420,"Birnin-Kebbi","Kebbi","Northwest",1328.451749,"Others",202.054760515054,"kebbi_birnin_kebbi"
112,313373,"Birnin-Kudu","Jigawa","Northwest",1417.312968,"Others",221.103600316455,"jigawa_birnin_kudu"
113,178619,"Birnin-Magaji","Zamfara","Northwest",1188.003269,"148",150.352279880806,"zamfara_birnin_magaji"
114,176072,"Biu","Borno","Northeast",3311.145421,"Others",53.175556374937,"borno_biu"
115,175406,"Bodinga","Sokoto","Northwest",564.6039522,"Others",310.670868166126,"sokoto_bodinga"
116,84215,"Bogoro","Bauchi","Northeast",893.7797415,"Others",94.223437934121,"bauchi_bogoro"
117,186141,"Boki","Cross River","South-South",2770.246399,"113",67.192939973568,"cross_river_boki"
118,70775,"Boluwaduro","Osun","Southwest",143.7813218,"Others",492.240571403622,"osun_boluwaduro"
119,86644,"Bomadi","Delta","South-South",128.9961006,"148",671.679218185608,"delta_bomadi"
120,215358,"Bonny","Rivers","South-South",641.7583111,"Others",335.574929494668,"rivers_bonny"
121,171965,"Borgu","Niger","North-Central",11279.79145,"Others",15.2454059777852,"niger_borgu"
122,139358,"Boripe","Osun","Southwest",132.0668869,"Others",1055.20773050038,"osun_boripe"
123,109124,"Bosari","Yobe","Northeast",3814.334712,"Others",28.6089208838157,"yobe_bosari"
124,147359,"Bosso","Niger","North-Central",1592.903744,"Others",92.5096701888347,"niger_bosso"
125,185049,"Brass","Bayelsa","South-South",1404.369323,"113",131.766620766609,"bayelsa_brass"
126,97371,"Buji","Jigawa","Northwest",548.2123905,"Others",177.615467449016,"jigawa_buji"
127,211633,"Bukkuyum","Zamfara","Northwest",3215.815702,"113",65.8100524443549,"zamfara_bukkuyum"
128,203721,"Buruku","Benue","North-Central",1245.273739,"Others",163.595355478704,"benue_buruku"
129,257917,"Bungudu","Zamfara","Northwest",2293.483548,"Others",112.456442177191,"zamfara_bungudu"
130,170891,"Bunkure","Kano","Northwest",487.1624405,"148",350.788537442677,"kano_bunkure"
131,121461,"Bunza","Kebbi","Northwest",877.4128801,"113",138.430837698846,"kebbi_bunza"
132,209666,"Burutu","Delta","South-South",1938.904411,"148",108.136326272972,"delta_burutu"
133,227216,"Bwari","FCT","North-Central",914.4087127,"113",248.484071558213,"fct_bwari"
134,179392,"Calabar-Municipal","Cross River","South-South",184.0515169,"Others",974.683626744942,"cross_river_calabar_municipal"
135,191630,"Calabar South","Cross River","South-South",141.5588795,"Others",1353.71232576053,"cross_river_calabar_south"
136,201429,"Chanchaga","Niger","North-Central",72.39311831,"Others",2782.43298123236,"niger_chanchaga"
137,137613,"Charanchi","Katsina","Northwest",470.7862384,"Others",292.304635895236,"katsina_charanchi"
138,66105,"Chibok","Borno","Northeast",1347.776295,"148",49.0474570930185,"borno_chibok"
139,368250,"Chikun","Kaduna","Northwest",4646.43162,"Others",79.254367677534,"kaduna_chikun"
140,418777,"Dala","Kano","Northwest",19.05526127,"Others",21976.9749711755,"kano_dala"
141,88014,"Damaturu","Yobe","Northeast",2363.534904,"Others",37.2382907699171,"yobe_damaturu"
142,150922,"Damban","Bauchi","Northeast",1076.43495,"Others",140.205406745665,"bauchi_damban"
143,207968,"Dambatta","Kano","Northwest",731.5852426,"Others",284.270359610996,"kano_dambatta"
144,231573,"Damboa","Borno","Northeast",6209.867213,"148",37.2911355520155,"borno_damboa"
145,144273,"Dandi","Kebbi","Northwest",2005.22066,"Others",71.948690175574,"kebbi_dandi"
146,145739,"Dandume","Katsina","Northwest",422.5749158,"Others",344.883225555623,"katsina_dandume"
147,194546,"Dange/shuni","Sokoto","Northwest",1210.918596,"Others",160.659850003658,"sokoto_dange_shuni"
148,125703,"Danja","Katsina","Northwest",501.0820692,"Others",250.863097537476,"katsina_danja"
149,113691,"Dan-Musa","Katsina","Northwest",791.6839094,"Others",143.606556417401,"katsina_dan_musa"
150,251597,"Darazo","Bauchi","Northeast",3012.367435,"Others",83.5213517038966,"bauchi_darazo"
151,89943,"Dass","Bauchi","Northeast",534.8070758,"Others",168.178403147448,"bauchi_dass"
152,219721,"Daura","Katsina","Northwest",316.0199395,"Others",695.275748573453,"katsina_daura"
153,225389,"Dawakin-Kudu","Kano","Northwest",384.1754789,"Others",586.682420870147,"kano_dawakin_kudu"
154,247875,"Dawakin-Tofa","Kano","Northwest",479.0294949,"Others",517.452479730387,"kano_dawakin_tofa"
155,249773,"Degema","Rivers","South-South",1010.90431,"148",247.078776427415,"rivers_degema"
156,260312,"Dekina","Kogi","North-Central",2462.087526,"Others",105.728166546099,"kogi_dekina"
157,180251,"Demsa","Adamawa","Northeast",1823.065418,"Others",98.8724805047012,"adamawa_demsa"
158,105909,"Dikwa","Borno","Northeast",1770.811943,"148",59.808157731631,"borno_dikwa"
159,151181,"Doguwa","Kano","Northwest",1472.915186,"Others",102.640668951593,"kano_doguwa"
160,139607,"Doma","Nasarawa","North-Central",2714.059155,"Others",51.4384514216677,"nasarawa_doma"
161,134111,"Donga","Taraba","Northeast",3118.949104,"Others",42.9987779627455,"taraba_donga"
162,207190,"Dukku","Gombe","Northeast",3812.178384,"113",54.3495028641871,"gombe_dukku"
163,96382,"Dunukofia","Anambra","Southeast",65.57204442,"148",1469.8641906398,"anambra_dunukofia"
164,246143,"Dutse","Jigawa","Northwest",1098.712016,"Others",224.028677592983,"jigawa_dutse"
165,120023,"Dutsi","Katsina","Northwest",282.9339234,"Others",424.208587495238,"katsina_dutsi"
166,169671,"Dutsin-Ma","Katsina","Northwest",526.7439147,"Others",322.112881164719,"katsina_dutsin_ma"
167,60543,"Eastern-Obolo","Akwa Ibom","South-South",120.4946734,"Others",502.453745810145,"akwa_ibom_eastern_obolo"
168,126837,"Ebonyi","Ebonyi","Southeast",443.482387,"Others",286.00233902863,"ebonyi_ebonyi"
169,160321,"Edati","Niger","North-Central",1752.921383,"148",91.4593213105895,"niger_edati"
170,83831,"Ede North","Osun","Southwest",110.9533927,"Others",755.551479409606,"osun_ede_north"
171,76035,"Ede South","Osun","Southwest",218.8913946,"113",347.364043885533,"osun_ede_south"
172,201469,"Edu","Kwara","North-Central",2543.735125,"Others",79.2020356286113,"kwara_edu"
173,167254,"Ife-Central","Osun","Southwest",111.0257948,"Others",1506.4427172198,"osun_ife_central"
174,188087,"Ife-East","Osun","Southwest",172.0418304,"Others",1093.26318816008,"osun_ife_east"
175,153694,"Ife-North","Osun","Southwest",890.436192,"Others",172.605293204434,"osun_ife_north"
176,135338,"Ife-South","Osun","Southwest",730.6872159,"148",185.220155840967,"osun_ife_south"
177,86941,"Efon","Ekiti","Southwest",232.2607155,"148",374.325033025225,"ekiti_efon"
178,181826,"Egbado North","Ogun","Southwest",2089.817587,"113",87.0056798885577,"ogun_egbado_north"
179,168850,"Egbado South","Ogun","Southwest",629.4931107,"Others",268.231688528311,"ogun_egbado_south"
180,281573,"Egbeda","Oyo","Southwest",190.8867095,"Others",1475.07912278199,"oyo_egbeda"
181,74435,"Egbedore","Osun","Southwest",270.7712688,"Others",274.899919514651,"osun_egbedore"
182,339899,"Egor","Edo","South-South",92.94754751,"Others",3656.89046247757,"edo_egor"
183,130931,"Ehime-Mbano","Imo","Southeast",168.6249151,"Others",776.462955799585,"imo_ehime_mbano"
184,132641,"Ejigbo","Osun","Southwest",373.5586672,"Others",355.074079780313,"osun_ejigbo"
185,270257,"Ekeremor","Bayelsa","South-South",1811.346174,"148",149.202291576983,"bayelsa_ekeremor"
186,172557,"Eket","Akwa Ibom","South-South",167.4831066,"Others",1030.29495632726,"akwa_ibom_eket"
187,54850,"Ekiti","Kwara","North-Central",480.0864902,"148",114.25024681938,"kwara_ekiti"
188,137955,"Ekiti East","Ekiti","Southwest",320.8415783,"113",429.978560543691,"ekiti_ekiti_east"
189,165277,"Ekiti South-West","Ekiti","Southwest",345.9703741,"148",477.720095051341,"ekiti_ekiti_south_west"
190,179892,"Ekiti West","Ekiti","Southwest",366.1935618,"148",491.248396382921,"ekiti_ekiti_west"
191,158231,"Ekwusigo","Anambra","Southeast",116.4667022,"Others",1358.59431932984,"anambra_ekwusigo"
192,190884,"Eleme","Rivers","South-South",138.0841968,"Others",1382.37397489066,"rivers_eleme"
193,201901,"Emuoha","Rivers","South-South",831.4709125,"Others",242.823888322131,"rivers_emuoha"
194,93884,"Emure","Ekiti","Southwest",301.0868812,"Others",311.816973312884,"ekiti_emure"
195,279089,"Enugu East","Enugu","Southeast",383.3100179,"Others",728.10254615576,"enugu_enugu_east"
196,244852,"Enugu North","Enugu","Southeast",106.3694216,"Others",2301.90214741188,"enugu_enugu_north"
197,198723,"Enugu South","Enugu","Southeast",67.43521514,"Others",2946.87278134188,"enugu_enugu_south"
198,181409,"Epe","Lagos","Southwest",1186.915542,"148",152.84069807892,"lagos_epe"
199,105310,"Esan Central","Edo","South-South",338.5274937,"Others",311.082561859288,"edo_esan_central"
200,119346,"Esan North-East","Edo","South-South",252.6356913,"Others",472.403560185322,"edo_esan_north_east"
201,167721,"Esan South-East","Edo","South-South",1306.968189,"113",128.328295525179,"edo_esan_south_east"
202,125842,"Esan West","Edo","South-South",502.4137594,"148",250.47482805862,"edo_esan_west"
203,154978,"Ese-Odo","Ondo","Southwest",762.6990089,"148",203.196802659435,"ondo_ese_odo"
204,63701,"Esit-Eket","Akwa Ibom","South-South",167.9649663,"148",379.251705895767,"akwa_ibom_esit_eket"
205,192668,"Essien Udim","Akwa Ibom","South-South",295.0497968,"148",653.001635959778,"akwa_ibom_essien_udim"
206,249454,"Etche","Rivers","South-South",805.4289378,"Others",309.715715804022,"rivers_etche"
207,200792,"Ethiope East","Delta","South-South",380.549059,"Others",527.637620567602,"delta_ethiope_east"
208,203592,"Ethiope West","Delta","South-South",536.8423915,"113",379.239797794545,"delta_ethiope_west"
209,105418,"Etim-Eko","Akwa Ibom","South-South",205.899836,"Others",511.986808964724,"akwa_ibom_etim_eko"
210,169284,"Etinan","Akwa Ibom","South-South",174.8787999,"Others",968.007557787455,"akwa_ibom_etinan"
211,287785,"Eti-osa","Lagos","Southwest",192.6066506,"113",1494.15920532082,"lagos_eti_osa"
212,94575,"Etsako-Central","Edo","South-South",660.3800436,"Others",143.212989121284,"edo_etsako_central"
213,145996,"Etsako East","Edo","South-South",1133.424248,"148",128.809667040051,"edo_etsako_east"
214,197609,"Etsako West","Edo","South-South",946.1014423,"113",208.866608975468,"edo_etsako_west"
215,80196,"Etung","Cross River","South-South",814.7361625,"Others",98.4318650517737,"cross_river_etung"
216,55156,"Ewekoro","Ogun","Southwest",594.9150083,"148",92.7124029995664,"ogun_ewekoro"
217,169718,"Ezeagu","Enugu","Southeast",633.0142086,"148",268.110885497113,"enugu_ezeagu"
218,165593,"Ezinihitte","Imo","Southeast",109.3306859,"Others",1514.60679713892,"imo_ezinihitte"
219,145619,"Ezza North","Ebonyi","Southeast",304.5507269,"Others",478.14366257551,"ebonyi_ezza_north"
220,133205,"Ezza South","Ebonyi","Southeast",324.3020835,"148",410.743583767324,"ebonyi_ezza_south"
221,198828,"Fagge","Kano","Northwest",20.70920062,"Others",9600.95001484417,"kano_fagge"
222,121212,"Fakai","Kebbi","Northwest",2248.811864,"Others",53.9004627022903,"kebbi_fakai"
223,196035,"Faskari","Katsina","Northwest",1750.333968,"Others",111.998626310153,"katsina_faskari"
224,136895,"Fika","Yobe","Northeast",2205.986089,"Others",62.0561483513507,"yobe_fika"
225,207287,"Fufore","Adamawa","Northeast",4964.877912,"148",41.7506741704548,"adamawa_fufore"
226,236087,"Funakaye","Gombe","Northeast",1413.218118,"Others",167.056307156685,"gombe_funakaye"
227,300760,"Fune","Yobe","Northeast",4943.196491,"113",60.8432216982653,"yobe_fune"
228,225571,"Funtua","Katsina","Northwest",448.4904082,"Others",502.95612988764,"katsina_funtua"
229,211055,"Gabasawa","Kano","Northwest",605.1456046,"113",348.767302275139,"kano_gabasawa"
230,248267,"Gada","Sokoto","Northwest",1316.042672,"148",188.646618595358,"sokoto_gada"
231,80394,"Gagarawa","Jigawa","Northwest",653.3490177,"Others",123.049086815823,"jigawa_gagarawa"
232,286388,"Gamawa","Bauchi","Northeast",2923.211458,"Others",97.9703330103737,"bauchi_gamawa"
233,280468,"Ganjuwa","Bauchi","Northeast",5055.557976,"113",55.4771602524295,"bauchi_ganjuwa"
234,164087,"Ganaye","Adamawa","Northeast",1885.552311,"Others",87.0233082597304,"adamawa_ganaye"
235,152233,"Garki","Jigawa","Northwest",1407.3954,"Others",108.166475462404,"jigawa_garki"
236,162500,"Garko","Kano","Northwest",450.1472483,"Others",360.992987547271,"kano_garko"
237,116494,"Garun Mallam","Kano","Northwest",214.1754551,"113",543.918536069449,"kano_garun_mallam"
238,87781,"Gashaka","Taraba","Northeast",8384.202287,"Others",10.4698094100267,"taraba_gashaka"
239,244749,"Gassol","Taraba","Northeast",5543.366588,"148",44.1516894318013,"taraba_gassol"
240,201016,"Gaya","Kano","Northwest",613.0154313,"Others",327.913441874885,"kano_gaya"
241,177785,"Gayuk","Adamawa","Northeast",756.339085,"Others",235.059913636488,"adamawa_gayuk"
242,282069,"Gazewa","Kano","Northwest",339.8391668,"Others",830.007331574002,"kano_gazewa"
243,127446,"Gbako","Niger","North-Central",1754.151606,"Others",72.6539254441158,"niger_gbako"
244,358936,"Gboko","Benue","North-Central",1834.40356,"Others",195.66904896325,"benue_gboko"
245,148193,"Gbonyin","Ekiti","Southwest",391.578957,"Others",378.449856282752,"ekiti_gbonyin"
246,157295,"Geidam","Yobe","Northeast",4351.649976,"148",36.1460597399849,"yobe_geidam"
247,156969,"Giade","Bauchi","Northeast",667.3141468,"148",235.225044685056,"bauchi_giade"
248,286427,"Giwa","Kaduna","Northwest",2066.268322,"148",138.620428407265,"kaduna_giwa"
249,228828,"Gokana","Rivers","South-South",125.9365245,"Others",1817.01060044737,"rivers_gokana"
250,268000,"Gombe","Gombe","Northeast",51.77148733,"Others",5176.59456626625,"gombe_gombe"
251,146429,"Gombi","Adamawa","Northeast",1099.168839,"148",133.217932318039,"adamawa_gombi"
252,182296,"Goronyo","Sokoto","Northwest",1704.680298,"Others",106.938526956566,"sokoto_goronyo"
253,129995,"Grie","Adamawa","Northeast",1845.576493,"113",70.4359859876044,"adamawa_grie"
254,152778,"Gubio","Borno","Northeast",2460.111051,"148",62.102074594518,"borno_gubio"
255,95544,"Gudu","Sokoto","Northwest",3481.309124,"148",27.4448480720438,"sokoto_gudu"
256,130088,"Gujba","Yobe","Northeast",3234.784232,"Others",40.215356162896,"yobe_gujba"
257,103510,"Gulani","Yobe","Northeast",2087.210022,"Others",49.5925177193309,"yobe_gulani"
258,191599,"Guma","Benue","North-Central",2880.984852,"148",66.5046884460328,"benue_guma"
259,107161,"Gumel","Jigawa","Northwest",223.3721011,"Others",479.742096135926,"jigawa_gumel"
260,204539,"Gummi","Zamfara","Northwest",2612.036747,"Others",78.3063256039254,"zamfara_gummi"
261,90974,"Gurara","Niger","North-Central",954.7240145,"Others",95.2882703465296,"niger_gurara"
262,115018,"Guri","Jigawa","Northwest",1059.079802,"113",108.601825644108,"jigawa_guri"
263,383162,"Gusau","Zamfara","Northwest",3365.612881,"Others",113.846129530546,"zamfara_gusau"
264,95648,"Guzamala","Borno","Northeast",2512.672291,"113",38.0662453844842,"borno_guzamala"
265,231358,"Gwadabawa","Sokoto","Northwest",992.1064398,"Others",233.198768517862,"sokoto_gwadabawa"
266,157770,"Gwagwalada","FCT","North-Central",1043.552917,"Others",151.185433368876,"fct_gwagwalada"
267,362059,"Gwale","Kano","Northwest",18.28695902,"Others",19798.7538334846,"kano_gwale"
268,151019,"Gwandu","Kebbi","Northwest",1019.254443,"Others",148.166143436669,"kebbi_gwandu"
269,272582,"Gwaram","Jigawa","Northwest",1911.112434,"Others",142.630017549245,"jigawa_gwaram"
270,183987,"Gwarzo","Kano","Northwest",393.0298753,"Others",468.124719169408,"kano_gwarzo"
271,163647,"Gwer East","Benue","North-Central",2293.945926,"Others",71.3386475876328,"benue_gwer_east"
272,122145,"Gwer West","Benue","North-Central",1093.949065,"113",111.655107086727,"benue_gwer_west"
273,124517,"Gwiwa","Jigawa","Northwest",450.2423204,"Others",276.555522122793,"jigawa_gwiwa"
274,276312,"Gwoza","Borno","Northeast",2877.717929,"Others",96.0177497646608,"borno_gwoza"
275,105628,"Hadejia","Jigawa","Northwest",32.46903988,"Others",3253.19135984258,"jigawa_hadejia"
276,120314,"Hawul","Borno","Northeast",2095.253027,"Others",57.422181688608,"borno_hawul"
277,169126,"Hong","Adamawa","Northeast",2621.70324,"Others",64.509971006482,"adamawa_hong"
278,306795,"Ibadan North","Oyo","Southwest",27.29787875,"Others",11238.7853580015,"oyo_ibadan_north"
279,330399,"Ibadan North East","Oyo","Southwest",17.90617077,"Others",18451.6837376281,"oyo_ibadan_north_east"
280,152834,"Ibadan North West","Oyo","Southwest",25.98089141,"Others",5882.55412749905,"oyo_ibadan_north_west"
281,266046,"Ibadan South East","Oyo","Southwest",16.87535101,"Others",15765.3609600385,"oyo_ibadan_south_east"
282,282585,"Ibadan South West","Oyo","Southwest",40.37622405,"Others",6998.79710519885,"oyo_ibadan_south_west"
283,128129,"Ibaji","Kogi","North-Central",1377.374211,"Others",93.0241026561517,"kogi_ibaji"
284,102979,"Ibarapa Central","Oyo","Southwest",440.6734031,"Others",233.685535082387,"oyo_ibarapa_central"
285,118226,"Ibarapa East","Oyo","Southwest",838.8874459,"Others",140.931898048804,"oyo_ibarapa_east"
286,101092,"Ibarapa North","Oyo","Southwest",1219.702735,"113",82.8824902159459,"oyo_ibarapa_north"
287,117481,"Ibeju/lekki","Lagos","Southwest",455.3042673,"113",258.027452052392,"lagos_ibeju_lekki"
288,75380,"Ibeno","Akwa Ibom","South-South",243.2822484,"Others",309.845870365608,"akwa_ibom_ibeno"
289,137101,"Ibesikpo-Asutan","Akwa Ibom","South-South",154.4795722,"Others",887.502457752145,"akwa_ibom_ibesikpo_asutan"
290,84054,"Ibi","Taraba","Northeast",2670.165966,"148",31.4789421595077,"taraba_ibi"
291,189640,"Ibiono-Ibom","Akwa Ibom","South-South",336.9332489,"148",562.841454855303,"akwa_ibom_ibiono_ibom"
292,79815,"Idah","Kogi","North-Central",35.86498674,"Others",2225.42951370962,"kogi_idah"
293,129024,"Idanre","Ondo","Southwest",1915.218309,"Others",67.3677770276579,"ondo_idanre"
294,158406,"Ideato North","Imo","Southeast",190.2519118,"Others",832.611869711577,"imo_ideato_north"
295,159879,"Ideato South","Imo","Southeast",88.49410163,"Others",1806.66278379168,"imo_ideato_south"
296,430783,"Idemili North","Anambra","Southeast",115.4812102,"Others",3730.32980217244,"anambra_idemili_north"
297,207683,"Idemili South","Anambra","Southeast",137.0704782,"Others",1515.15485119246,"anambra_idemili_south"
298,103261,"Ido","Oyo","Southwest",987.3803117,"148",104.580776805457,"oyo_ido"
299,159114,"Ido Osi","Ekiti","Southwest",231.7622731,"Others",686.539693763471,"ekiti_ido_osi"
300,427878,"Ifako-Ijaye","Lagos","Southwest",26.65039245,"Others",16055.2232318065,"lagos_ifako_ijaye"
301,37058,"Ifedayo","Osun","Southwest",128.34704,"148",288.732798200878,"osun_ifedayo"
302,176327,"Ifedore","Ondo","Southwest",295.5063647,"148",596.694423752965,"ondo_ifedore"
303,206042,"Ifelodun","Kwara","North-Central",3438.212687,"113",59.9270664025678,"kwara_ifelodun"
304,96748,"Ifelodun","Osun","Southwest",114.5308019,"Others",844.733455061926,"osun_ifelodun"
305,524837,"Ifo","Ogun","Southwest",521.9265769,"Others",1005.57630752832,"ogun_ifo"
306,430229,"Igabi","Kaduna","Northwest",3727.482972,"Others",115.420782128794,"kaduna_igabi"
307,148020,"Igalamela-Odolu","Kogi","North-Central",2175.41586,"148",68.0421627522749,"kogi_igalamela_odolu"
308,209248,"Igbo Etiti","Enugu","Southeast",325.4243512,"113",643.000436901539,"enugu_igbo_etiti"
309,259431,"Igbo Eze - North","Enugu","Southeast",293.282841,"Others",884.576128338855,"enugu_igbo_eze_north"
310,147328,"Igbo-Eze South","Enugu","Southeast",157.804741,"Others",933.609466143986,"enugu_igbo_eze_south"
311,69639,"Iguegben","Edo","South-South",380.2498975,"Others",183.140088814883,"edo_iguegben"
312,302158,"Ihiala","Anambra","Southeast",251.8348016,"Others",1199.82622767099,"anambra_ihiala"
313,120744,"Ihitte/Uboma","Imo","Southeast",103.9749319,"Others",1161.27991424056,"imo_ihitte_uboma"
314,290615,"ijaye","Ondo","Southwest",1319.392871,"Others",220.26418846703,"ondo_ijaye"
315,110196,"Ijebu East","Ogun","Southwest",2236.583066,"Others",49.2697998456544,"ogun_ijebu_east"
316,284336,"Ijebu North","Ogun","Southwest",967.9979216,"Others",293.736167873193,"ogun_ijebu_north"
317,67634,"Ijebu North East","Ogun","Southwest",118.1602525,"Others",572.392141765269,"ogun_ijebu_north_east"
318,154032,"Ijebu-ode","Ogun","Southwest",191.9014879,"Others",802.661832826779,"ogun_ijebu_ode"
319,221405,"Ijero","Ekiti","Southwest",391.1449345,"113",566.043377969401,"ekiti_ijero"
320,119929,"Ijumu","Kogi","North-Central",1306.333111,"Others",91.8058334356956,"kogi_ijumu"
321,72939,"Ika","Akwa Ibom","South-South",112.7666613,"Others",646.813509942943,"akwa_ibom_ika"
322,183657,"Ika North","Delta","South-South",463.11865,"Others",396.565761279534,"delta_ika_north"
323,193926,"Ikara","Kaduna","Northwest",852.9789685,"113",227.351443777128,"kaduna_ikara"
324,162594,"Ika South","Delta","South-South",435.8570098,"Others",373.044361669459,"delta_ika_south"
325,149316,"Ikeduru","Imo","Southeast",178.761578,"148",835.280162944187,"imo_ikeduru"
326,313196,"Ikeja","Lagos","Southwest",46.22704785,"113",6775.1676684238,"lagos_ikeja"
327,118735,"Ikenne","Ogun","Southwest",143.9043352,"113",825.096754972535,"ogun_ikenne"
328,147355,"Ikere","Ekiti","Southwest",262.8659453,"Others",560.570901764505,"ekiti_ikere"
329,168436,"Ikole","Ekiti","Southwest",1073.271679,"113",156.93696507201,"ekiti_ikole"
330,162383,"Ikom","Cross River","South-South",1960.78659,"Others",82.815233859795,"cross_river_ikom"
331,131904,"Ikono","Akwa Ibom","South-South",258.9647779,"Others",509.351121297797,"akwa_ibom_ikono"
332,535619,"Ikorodu","Lagos","Southwest",394.4667107,"Others",1357.83067486105,"lagos_ikorodu"
333,132023,"Ikot-Abasi","Akwa Ibom","South-South",359.5677943,"Others",367.171370998395,"akwa_ibom_ikot_abasi"
334,143077,"Ikot-Ekpene","Akwa Ibom","South-South",115.858655,"Others",1234.92716189395,"akwa_ibom_ikot_ekpene"
335,371106,"Ikpoba-Okha","Edo","South-South",862.9547205,"Others",430.041103182076,"edo_ikpoba_okha"
336,189726,"Ikwerre","Rivers","South-South",655.7053418,"Others",289.346430332833,"rivers_ikwerre"
337,214604,"Ikwo","Ebonyi","Southeast",577.0883626,"113",371.873726638895,"ebonyi_ikwo"
338,137993,"Ikwuano","Abia","Southeast",281.516886,"113",490.17663544346,"abia_ikwuano"
339,62049,"Ila","Osun","Southwest",303.033354,"Others",204.759638439008,"osun_ila"
340,43530,"Ilejemeje","Ekiti","Southwest",95.00090309,"Others",458.206170511468,"ekiti_ilejemeje"
341,172870,"Ile Oluji Okeigbo","Ondo","Southwest",698.2742342,"113",247.567490726697,"ondo_ile_oluji_okeigbo"
342,106586,"Ilesha-East","Osun","Southwest",70.63900163,"Others",1508.88316001813,"osun_ilesha_east"
343,103555,"Ilesha-West","Osun","Southwest",62.88933406,"Others",1646.62261968306,"osun_ilesha_west"
344,150489,"Illela","Sokoto","Northwest",1246.748775,"113",120.705151685431,"sokoto_illela"
345,204310,"Ilorin East","Kwara","North-Central",486.3142165,"148",420.119324231189,"kwara_ilorin_east"
346,208691,"Ilorin South","Kwara","North-Central",174.6443191,"Others",1194.94868814201,"kwara_ilorin_south"
347,364666,"Ilorin west","Kwara","North-Central",104.6956114,"Others",3483.1068382299,"kwara_ilorin_west"
348,82217,"Imeko Afon","Ogun","Southwest",1657.508241,"Others",49.602769968973,"ogun_imeko_afon"
349,169753,"Ingawa","Katsina","Northwest",892.4487239,"Others",190.210367782453,"katsina_ingawa"
350,99196,"Ini","Akwa Ibom","South-South",372.3852151,"148",266.380070898792,"akwa_ibom_ini"
351,150426,"Ipokia","Ogun","Southwest",630.3391939,"Others",238.642942491474,"ogun_ipokia"
352,145166,"Irele","Ondo","Southwest",963.4698225,"Others",150.670001913838,"ondo_irele"
353,122553,"Irepo","Oyo","Southwest",985.5253766,"148",124.352962297937,"oyo_irepo"
354,119497,"Irepodun","Osun","Southwest",64.27142951,"Others",1859.25536293552,"osun_irepodun"
355,148610,"Irepodun","Kwara","North-Central",737.4093939,"Others",201.529843841606,"kwara_irepodun"
356,129149,"Irepodun/Ifelodun","Ekiti","Southwest",356.5173426,"Others",362.251662312261,"ekiti_irepodun_ifelodun"
357,143599,"Irewole","Osun","Southwest",271.084458,"Others",529.72051979461,"osun_irewole"
358,146103,"Isa","Sokoto","Northwest",2158.798121,"Others",67.6779355043732,"sokoto_isa"
359,113754,"Ise/Orun","Ekiti","Southwest",432.2732446,"Others",263.152997371515,"ekiti_ise_orun"
360,256926,"Iseyin","Oyo","Southwest",1350.121667,"Others",190.298405158474,"oyo_iseyin"
361,151048,"Ishielu","Ebonyi","Southeast",872.4397666,"148",173.132869205002,"ebonyi_ishielu"
362,198736,"Isiala Mbano","Imo","Southeast",165.6060344,"Others",1200.05288889401,"imo_isiala_mbano"
363,153734,"Isiala Ngwa North","Abia","Southeast",283.0211843,"148",543.18902092164,"abia_isiala_ngwa_north"
364,134762,"Isiala Ngwa South","Abia","Southeast",258.0980277,"148",522.134946945974,"abia_isiala_ngwa_south"
365,59738,"Isin","Kwara","North-Central",633.6753103,"Others",94.2722543059447,"kwara_isin"
366,148415,"Isi-Uzo","Enugu","Southeast",877.1684236,"113",169.197837048087,"enugu_isi_uzo"
367,103177,"Isokan","Osun","Southwest",179.4122024,"Others",575.083515055273,"osun_isokan"
368,144155,"Isoko north","Delta","South-South",477.7137096,"Others",301.760232338118,"delta_isoko_north"
369,227712,"Isoko South","Delta","South-South",704.3555502,"Others",323.29126949499,"delta_isoko_south"
370,164468,"Isu","Imo","Southeast",40.06010362,"148",4105.53106801974,"imo_isu"
371,114442,"Isuikwuato","Abia","Southeast",393.5685881,"Others",290.780320026257,"abia_isuikwuato"
372,229969,"Itas/Gadau","Bauchi","Northeast",1397.383052,"113",164.571195901408,"bauchi_itas_gadau"
373,128652,"Itesiwaju","Oyo","Southwest",1515.678615,"Others",84.8807911695713,"oyo_itesiwaju"
374,127033,"Itu","Akwa Ibom","South-South",174.6557249,"Others",727.33373081663,"akwa_ibom_itu"
375,120919,"Ivo","Ebonyi","Southeast",244.8451009,"Others",493.859176906243,"ebonyi_ivo"
376,102980,"Iwajowa","Oyo","Southwest",2533.069846,"148",40.6542283714035,"oyo_iwajowa"
377,191377,"Iwo","Osun","Southwest",214.7339277,"Others",891.228517308958,"osun_iwo"
378,234072,"Izzi","Ebonyi","Southeast",1068.643936,"113",219.036474277996,"ebonyi_izzi"
379,155377,"Jaba","Kaduna","Northwest",368.3228501,"Others",421.850015435684,"kaduna_jaba"
380,168473,"Jada","Adamawa","Northeast",2790.615366,"Others",60.3712722479147,"adamawa_jada"
381,229094,"Jahun","Jigawa","Northwest",1171.046568,"Others",195.631844420383,"jigawa_jahun"
382,229083,"Jakusko","Yobe","Northeast",3937.348312,"Others",58.1820509254453,"yobe_jakusko"
383,139845,"Jalingo","Taraba","Northeast",190.568538,"Others",733.830471008808,"taraba_jalingo"
384,117883,"Jama'are","Bauchi","Northeast",492.3779499,"Others",239.415676562977,"bauchi_jama_are"
385,193352,"Jega","Kebbi","Northwest",891.9516804,"Others",216.774074480459,"kebbi_jega"
386,278735,"Jema'a","Kaduna","Northwest",1661.122975,"Others",167.799136003161,"kaduna_jema_a"
387,211204,"Jere","Borno","Northeast",866.3309927,"Others",243.79134739456,"borno_jere"
388,169748,"Jibia","Katsina","Northwest",1037.127793,"Others",163.67124779193,"katsina_jibia"
389,85602,"Jos East","Plateau","North-Central",1019.20617,"Others",83.9888950044327,"plateau_jos_east"
390,429300,"Jos North","Plateau","North-Central",291.4070485,"Others",1473.19703558921,"plateau_jos_north"
391,306716,"Jos South","Plateau","North-Central",509.7119431,"Others",601.743796966173,"plateau_jos_south"
392,145446,"Kabba/Bunu","Kogi","North-Central",2707.241995,"113",53.7247871703468,"kogi_kabba_bunu"
393,153828,"Kabo","Kano","Northwest",340.7349653,"Others",451.459391214994,"kano_kabo"
394,244274,"Kachia","Kaduna","Northwest",4632.784768,"113",52.7272498578548,"kaduna_kachia"
395,357694,"Kaduna North","Kaduna","Northwest",72.42071524,"Others",4939.1116728772,"kaduna_kaduna_north"
396,402390,"kaduna South","Kaduna","Northwest",59.34320031,"Others",6780.72631570213,"kaduna_kaduna_south"
397,271058,"Kafin-Hausa","Jigawa","Northwest",1379.353275,"Others",196.510933720007,"jigawa_kafin_hausa"
398,202884,"Kafur","Katsina","Northwest",1106.438998,"Others",183.366638709168,"katsina_kafur"
399,90015,"Kaga","Borno","Northeast",2696.505367,"Others",33.3820956196154,"borno_kaga"
400,240943,"Kagarko","Kaduna","Northwest",1863.852845,"148",129.271471536156,"kaduna_kagarko"
401,124164,"Kaiama","Kwara","North-Central",6978.569934,"113",17.7921839537734,"kwara_kaiama"
402,184401,"Kaita","Katsina","Northwest",925.0114838,"113",199.349957518873,"katsina_kaita"
403,200997,"Kajola","Oyo","Southwest",609.6093244,"Others",329.714444899327,"oyo_kajola"
404,110868,"Kajuru","Kaduna","Northwest",2810.183518,"Others",39.4522276889961,"kaduna_kajuru"
405,60797,"Kala/Balge","Borno","Northeast",1892.403207,"113",32.1268743231421,"borno_kala_balge"
406,85403,"Kalgo","Kebbi","Northwest",1174.63058,"148",72.7062631044392,"kebbi_kalgo"
407,149805,"Kaltungo","Gombe","Northeast",880.453216,"Others",170.1453266087,"gombe_kaltungo"
408,165898,"Kanam","Plateau","North-Central",2597.924251,"Others",63.857904993243,"plateau_kanam"
409,245739,"Kankara","Katsina","Northwest",1462.354682,"Others",168.043363914911,"katsina_kankara"
410,121424,"Kanke","Plateau","North-Central",925.606193,"113",131.183219082027,"plateau_kanke"
411,151434,"Kankia","Katsina","Northwest",823.9709605,"Others",183.78560320634,"katsina_kankia"
412,365525,"Kano-Municipal","Kano","Northwest",17.38827426,"Others",21021.3500508704,"kano_kano_municipal"
413,106992,"Karasuwa","Yobe","Northeast",1160.996676,"113",92.1553026048457,"yobe_karasuwa"
414,141407,"Karaye","Kano","Northwest",478.6999113,"Others",295.398007524135,"kano_karaye"
415,195844,"Karin Lamido","Taraba","Northeast",6613.987032,"113",29.6105811899028,"taraba_karin_lamido"
416,205477,"Karu","Nasarawa","North-Central",2640.100178,"Others",77.8292436447084,"nasarawa_karu"
417,295970,"Katagum","Bauchi","Northeast",1435.213545,"Others",206.220183073871,"bauchi_katagum"
418,122176,"Katcha","Niger","North-Central",1682.247604,"148",72.6266452747464,"niger_katcha"
419,318459,"Katsina","Katsina","Northwest",142.0670733,"Others",2241.61019582291,"katsina_katsina"
420,224718,"Katsina-Ala","Benue","North-Central",2400.8557,"148",93.5991280109004,"benue_katsina_ala"
421,222579,"Kaura","Kaduna","Northwest",484.9275446,"Others",458.994343543833,"kaduna_kaura"
422,281367,"Kaura Namoda","Zamfara","Northwest",868.045788,"Others",324.138431278236,"zamfara_kaura_namoda"
423,17008,"Kauru","Kaduna","Northwest",2464.394547,"148",6.90149230394316,"kaduna_kauru"
424,161494,"Kazaure","Jigawa","Northwest",368.3112135,"Others",438.471580773633,"jigawa_kazaure"
425,79253,"Keana","Nasarawa","North-Central",1048.193202,"Others",75.6091528248625,"nasarawa_keana"
426,124658,"Kebbe","Sokoto","Northwest",2620.595025,"Others",47.5685860694939,"sokoto_kebbe"
427,92664,"Keffi","Nasarawa","North-Central",138.1410914,"Others",670.792441705003,"nasarawa_keffi"
428,294217,"Khana","Rivers","South-South",560.3552633,"113",525.054406141062,"rivers_khana"
429,136736,"Kibiya","Kano","Northwest",403.5965819,"Others",338.793751315464,"kano_kibiya"
430,147618,"Kirfi","Bauchi","Northeast",2369.105824,"113",62.3095846983997,"bauchi_kirfi"
431,191523,"Kiri-Kasama","Jigawa","Northwest",795.9851028,"Others",240.61128697797,"jigawa_kiri_kasama"
432,264781,"Kiru","Kano","Northwest",927.2809215,"Others",285.545613913507,"kano_kiru"
433,172913,"kiyawa","Jigawa","Northwest",1029.769609,"148",167.914258188212,"jigawa_kiyawa"
434,115900,"Kogi","Kogi","North-Central",1498.151317,"148",77.3620118908189,"kogi_kogi"
435,154605,"Koko/Besse","Kebbi","Northwest",1300.406089,"Others",118.889784743233,"kebbi_koko_besse"
436,109749,"Kokona","Nasarawa","North-Central",1844.280559,"148",59.5077573552626,"nasarawa_kokona"
437,77292,"Kolokuma","Bayelsa","South-South",361.0323431,"148",214.086082527491,"bayelsa_kolokuma"
438,156564,"Konduga","Borno","Northeast",5846.136537,"Others",26.7807635023766,"borno_konduga"
439,225672,"Konshisha","Benue","North-Central",1673.096367,"Others",134.882846231176,"benue_konshisha"
440,151944,"Kontagora","Niger","North-Central",2082.100524,"Others",72.9763036167412,"niger_kontagora"
441,665393,"Kosofe","Lagos","Southwest",81.52132353,"Others",8162.19574446843,"lagos_kosofe"
442,127956,"Kuagama","Jigawa","Northwest",882.0306666,"Others",145.069785944334,"jigawa_kuagama"
443,282045,"Kubau","Kaduna","Northwest",2504.901188,"Others",112.597255872274,"kaduna_kubau"
444,138992,"Kudan","Kaduna","Northwest",399.845138,"148",347.614580723,"kaduna_kudan"
445,97367,"Kuje","FCT","North-Central",1644.361659,"Pilot",59.2126430746462,"fct_kuje"
446,203864,"Kukawa","Borno","Northeast",4892.833905,"Others",41.665832921831,"borno_kukawa"
447,295979,"Kumbotso","Kano","Northwest",157.6100022,"Others",1877.92015651656,"kano_kumbotso"
448,91531,"Kurmi","Taraba","Northeast",4350.030595,"Others",21.0414612037918,"taraba_kurmi"
449,111018,"Kunchi","Kano","Northwest",671.0168006,"148",165.447422330904,"kano_kunchi"
450,144601,"Kura","Kano","Northwest",206.4542153,"Others",700.402264927744,"kano_kura"
451,11781,"Kurfi","Katsina","Northwest",572.005611,"Others",20.5959518113888,"katsina_kurfi"
452,99267,"Kusada","Katsina","Northwest",390.0433243,"Others",254.502497070426,"katsina_kusada"
453,85837,"Kwali","FCT","North-Central",1206.43191,"Others",71.1494774703033,"fct_kwali"
454,248697,"Kwande","Benue","North-Central",2890.177878,"148",86.0490289864436,"benue_kwande"
455,195298,"Kwami","Gombe","Northeast",1785.06687,"148",109.406545649464,"gombe_kwami"
456,133899,"Kware","Sokoto","Northwest",554.7082453,"Others",241.386352437549,"sokoto_kware"
457,56500,"Kwaya-Kusar","Borno","Northeast",731.2701577,"Others",77.2628274312526,"borno_kwaya_kusar"
458,330712,"Lafia","Nasarawa","North-Central",2755.832242,"Others",120.004401922517,"nasarawa_lafia"
459,147957,"Lagelu","Oyo","Southwest",338.750336,"113",436.772998507077,"oyo_lagelu"
460,209437,"Lagos Island","Lagos","Southwest",8.673032387,"Others",24148.070784784,"lagos_lagos_island"
461,317720,"Lagos Mainland","Lagos","Southwest",19.49257208,"Others",16299.5421382071,"lagos_lagos_mainland"
462,106305,"Langtang South","Plateau","North-Central",1187.252412,"148",89.5386683788013,"plateau_langtang_south"
463,140643,"Langtang North","Plateau","North-Central",837.941854,"Others",167.843388331334,"plateau_langtan_north"
464,110127,"Lapai","Niger","North-Central",3052.522514,"Others",36.0773751855774,"niger_lapai"
465,112803,"Larmurde","Adamawa","Northeast",1169.199512,"113",96.4788291837741,"adamawa_larmurde"
466,96590,"Lau","Taraba","Northeast",1658.667249,"Others",58.2335004554009,"taraba_lau"
467,209917,"Lavun","Niger","North-Central",2836.913739,"113",73.994847680492,"niger_lavun"
468,331161,"Lere","Kaduna","Northwest",2157.245656,"113",153.511028787535,"kaduna_lere"
469,169063,"Logo","Benue","North-Central",1407.082304,"113",120.151464857027,"benue_logo"
470,195261,"Lokoja","Kogi","North-Central",3181.167851,"Others",61.3802883549888,"kogi_lokoja"
471,61606,"Machina","Yobe","Northeast",1211.865598,"Others",50.8356703100338,"yobe_machina"
472,134827,"Madgali","Adamawa","Northeast",819.4232618,"Others",164.53889739941,"adamawa_madgali"
473,136623,"Madobi","Kano","Northwest",273.4555385,"Others",499.616869160615,"kano_madobi"
474,103518,"Mafa","Borno","Northeast",2863.860303,"148",36.1463161773502,"borno_mafa"
475,181653,"Magama","Niger","North-Central",4110.928854,"Others",44.1878238352991,"niger_magama"
476,140231,"Magumeri","Borno","Northeast",4849.148693,"Others",28.9186842635762,"borno_magumeri"
477,21178,"Mai'Adua","Katsina","Northwest",527.6774376,"Others",40.1343671170071,"katsina_mai_adua"
478,521492,"Maiduguri","Borno","Northeast",132.1589366,"Others",3945.94579387679,"borno_maiduguri"
479,179715,"Maigatari","Jigawa","Northwest",869.9295265,"148",206.585699790016,"jigawa_maigatari"
480,111215,"Maiha","Adamawa","Northeast",1271.281303,"148",87.4826049416067,"adamawa_maiha"
481,175686,"Maiyama","Kebbi","Northwest",1028.87805,"Others",170.754930577049,"kebbi_maiyama"
482,146259,"Makarfi","Kaduna","Northwest",540.5886596,"Others",270.555065117759,"kaduna_makarfi"
483,222399,"Makoda","Kano","Northwest",441.2913488,"Others",503.97317011713,"kano_makoda"
484,161413,"Malam-Maduri","Jigawa","Northwest",765.3381831,"Others",210.90415134679,"jigawa_malam_maduri"
485,182920,"Malumfashi","Katsina","Northwest",674.0145325,"Others",271.388807184213,"katsina_malumfashi"
486,294931,"Mangu","Plateau","North-Central",1652.392569,"Others",178.487246634429,"plateau_mangu"
487,176966,"Mani","Katsina","Northwest",784.4351771,"Others",225.59671616746,"katsina_mani"
488,210852,"Maradun","Zamfara","Northwest",2729.505114,"Others",77.2491683267094,"zamfara_maradun"
489,199430,"Mariga","Niger","North-Central",5555.932327,"Others",35.8949656443503,"niger_mariga"
490,297398,"Makurdi","Benue","North-Central",819.9766276,"Others",362.69082555494,"benue_makurdi"
491,229370,"Marte","Borno","Northeast",3148.690693,"Others",72.8461517385379,"borno_marte"
492,291900,"Maru","Zamfara","Northwest",6657.202419,"113",43.8472471810234,"zamfara_maru"
493,215022,"Mashegu","Niger","North-Central",9189.618326,"Others",23.3983602334868,"niger_mashegu"
494,173134,"Mashi","Katsina","Northwest",904.7329356,"113",191.364758800542,"katsina_mashi"
495,115325,"Matazu","Katsina","Northwest",503.2248054,"Others",229.171930243644,"katsina_matazu"
496,153129,"Mayo-Belwa","Adamawa","Northeast",1766.114066,"Others",86.7039128151081,"adamawa_mayo_belwa"
497,237555,"Mbaitoli","Imo","Southeast",204.0664026,"Others",1164.10637406905,"imo_mbaitoli"
498,104012,"Mbo","Akwa Ibom","South-South",215.1422705,"113",483.456829558745,"akwa_ibom_mbo"
499,155302,"Michika","Adamawa","Northeast",965.6970725,"113",160.818546956919,"adamawa_michika"
500,128424,"Miga","Jigawa","Northwest",585.5921233,"Pilot",219.306228499607,"jigawa_miga"
501,97411,"Mikang","Plateau","North-Central",739.0941768,"113",131.797818272298,"plateau_mikang"
502,213794,"Minjibir","Kano","Northwest",415.9763537,"148",513.957098999399,"kano_minjibir"
503,263487,"Misau","Bauchi","Northeast",1225.552602,"Others",214.99444378806,"bauchi_misau"
504,146496,"Moba","Ekiti","Southwest",199.6412389,"Others",733.796287816966,"ekiti_moba"
505,116654,"Mobbar","Borno","Northeast",2786.205968,"148",41.8684050424803,"borno_mobbar"
506,151072,"Mubi North","Adamawa","Northeast",901.234246,"148",167.627895489449,"adamawa_mubi_north"
507,128937,"Mubi South","Adamawa","Northeast",413.500381,"Others",311.818334213337,"adamawa_mubi_south"
508,244937,"Mokwa","Niger","North-Central",4341.392669,"Others",56.4189924005236,"niger_mokwa"
509,109851,"Monguno","Borno","Northeast",1910.15426,"Others",57.5089678882793,"borno_monguno"
510,44037,"Mopa Muro","Kogi","North-Central",901.915616,"Others",48.8260755427479,"kogi_mopa_muro"
511,108792,"Moro","Kwara","North-Central",3275.667914,"Others",33.2121579037453,"kwara_moro"
512,103651,"Moya","Niger","North-Central",2176.987338,"113",47.6121280958962,"niger_moya"
513,178036,"Mpkat-Enin","Akwa Ibom","South-South",329.5264845,"Others",540.27827314135,"akwa_ibom_mpkat_enin"
514,778567,"Municipal-Area-Council","FCT","North-Central",1769.431546,"Others",440.009675288111,"fct_municipal_area_council"
515,171714,"Musawa","Katsina","Northwest",848.6334685,"113",202.341772241805,"katsina_musawa"
516,633009,"Mushin","Lagos","Southwest",17.50485671,"Others",36161.9069774151,"lagos_mushin"
517,138185,"Nafada","Gombe","Northeast",1584.563756,"148",87.2069675181943,"gombe_nafada"
518,87823,"Nangere","Yobe","Northeast",979.0593379,"148",89.7014068507563,"yobe_nangere"
519,596669,"Nassarawa","Kano","Northwest",34.09781677,"Others",17498.7449790323,"kano_nassarawa"
520,596669,"Nasarawa","Nasarawa","North-Central",5736.162057,"148",104.018853385055,"nasarawa_nasarawa"
521,149129,"Nasarawa-Eggon","Nasarawa","North-Central",1208.153056,"148",123.435519414851,"nasarawa_nasarawa_eggon"
522,103171,"Ndokwa-East","Delta","South-South",1618.051663,"148",63.7624881573389,"delta_ndokwa_east"
523,149325,"Ndokwa-West","Delta","South-South",816.4445634,"Others",182.89667993887,"delta_ndokwa_west"
524,130931,"Nembe","Bayelsa","South-South",760.2754602,"148",172.215212583025,"bayelsa_nembe"
525,237071,"Ngala","Borno","Northeast",1462.471261,"Others",162.103014481048,"borno_ngala"
526,99799,"Nganzai","Borno","Northeast",2463.091012,"Others",40.5177882237345,"borno_nganzai"
527,124766,"Ngaski","Kebbi","Northwest",2635.358073,"148",47.3430921127051,"kebbi_ngaski"
528,159932,"Ngor-Okpala","Imo","Southeast",561.3238092,"113",284.919323532589,"imo_ngor_okpala"
529,150632,"Nguru","Yobe","Northeast",915.5044164,"Others",164.534432932966,"yobe_nguru"
530,387192,"Ningi","Bauchi","Northeast",4623.216777,"148",83.7494797834785,"bauchi_ningi"
531,145110,"Njaba","Imo","Southeast",83.96917055,"148",1728.13425510251,"imo_njaba"
532,148465,"Njikoka","Anambra","Southeast",95.14449554,"Others",1560.41607196901,"anambra_njikoka"
533,148774,"Nkanu East","Enugu","Southeast",794.7336948,"Others",187.199814193659,"enugu_nkanu"
534,146695,"Nkanu West","Enugu","Southeast",224.7961883,"148",652.568894114118,"enugu_nkanu_west"
535,80152,"Nkwerre","Imo","Southeast",38.07506643,"Others",2105.10466599861,"imo_nkwerre"
536,157569,"Nnewi North","Anambra","Southeast",59.85220362,"Others",2632.63489846424,"anambra_nnewi_north"
537,233658,"Nnewi South","Anambra","Southeast",173.958056,"148",1343.18585395091,"anambra_nnewi_south"
538,74595,"Nsit-Atai","Akwa Ibom","South-South",134.3068003,"Others",555.407468820475,"akwa_ibom_nsit_atai"
539,108611,"Nsit-Ibom","Akwa Ibom","South-South",141.8677434,"Others",765.579245831579,"akwa_ibom_nsit_ibom"
540,128231,"Nsit-Ubuim","Akwa Ibom","South-South",205.7718265,"113",623.17083043436,"akwa_ibom_nsit_ubuim"
541,309633,"Nsukka","Enugu","Southeast",484.2060429,"Others",639.465377477634,"enugu_nsukka"
542,90723,"Numan","Adamawa","Northeast",904.2490604,"Others",100.329659131598,"adamawa_numan"
543,128472,"Nwangele","Imo","Southeast",63.28562693,"Pilot",2030.03440484365,"imo_nwangele"
544,228851,"Obafemi-Owode","Ogun","Southwest",1411.679763,"148",162.112545634048,"ogun_obafemi_owode"
545,110324,"Obanliku","Cross River","South-South",1056.104754,"148",104.463122225468,"cross_river_obanliku"
546,148874,"Obi","Nasarawa","North-Central",967.944363,"113",153.804294637955,"nasarawa_obi"
547,98855,"Obi","Benue","North-Central",422.5384962,"Others",233.955014487506,"benue_obi"
548,181439,"Obi Nwa","Abia","Southeast",395.2928851,"113",458.998901419893,"abia_obi_nwa"
549,464789,"Obio/Akpor","Rivers","South-South",259.6788618,"Others",1789.86074098697,"rivers_obio_akpor"
550,116511,"Obokun","Osun","Southwest",527.2962539,"Others",220.959278846111,"osun_obokun"
551,148281,"Obot-Akara","Akwa Ibom","South-South",237.5241582,"Others",624.27755190756,"akwa_ibom_obot_akara"
552,118114,"Obowo","Imo","Southeast",93.28285205,"148",1266.1919892489,"imo_obowo"
553,172444,"Obubra","Cross River","South-South",1114.494737,"148",154.72841124776,"cross_river_obubra"
554,160106,"Obudu","Cross River","South-South",453.1460603,"Others",353.320957692987,"cross_river_obudu"
555,109449,"Odeda","Ogun","Southwest",1562.191301,"113",70.0612018066794,"ogun_odeda"
556,230351,"Odigbo","Ondo","Southwest",1820.171883,"Others",126.554531553546,"ondo_odigbo"
557,127123,"Odogbolu","Ogun","Southwest",541.6180828,"Others",234.709667267409,"ogun_odogbolu"
558,134110,"Odo-otin","Osun","Southwest",294.7509349,"113",454.994315948478,"osun_odo_otin"
559,192444,"Odukpani","Cross River","South-South",1354.442988,"113",142.083499789214,"cross_river_odukpani"
560,89674,"Offa","Kwara","North-Central",95.4916054,"Others",939.077310768513,"kwara_offa"
561,192169,"Ofu","Kogi","North-Central",1680.458991,"Others",114.35506669856,"kogi_ofu"
562,284010,"Ogba/Egbema/Ndoni","Rivers","South-South",969.7606397,"Others",292.866083003595,"rivers_ogba_egbema_ndoni"
563,128707,"Ogbadibo","Benue","North-Central",597.9435825,"Others",215.249404403466,"benue_ogbadibo"
564,221879,"Ogbaru","Anambra","Southeast",453.5161543,"Others",489.241668452735,"anambra_ogbaru"
565,179926,"Ogbia","Bayelsa","South-South",695.165229,"148",258.824798039489,"bayelsa_ogbia"
566,198720,"Ogbomoso North","Oyo","Southwest",184.7151775,"Others",1075.81847192822,"oyo_ogbomoso_north"
567,100815,"Ogbomoso South","Oyo","Southwest",68.34389732,"Others",1475.11341836366,"oyo_ogbomoso_south"
568,74683,"Ogo Bolo","Rivers","South-South",88.70791866,"148",841.89778238677,"rivers_ogo_bolo"
569,171901,"Ogoja","Cross River","South-South",972.2577511,"Others",176.805995946562,"cross_river_ogoja"
570,65184,"Ogo Oluwa","Oyo","Southwest",368.9994548,"148",176.650667506623,"oyo_ogo_oluwa"
571,39622,"Ogori/Magongo","Kogi","North-Central",79.4399695,"Others",498.766556047079,"kogi_ogori_magongo"
572,72935,"Ogun waterside","Ogun","Southwest",1001.581011,"148",72.8198709829574,"ogun_ogun_waterside"
573,143008,"Oguta","Imo","Southeast",483.6417368,"Others",295.689947989617,"imo_oguta"
574,245144,"Ohafia","Abia","Southeast",438.2592552,"113",559.358409643005,"abia_ohafia"
575,182538,"Ohaji/Egbema","Imo","Southeast",890.5895668,"Others",204.963101752788,"imo_ohaji_egbema"
576,148626,"Ohaozara","Ebonyi","Southeast",311.662408,"148",476.881382498976,"ebonyi_ohaozara"
577,196337,"Ohaukwu","Ebonyi","Southeast",516.8795589,"Others",379.850579538946,"ebonyi_ohaukwu"
578,71482,"Ohimini","Benue","North-Central",632.058932,"Others",113.093884732888,"benue_ohimini"
579,182717,"Ohionmwon","Edo","South-South",2383.070819,"113",76.6729207303512,"edo_ohionmwon"
580,126587,"Oji-River","Enugu","Southeast",403.2371531,"148",313.926926194242,"enugu_oji_river"
581,598071,"Ojo","Lagos","Southwest",158.3905153,"Others",3775.92685311505,"lagos_ojo"
582,170236,"Oju","Benue","North-Central",1282.42443,"Others",132.745443721779,"benue_oju"
583,199999,"Okehi","Kogi","North-Central",661.39015,"148",302.391863561923,"kogi_okehi"
584,320260,"Okene","Kogi","North-Central",327.9823093,"Others",976.455104189975,"kogi_okene"
585,57619,"Oke-Ero","Kwara","North-Central",438.0978846,"148",131.52083592599,"kwara_oke_ero"
586,132237,"Okigwe","Imo","Southeast",320.3747651,"Others",412.757228112908,"imo_okigwe"
587,233565,"Okitipupa","Ondo","Southwest",804.0500277,"Others",290.485656306881,"ondo_okitipupa"
588,104057,"Okobo","Akwa Ibom","South-South",299.4975974,"Others",347.438513374866,"akwa_ibom_okobo"
589,130029,"Okpe","Delta","South-South",445.3813938,"Others",291.94978014369,"delta_okpe"
590,222026,"Okrika","Rivers","South-South",222.0710514,"148",999.797130694361,"rivers_okrika"
591,160152,"Olamabolo","Kogi","North-Central",1132.022936,"Others",141.474165325569,"kogi_olamabolo"
592,76593,"Ola-oluwa","Osun","Southwest",328.1136164,"148",233.434384224476,"osun_ola_oluwa"
593,131761,"Olorunda","Osun","Southwest",96.80194761,"Others",1361.13996932009,"osun_olorunda"
594,81759,"Olorunsogo","Oyo","Southwest",1070.286859,"Others",76.3898008393654,"oyo_olorunsogo"
595,202725,"Oluyole","Oyo","Southwest",629.606662,"Others",321.9867454325,"oyo_oluyole"
596,108402,"Omala","Kogi","North-Central",1666.86705,"113",65.033381036598,"kogi_omala"
597,100366,"Omuma","Rivers","South-South",170.0078535,"113",590.360962354013,"rivers_omuma"
598,265059,"Ona-ara","Oyo","Southwest",289.8727639,"Others",914.39773931793,"oyo_ona_ara"
599,74758,"Ondo East","Ondo","Southwest",354.2360332,"113",211.040077782804,"ondo_ondo_east"
600,283672,"Ondo west","Ondo","Southwest",971.3875536,"Others",292.027624760787,"ondo_ondo_west"
601,236828,"Onicha","Ebonyi","Southeast",476.231073,"Others",497.296403840494,"ebonyi_onicha"
602,124942,"Onitsha North","Anambra","Southeast",42.14007024,"Others",2964.92149368567,"anambra_onitsha_north"
603,136662,"Onitsha","Anambra","Southeast",10.01234052,"Others",13649.3559849481,"anambra_onitsha"
604,123373,"Onna","Akwa Ibom","South-South",162.1015364,"Others",761.08470493189,"akwa_ibom_onna"
605,176647,"Okpokwu","Benue","North-Central",731.1503433,"148",241.601473101572,"benue_okpokwu"
606,151511,"Opobo/Nkoro","Rivers","South-South",130.1289695,"Others",1164.31414605185,"rivers_opobo_nkoro"
607,374671,"Oredo","Edo","South-South",249.3820332,"Others",1502.39772766437,"edo_oredo"
608,104441,"Orelope","Oyo","Southwest",918.3821959,"Others",113.72280567531,"oyo_orelope"
609,148617,"Oriade","Osun","Southwest",465.7959189,"Others",319.060330865428,"osun_oriade"
610,150628,"OriIre","Oyo","Southwest",2118.700884,"113",71.0945094409089,"oyo_oriire"
611,142717,"Orlu","Imo","Southeast",131.6468538,"Others",1084.08971335402,"imo_orlu"
612,103077,"Orolu","Osun","Southwest",79.7033529,"Others",1293.25801549812,"osun_orolu"
613,87461,"Oron","Akwa Ibom","South-South",53.64798335,"Others",1630.27563271863,"akwa_ibom_oron"
614,120003,"Orsu","Imo","Southeast",55.85168391,"Others",2148.60128825076,"imo_orsu"
615,111822,"Oru East","Imo","Southeast",135.7261064,"Others",823.879819188566,"imo_oru_east"
616,172654,"Oruk Anam","Akwa Ibom","South-South",523.5944915,"113",329.74754853776,"akwa_ibom_oruk_anam"
617,172405,"Orumba North","Anambra","Southeast",297.2528423,"Others",579.99445410181,"anambra_orumba_north"
618,187198,"Orumba South","Anambra","Southeast",192.3580533,"113",973.174747760873,"anambra_orumba_south"
619,117492,"Oru West","Imo","Southeast",93.32033027,"Others",1259.01826172352,"imo_oru_west"
620,144901,"Ose","Ondo","Southwest",1465.905668,"148",98.8474246079523,"ondo_ose"
621,115316,"Oshimili North","Delta","South-South",509.7564675,"Others",226.217826260341,"delta_oshimili_north"
622,149603,"Oshimili South","Delta","South-South",267.7337215,"Others",558.775335291487,"delta_oshimili_south"
623,621509,"Oshodi-Isolo","Lagos","Southwest",44.82284879,"Others",13865.8968980717,"lagos_oshodi_isolo"
624,219632,"Osisioma Ngwa","Abia","Southeast",197.7711375,"Others",1110.53616203224,"abia_osisioma_ngwa"
625,156694,"Osogbo","Osun","Southwest",46.61160243,"Others",3361.69519671242,"osun_osogbo"
626,261666,"Oturkpo","Benue","North-Central",1269.386497,"Others",206.135799158418,"benue_oturkpo"
627,153849,"Ovia North East","Edo","South-South",2302.510617,"Others",66.8179329398506,"edo_ovia_north_east"
628,135356,"Ovia-South-West","Edo","South-South",2805.720473,"148",48.242867136109,"edo_ovia_south_west"
629,154385,"Owan East","Edo","South-South",1241.134812,"Others",124.390193963877,"edo_owan_east"
630,97388,"Owan West","Edo","South-South",732.0475785,"Others",133.035068840133,"edo_owan_west"
631,127213,"Owerri-Municipal","Imo","Southeast",57.97098254,"Others",2194.4254595344,"imo_owerri_municipal"
632,175395,"Owerri North","Imo","Southeast",198.2641868,"Others",884.652961439428,"imo_owerri_north"
633,99265,"Owerri West","Imo","Southeast",294.6143256,"Others",336.932020524938,"imo_owerri_west"
634,218886,"Owo","Ondo","Southwest",1027.579274,"Others",213.011302911896,"ondo_owo"
635,134210,"Oye","Ekiti","Southwest",507.4410588,"148",264.483919210993,"ekiti_oye"
636,168029,"Oyi","Anambra","Southeast",136.4790225,"Others",1231.17089294804,"anambra_oyi"
637,122687,"Oyigbo","Rivers","South-South",247.7981366,"Others",495.108646430395,"rivers_oyigbo"
638,136236,"Oyo","Oyo","Southwest",526.41231,"Others",258.800938754643,"oyo_oyo"
639,123846,"Oyo East","Oyo","Southwest",144.048124,"Others",859.754341542136,"oyo_oyo_east"
640,94253,"Oyun","Kwara","North-Central",476.8022874,"Others",197.677323475022,"kwara_oyun"
641,158086,"Paikoro","Niger","North-Central",2066.93531,"Others",76.483283843073,"niger_paikoro"
642,191685,"Pankshin","Plateau","North-Central",1522.961775,"148",125.86330343058,"plateau_pankshin"
643,67707,"Patani","Delta","South-South",217.1697872,"Others",311.769886930202,"delta_patani"
644,112317,"Patigi","Kwara","North-Central",2915.204402,"148",38.528001646452,"kwara_patigi"
645,541115,"Port-Harcourt","Rivers","South-South",109.2717906,"Others",4952.01000211302,"rivers_port_harcourt"
646,205876,"Potiskum","Yobe","Northeast",558.2870221,"Others",368.763721616878,"yobe_potiskum"
647,196929,"Qua'an-Pan","Plateau","North-Central",2476.802254,"Others",79.5093753172917,"plateau_qua_an_pan"
648,149165,"Rabah","Sokoto","Northwest",2434.268091,"Others",61.2771455007336,"sokoto_rabah"
649,181929,"Rafi","Niger","North-Central",3681.986721,"148",49.4105529936809,"niger_rafi"
650,145439,"Rano","Kano","Northwest",520.4049643,"Others",279.472737535529,"kano_rano"
651,59911,"Remo North","Ogun","Southwest",199.5865092,"Others",300.175599243358,"ogun_remo_north"
652,176053,"Rijau","Niger","North-Central",3198.330985,"Others",55.0452723078628,"niger_rijau"
653,153744,"Rimi","Katsina","Northwest",452.1943509,"Others",339.995401742645,"katsina_rimi"
654,104790,"Rimin Gado","Kano","Northwest",225.2386748,"Others",465.23981768694,"kano_rimin_gado"
655,192024,"Ringim","Jigawa","Northwest",1056.267941,"148",181.794781935922,"jigawa_ringim"
656,131557,"Riyom","Plateau","North-Central",806.6411699,"113",163.092345034049,"plateau_riyom"
657,227742,"Rogo","Kano","Northwest",801.8394043,"Others",284.024455244647,"kano_rogo"
658,77819,"Roni","Jigawa","Northwest",322.3295014,"Others",241.426861835489,"jigawa_roni"
659,207599,"Sabon-Birni","Sokoto","Northwest",2355.153927,"Others",88.1466801893667,"sokoto_sabon_birni"
660,286871,"Sabon-Gari","Kaduna","Northwest",263.4926649,"Others",1088.72480419473,"kaduna_sabon_gari"
661,136050,"Sabuwa","Katsina","Northwest",642.2049128,"Others",211.848270370317,"katsina_sabuwa"
662,183779,"Safana","Katsina","Northwest",281.5126596,"Others",652.826769002612,"katsina_safana"
663,187146,"Sagbama","Bayelsa","South-South",945.5708439,"113",197.918539057441,"bayelsa_sagbama"
664,89937,"Sakaba","Kebbi","Northwest",1260.680607,"148",71.3400360889346,"kebbi_sakaba"
665,110223,"Saki East","Oyo","Southwest",1571.530212,"Others",70.1373725801461,"oyo_saki_east"
666,278002,"Saki west","Oyo","Southwest",2016.857361,"Others",137.839197444365,"oyo_saki_west"
667,137287,"Sandamu","Katsina","Northwest",1418.598395,"Others",96.7765087595492,"katsina_sandamu"
668,149333,"Sanga","Kaduna","Northwest",1255.506072,"Others",118.942475333564,"kaduna_sanga"
669,171888,"Sapele","Delta","South-South",450.5395605,"Others",381.515886882923,"delta_sapele"
670,224437,"Sardauna","Taraba","Northeast",4598.883866,"148",48.8024935048447,"taraba_sardauna"
671,253412,"Shagamu","Ogun","Southwest",614.7449061,"Others",412.22301719858,"ogun_shagamu"
672,156413,"Shagari","Sokoto","Northwest",1333.181447,"Others",117.323114833295,"sokoto_shagari"
673,127146,"Shanga","Kebbi","Northwest",1643.482315,"Others",77.363777413084,"kebbi_shanga"
674,102317,"Shani","Borno","Northeast",1260.951921,"113",81.1426655497359,"borno_shani"
675,140607,"Shanono","Kano","Northwest",696.6236633,"Others",201.840688749971,"kano_shanono"
676,149069,"Shelleng","Adamawa","Northeast",1357.69013,"148",109.796040131779,"adamawa_shelleng"
677,208017,"Shendam","Plateau","North-Central",2475.857797,"Others",84.0181533253059,"plateau_shendam"
678,135649,"Shinkafi","Zamfara","Northwest",674.5766761,"Others",201.087592865264,"zamfara_shinkafi"
679,234014,"Shira","Bauchi","Northeast",1319.951682,"148",177.289822946716,"bauchi_shira"
680,235404,"Shiroro","Niger","North-Central",5017.363372,"Others",46.9178695156305,"niger_shiroro"
681,151520,"Shongom","Gombe","Northeast",920.9503452,"148",164.525699772766,"gombe_shongom"
682,402673,"Shomolu","Lagos","Southwest",11.56664488,"Others",34813.2932391022,"lagos_shomolu"
683,104378,"Silame","Sokoto","Northwest",790.7830422,"Others",131.993219922388,"sokoto_silame"
684,293270,"Soba","Kaduna","Northwest",2233.615899,"Others",131.298313255783,"kaduna_soba"
685,232846,"Sokoto North","Sokoto","Northwest",50.9355555,"Others",4571.38432504187,"sokoto_sokoto_north"
686,194914,"Sokoto South","Sokoto","Northwest",41.13577492,"Others",4738.30869551053,"sokoto_sokoto_south"
687,192697,"Song","Adamawa","Northeast",4249.844952,"Pilot",45.3421247542962,"adamawa_song"
688,319413,"Southern Ijaw","Bayelsa","South-South",2683.720281,"113",119.018737631249,"bayelsa_southern_ijaw"
689,216578,"Suleja","Niger","North-Central",118.9960649,"Others",1820.04337859411,"niger_suleja"
690,130849,"Sule Tankakar","Jigawa","Northwest",1282.426676,"113",102.032344186827,"jigawa_sule_tankakar"
691,253661,"Sumaila","Kano","Northwest",1250.13163,"148",202.907433035672,"kano_sumaila"
692,150230,"Suru","Kebbi","Northwest",1353.288897,"113",111.011034179792,"kebbi_suru"
693,142070,"Surulere","Oyo","Southwest",851.9419917,"Others",166.760180134457,"oyo_surulere"
694,503975,"Surulere","Lagos","Southwest",23.03237442,"Others",21881.1569667076,"lagos_surulere"
695,83544,"Tafa","Niger","North-Central",221.6531091,"Others",376.913278316835,"niger_tafa"
696,219988,"Tafawa-Balewa","Bauchi","Northeast",2513.491868,"Others",87.5228612436474,"bauchi_tafawa_balewa"
697,117797,"Tai","Rivers","South-South",158.5865754,"Others",742.793011973951,"rivers_tai"
698,202743,"Takai","Kano","Northwest",597.7212688,"113",339.193216943797,"kano_takai"
699,135349,"Takum","Taraba","Northeast",2501.922898,"113",54.0979900332644,"taraba_takum"
700,215178,"Talata-Mafara","Zamfara","Northwest",1430.84328,"Others",150.385442632124,"zamfara_talata_mafara"
701,224931,"Tambuwal","Sokoto","Northwest",1718.84649,"113",130.861598931967,"sokoto_tambuwal"
702,113853,"Tangaza","Sokoto","Northwest",2479.3438,"148",45.9206181893774,"sokoto_tangaza"
703,221367,"Tarauni","Kano","Northwest",28.38943101,"Others",7797.51450185898,"kano_tarauni"
704,79494,"Tarka","Benue","North-Central",370.7770313,"Others",214.398393884546,"benue_tarka"
705,77204,"Tarmuwa","Yobe","Northeast",4588.744031,"148",16.8246473279913,"yobe_tarmuwa"
706,131757,"Taura","Jigawa","Northwest",652.3742118,"Others",201.96537143377,"jigawa_taura"
707,52040,"Teungo","Adamawa","Northeast",5472.009653,"Others",9.51021714142433,"adamawa_teungo"
708,97734,"Tofa","Kano","Northwest",201.608025,"Others",484.772369552254,"kano_tofa"
709,350404,"Toro","Bauchi","Northeast",6929.181605,"148",50.5693197227149,"bauchi_toro"
710,119077,"Toto","Nasarawa","North-Central",2903.582005,"113",41.0103795225856,"nasarawa_toto"
711,266008,"Tsafe","Zamfara","Northwest",1698.926609,"148",156.574156052906,"zamfara_tsafe"
712,157680,"Tsanyawa","Kano","Northwest",491.9089671,"Others",320.54711449882,"kano_tsanyawa"
713,231742,"Tudun-Wada","Kano","Northwest",1204.065909,"Others",192.466208259701,"kano_tudun_wada"
714,68370,"Tureta","Sokoto","Northwest",2385.112582,"148",28.6653135436774,"sokoto_tureta"
715,178466,"Udenu","Enugu","Southeast",248.2215213,"Others",718.978753596093,"enugu_udenu"
716,234002,"Udi","Enugu","Southeast",897.2235011,"Others",260.806810915132,"enugu_udi"
717,143361,"Udu","Delta","South-South",130.8391094,"148",1095.70449277301,"delta_udu"
718,53278,"Udung Uko","Akwa Ibom","South-South",60.47341931,"148",881.015173408424,"akwa_ibom_udung_uko"
719,321028,"Ughelli North","Delta","South-South",818.680416,"Others",392.128593436392,"delta_ughelli_north"
720,213576,"Ughelli South","Delta","South-South",786.2731833,"Others",271.630782450978,"delta_ughelli_south"
721,82618,"Ugwunagbo","Abia","Southeast",107.8673543,"Others",765.922187821751,"abia_ugwunagbo"
722,120813,"Uhunmwonde","Edo","South-South",2034.487419,"Others",59.3825249897011,"edo_uhunmwonde"
723,127033,"Ukanafun","Akwa Ibom","South-South",246.4012564,"Others",515.553377673443,"akwa_ibom_ukanafun"
724,216930,"Ukum","Benue","North-Central",1513.442469,"Others",143.335478185263,"benue_ukum"
725,58865,"Ukwa East","Abia","Southeast",280.0866854,"148",210.16707708163,"abia_ukwa_east"
726,88555,"Ukwa West","Abia","Southeast",270.7246871,"148",327.103527013366,"abia_ukwa_west"
727,120390,"Ukwuani","Delta","South-South",409.3372608,"113",294.109555931244,"delta_ukwuani"
728,220660,"Umuahia North","Abia","Southeast",244.5984573,"Others",902.131609642004,"abia_umuahia_north"
729,138570,"Umuahia South","Abia","Southeast",140.4096165,"Others",986.898215764303,"abia_umuahia_south"
730,163928,"Umu-Neochi","Abia","Southeast",368.4908197,"148",444.863185827693,"abia_umu_neochi"
731,369657,"Ungogo","Kano","Northwest",204.4089753,"Others",1808.41863454124,"kano_ungogo"
732,99247,"Unuimo","Imo","Southeast",86.74752662,"113",1144.09025671423,"imo_unuimo"
733,118300,"Uruan","Akwa Ibom","South-South",346.5393559,"Others",341.375367576252,"akwa_ibom_uruan"
734,71159,"Urue Offong/Oruko","Akwa Ibom","South-South",127.0164771,"Others",560.234401273597,"akwa_ibom_urue_offong_oruko"
735,188341,"Ushongo","Benue","North-Central",1227.608696,"Others",153.421037675673,"benue_ushongo"
736,92017,"Ussa","Taraba","Northeast",1494.314869,"Others",61.578052864841,"taraba_ussa"
737,191472,"Uvwie","Delta","South-South",95.22118617,"Others",2010.81301022823,"delta_uvwie"
738,309573,"Uyo","Akwa Ibom","South-South",186.5181455,"Others",1659.74736222112,"akwa_ibom_uyo"
739,124480,"Uzo Uwani","Enugu","Southeast",854.9982898,"148",145.590934490779,"enugu_uzo_uwani"
740,230120,"Vandeikya","Benue","North-Central",930.9152882,"148",247.197573094922,"benue_vandeikya"
741,179619,"Wammako","Sokoto","Northwest",697.4329198,"Others",257.543048084837,"sokoto_wammako"
742,72894,"Wamba","Nasarawa","North-Central",1155.882713,"113",63.0634918060237,"nasarawa_wamba"
743,128787,"Warawa","Kano","Northwest",359.9611076,"148",357.780319264692,"kano_warawa"
744,114720,"Warji","Bauchi","Northeast",624.9815171,"Others",183.557428277746,"bauchi_warji"
745,137300,"Warri North","Delta","South-South",1842.139974,"Others",74.5328812890741,"delta_warri_north"
746,303417,"Warri South","Delta","South-South",633.7679843,"Others",478.750911242583,"delta_warri_south"
747,116681,"Warri South West","Delta","South-South",1723.109198,"113",67.7153834100768,"delta_warri_south_west"
748,265203,"Wasagu/Danko","Kebbi","Northwest",4018.531628,"Others",65.9950012965283,"kebbi_wasagu_danko"
749,161714,"Wase","Plateau","North-Central",5027.776452,"Others",32.1641189786137,"plateau_wase"
750,185189,"Wudil","Kano","Northwest",361.7213222,"Others",511.965949017533,"kano_wudil"
751,241546,"Wukari","Taraba","Northeast",4305.316121,"Others",56.1041264361085,"taraba_wukari"
752,162307,"Wurno","Sokoto","Northwest",684.995827,"Others",236.94596901537,"sokoto_wurno"
753,81783,"Wushishi","Niger","North-Central",1880.272354,"113",43.4952946183668,"niger_wushishi"
754,115011,"Yabo","Sokoto","Northwest",789.3883696,"Others",145.696344700744,"sokoto_yabo"
755,149023,"Yagba East","Kogi","North-Central",1397.065119,"Others",106.668614063365,"kogi_yagba_east"
756,140150,"Yagba West","Kogi","North-Central",1277.235686,"Others",109.72916082459,"kogi_yagba_west"
757,196450,"Yakurr","Cross River","South-South",669.587039,"Others",293.389788866567,"cross_river_yakurr"
758,210843,"Yala","Cross River","South-South",1738.744335,"113",121.261645979712,"cross_river_yala"
759,255248,"Yalmatu/Deba","Gombe","Northeast",1978.763409,"148",128.993693151519,"gombe_yalmatu_deba"
760,95759,"Yankwashi","Jigawa","Northwest",371.15931,"Others",257.999725239278,"jigawa_yankwashi"
761,88777,"Yauri","Kebbi","Northwest",1390.464385,"Others",63.8470146792001,"kebbi_yauri"
762,353344,"Yenagoa","Bayelsa","South-South",706.5354993,"Others",500.107921470436,"bayelsa_yenagoa"
763,198247,"Yola North","Adamawa","Northeast",716.6815687,"Others",276.617969064843,"adamawa_yola_north"
764,194607,"Yola South","Adamawa","Northeast",112.5914137,"Others",1728.43553166968,"adamawa_yola_south"
765,89410,"Yorro","Taraba","Northeast",1274.047923,"148",70.177893928406,"taraba_yorro"
766,125821,"Yunusari","Yobe","Northeast",3785.590281,"113",33.2368245532274,"yobe_yunusari"
767,111086,"Yusufari","Yobe","Northeast",3925.016532,"148",28.3020463975972,"yobe_yusufari"
768,191457,"Zakki","Bauchi","Northeast",1475.193111,"Others",129.784364211283,"bauchi_zakki"
769,154743,"Zango","Katsina","Northwest",601.3395364,"Others",257.330494060626,"katsina_zango"
770,316370,"Zangon Kataf","Kaduna","Northwest",2667.340256,"Others",118.608789894108,"kaduna_zangon_kataf"
771,408198,"Zaria","Kaduna","Northwest",299.8297607,"Others",1361.43256442255,"kaduna_zaria"
772,127363,"Zing","Taraba","Northeast",1029.030546,"Others",123.76989244399,"taraba_zing"
773,293837,"Zurmi","Zamfara","Northwest",2835.29893,"113",103.635280531073,"zamfara_zurmi"
774,165547,"Zuru","Kebbi","Northwest",653.5930441,"Others",253.287579319267,"kebbi_zuru"
